[www.sali-group.com/index.html]
[backblue.gif]
[fade.gif]
[index.html]
[www.sali-group.com/uploads/27152/logo.png]
[css02.v15cdn.com/m434/green/style.css]
[css02.v15cdn.com/m434/green/home.css]
[www.sali-group.com/uploads/27152/banner/20251223091958461cbdc25.jpg]
[www.sali-group.com/uploads/27152/favicon.png]
[www.sali-group.com/images/27152/othere28d.css]
[www.sali-group.com/images/27152/homepage.css]
[www.sali-group.com/products.html]
[www.sali-group.com/about-us.html]
[www.sali-group.com/bonded-abrasives/index.html]
[www.sali-group.com/diamond-wheels-bits/index.html]
[www.sali-group.com/company-profile.html]
[www.sali-group.com/saw-blades/index.html]
[www.sali-group.com/wire-brush/index.html]
[www.sali-group.com/coated-abrasives/index.html]
[www.sali-group.com/development-path.html]
[www.sali-group.com/pliers/index.html]
[www.sali-group.com/labor-insurance-tools/index.html]
[www.sali-group.com/explanation-of-the-name-sali.html]
[www.sali-group.com/high-pressure-power-tool/index.html]
[www.sali-group.com/welding-tools/index.html]
[www.sali-group.com/corporate-culture.html]
[www.sali-group.com/company-advantages.html]
[www.sali-group.com/cordless/index.html]
[www.sali-group.com/generator/index.html]
[www.sali-group.com/air-tools/index.html]
[www.sali-group.com/newslist-1.html]
[www.sali-group.com/water-pump/index.html]
[www.sali-group.com/gardening-power-tools/index.html]
[www.sali-group.com/tie-down-strap/index.html]
[www.sali-group.com/newslist-862627-1.html]
[www.sali-group.com/newslist-862628-1.html]
[www.sali-group.com/newslist-862631-1.html]
[www.sali-group.com/newslist-862629-1.html]
[www.sali-group.com/newslist-862630-1.html]
[www.sali-group.com/service-center.html]
[www.sali-group.com/vedio.html]
[www.sali-group.com/catalogs.html]
[www.sali-group.com/inquiry.html]
[www.sali-group.com/contact-us.html]
[www.sali-group.com/partner-grow.html]
[www.sali-group.com/global-market-layout.html]
[www.sali-group.com/sali-agencies-worldwide.html]
[www.sali-group.com/agent-benefits.html]
[www.sali-group.com/cooperation-terms.html]
[www.sali-group.com/franchise-process.html]
[www.sali-group.com/join-us.html]
[www.sali-group.com/uploads/27152/banner/202509100319028e007dc25.jpg]
[www.sali-group.com/uploads/27152/banner/202509100326024c6ccdc25.jpg]
[www.sali-group.com/uploads/27152/banner/202509100335049e5a5dc25.jpg]
[www.sali-group.com/uploads/27152/products/2025091610581516889189f.png]
[www.sali-group.com/info/index.html]
[www.sali-group.com/bonded-abrasives/sali-brad-point-wood-drill-bit.html]
[www.sali-group.com/info/457140/index.html]
[www.sali-group.com/info/457139/index.html]
[www.sali-group.com/info/457138/index.html]
[www.sali-group.com/bonded-abrasives/sali-metal-grinding-wheel-115-6-22-2mm.html]
[www.sali-group.com/info/457142/index.html]
[www.sali-group.com/bonded-abrasives/sali-cutting-disc.html]
[www.sali-group.com/info/457144/index.html]
[www.sali-group.com/info/457145/index.html]
[www.sali-group.com/bonded-abrasives/sali-metal-cutting-disc.html]
[www.sali-group.com/welding-tools/sali-welding-electrode-holder-welding-ground.html]
[www.sali-group.com/info/457143/index.html]
[www.sali-group.com/bonded-abrasives/sali-oxford-cloth-tool-belt-series.html]
[www.sali-group.com/cordless/sali-cordlesselectric-driver-8203f.html]
[www.sali-group.com/cordless/sali-8701f-cordless-pressure-washer.html]
[www.sali-group.com/news/sali-s-2025-a-year-of-deepening-expertise-gl-85380043.html]
[www.sali-group.com/news/sali-hits-1-million-global-user-milestone-fue-85375957.html]
[www.sali-group.com/news/sali-tools-deepens-community-commitment-in-afr-85374238.html]
[www.sali-group.com/uploads/202027152/erwei625764202011174e17.png]
[www.sali-group.com/sitemap.xml]
[www.sali-group.com/showroom/plisher-with-1400w-power/index.html]
[js01.v15cdn.com/jquery-3.6.1.js]
[js01.v15cdn.com/sitescript.js]
[js01.v15cdn.com/count.js]
[js02.v15cdn.com/m434/swiper.js]
[js02.v15cdn.com/m434/style.js]
[js02.v15cdn.com/m434/home.js]
[www.sali-group.com/index.html]
[www.sali-group.com/Content/File_Img/27152/float27152.js]
[css02.v15cdn.com/m434/fonts/iconfont.css]
[css02.v15cdn.com/m434/swiper.css]
[css01.v15cdn.com/toastr.min.css]
[css02.v15cdn.com/m434/green/style.css]
[css01.v15cdn.com/language.css]
[css02.v15cdn.com/m434/green/home.css]
[www.sali-group.com/images/27152/othere28d.css]
[www.sali-group.com/images/27152/homepage.css]
[css02.v15cdn.com/m434/aos.css]
[css02.v15cdn.com/m434/green/page.css]
[css02.v15cdn.com/m434/green/pagemob.css]
[www.sali-group.com/images/27152/other0ece.css]
[www.sali-group.com/bonded-abrasives/sali-diamond-concrete-grinding-wheels.html]
[js02.v15cdn.com/m434/page.js]
[www.sali-group.com/products.html]
[js01.v15cdn.com/leavemessage697b.js]
[www.sali-group.com/uploads/27152/list/n202509191722487c711.jpg]
[www.sali-group.com/images/27152/other080e.css]
[www.sali-group.com/bonded-abrasives/page-2/index.html]
[www.sali-group.com/bonded-abrasives/flap-disc/curve-flap-disc.html]
[www.sali-group.com/bonded-abrasives/cutting-disc-for-metal/index.html]
[www.sali-group.com/bonded-abrasives/grinding-wheel-for-metal/index.html]
[www.sali-group.com/bonded-abrasives/cutting-disc-for-inox/index.html]
[www.sali-group.com/bonded-abrasives/grinding-wheel-for-inox/index.html]
[www.sali-group.com/bonded-abrasives/flexible-grinding-wheel-for-inox/index.html]
[www.sali-group.com/bonded-abrasives/grinding-wheel-for-stone/index.html]
[www.sali-group.com/bonded-abrasives/grinding-wheel-for-metal/bench-grinding-wheel.html]
[www.sali-group.com/bonded-abrasives/abrasive-cloth-roll/index.html]
[www.sali-group.com/bonded-abrasives/flap-disc/index.html]
[www.sali-group.com/bonded-abrasives/sali-9-inch-cutting-disc-for-metal.html]
[www.sali-group.com/bonded-abrasives/sand-paper/index.html]
[www.sali-group.com/bonded-abrasives/hex-socket-sleeve.html]
[www.sali-group.com/bonded-abrasives/velcro-disc/index.html]
[www.sali-group.com/bonded-abrasives/sanding-bit/index.html]
[www.sali-group.com/bonded-abrasives/fiber-disc/index.html]
[www.sali-group.com/bonded-abrasives/abrasive-cloth-roll/sali-gauze-sanding-roll-with-sand-belt.html]
[www.sali-group.com/diamond-wheels-bits/diamond-saw-blade/index.html]
[www.sali-group.com/diamond-wheels-bits/diamond-grinding-wheel/index.html]
[www.sali-group.com/bonded-abrasives/flap-disc/sali-pressure-tank-sand-fiber-wheel.html]
[www.sali-group.com/diamond-wheels-bits/proffesional-diamond-saw-blade/index.html]
[www.sali-group.com/diamond-wheels-bits/diamond-polishing-pad/index.html]
[www.sali-group.com/bonded-abrasives/index.html]
[www.sali-group.com/saw-blades/t-c-t-saw-blade/index.html]
[www.sali-group.com/wire-brush/cup-brush/index.html]
[js02.v15cdn.com/m434/addpro.js]
[www.sali-group.com/wire-brush/circular-brush/index.html]
[www.sali-group.com/wire-brush/hand-brush/index.html]
[www.sali-group.com/wire-brush/steel-wire-brush-with-shank/index.html]
[www.sali-group.com/wire-brush/nylon-wire-brush-with-shark/index.html]
[www.sali-group.com/coated-abrasives/hss-drill-bit/index.html]
[www.sali-group.com/uploads/202227152/p202203110937537782022.jpg]
[www.sali-group.com/coated-abrasives/sds-max-hammer-drill-bit/index.html]
[www.sali-group.com/coated-abrasives/masonry-drill-bit/index.html]
[www.sali-group.com/coated-abrasives/wood-drill-bit/index.html]
[www.sali-group.com/images/27152/other3ef4.css]
[www.sali-group.com/coated-abrasives/hole-saw-drill-bit/index.html]
[www.sali-group.com/pliers/knife/index.html]
[www.sali-group.com/diamond-wheels-bits/diamond-saw-blade/diamond-saw-blade-set.html]
[www.sali-group.com/pliers/hammer/index.html]
[www.sali-group.com/diamond-wheels-bits/diamond-saw-blade/segment-diamond-saw-blade.html]
[www.sali-group.com/pliers/snip/index.html]
[www.sali-group.com/pliers/cutter/index.html]
[www.sali-group.com/diamond-wheels-bits/diamond-saw-blade/segment-turbo-diamond-saw-blade.html]
[www.sali-group.com/pliers/garden-shear/index.html]
[www.sali-group.com/diamond-wheels-bits/diamond-polishing-pad/continuous-rim-diamond-saw-blade.html]
[www.sali-group.com/pliers/pruning-saw/index.html]
[www.sali-group.com/pliers/hacksaw-frame/index.html]
[www.sali-group.com/pliers/wrench/index.html]
[www.sali-group.com/pliers/screw-driver/index.html]
[www.sali-group.com/pliers/caluking-gun/index.html]
[www.sali-group.com/diamond-wheels-bits/diamond-saw-blade/turbo-diamond-saw-blade.html]
[www.sali-group.com/pliers/hand-riveter/index.html]
[www.sali-group.com/pliers/wood-chisel/index.html]
[www.sali-group.com/pliers/measuring-tools/index.html]
[www.sali-group.com/diamond-wheels-bits/diamond-saw-blade/reinfrced-diamond-saw-blade-with-flower-type.html]
[www.sali-group.com/pliers/ratchet-tie-down-strap/index.html]
[www.sali-group.com/pliers/painting-tools/index.html]
[www.sali-group.com/pliers/hydraulic-tools/index.html]
[www.sali-group.com/diamond-wheels-bits/diamond-grinding-wheel/diamond-grinding-wheel-with-double-row.html]
[www.sali-group.com/pliers/file/index.html]
[www.sali-group.com/diamond-wheels-bits/diamond-grinding-wheel/diamond-grinding-wheel-with-turbo.html]
[www.sali-group.com/pliers/hand-tools-set/index.html]
[www.sali-group.com/pliers/ladder/index.html]
[www.sali-group.com/diamond-wheels-bits/diamond-grinding-wheel/diamond-grinding-disc.html]
[www.sali-group.com/pliers/other-tools/index.html]
[www.sali-group.com/pliers/plier/index.html]
[www.sali-group.com/diamond-wheels-bits/diamond-grinding-wheel/diamond-grinding-plate.html]
[www.sali-group.com/high-pressure-power-tool/angle-grinder/index.html]
[www.sali-group.com/high-pressure-power-tool/demolition-hammer/index.html]
[www.sali-group.com/diamond-wheels-bits/diamond-grinding-wheel/diamond-grinding-wheel-with-agglomerate.html]
[www.sali-group.com/high-pressure-power-tool/plisher/index.html]
[www.sali-group.com/diamond-wheels-bits/index.html]
[www.sali-group.com/diamond-wheels-bits/proffesional-diamond-saw-blade/proffessional-diamond-hole-saw.html]
[www.sali-group.com/high-pressure-power-tool/jig-saw/index.html]
[www.sali-group.com/high-pressure-power-tool/electric-planer/index.html]
[www.sali-group.com/high-pressure-power-tool/impact-drill/index.html]
[www.sali-group.com/high-pressure-power-tool/rotary-hammer/index.html]
[www.sali-group.com/uploads/27152/list/n202509191750080beaa.jpg]
[www.sali-group.com/high-pressure-power-tool/power-saws/index.html]
[www.sali-group.com/high-pressure-power-tool/other-power-tools/index.html]
[www.sali-group.com/high-pressure-power-tool/cut-off-machines/index.html]
[www.sali-group.com/images/27152/otheraf18.css]
[www.sali-group.com/high-pressure-power-tool/high-pressure-washer/index.html]
[www.sali-group.com/bonded-abrasives/page-3/index.html]
[www.sali-group.com/bonded-abrasives/page-4/index.html]
[www.sali-group.com/saw-blades/t-c-t-saw-blade/carbide-tipped-circular-saw-blade.html]
[www.sali-group.com/bonded-abrasives/page-5/index.html]
[www.sali-group.com/saw-blades/sali-jigsaw-blade.html]
[www.sali-group.com/showroom/red-flexibe-ginding-disc-grit-30-grit-60-a30-a60/index.html]
[www.sali-group.com/showroom/putty-knife/index.html]
[www.sali-group.com/showroom/brass-crimped-cup-brush/index.html]
[www.sali-group.com/diamond-wheels-bits/page-2/index.html]
[www.sali-group.com/saw-blades/t-c-t-saw-blade/saw-blade-for-wood.html]
[www.sali-group.com/showroom/combination-pliers/index.html]
[www.sali-group.com/showroom/self-priming-peripheral-pump/index.html]
[www.sali-group.com/showroom/4-inch-angle-grinder/index.html]
[www.sali-group.com/saw-blades/t-c-t-saw-blade/saw-blade-for-aluminum.html]
[www.sali-group.com/saw-blades/t-c-t-saw-blade/10-in-tct-saw-blade-for-metal.html]
[www.sali-group.com/saw-blades/t-c-t-saw-blade/30-teech-saw-blade-1-in-hole.html]
[www.sali-group.com/saw-blades/t-c-t-saw-blade/180mm-cold-saw-blade-40-teeth.html]
[www.sali-group.com/saw-blades/t-c-t-saw-blade/quality-tct-saw-blade.html]
[www.sali-group.com/saw-blades/index.html]
[www.sali-group.com/saw-blades/t-c-t-saw-blade/tct-circular-saw-blade.html]
[www.sali-group.com/showroom/sand-paper/index.html]
[www.sali-group.com/showroom/electric-wood-planer-machine-560w/index.html]
[www.sali-group.com/showroom/brushless-angle-grinder-machine/index.html]
[www.sali-group.com/uploads/27152/list/n20250919174619457ba.jpg]
[www.sali-group.com/images/27152/other3f34.css]
[www.sali-group.com/wire-brush/page-2/index.html]
[www.sali-group.com/wire-brush/nylon-wire-brush-with-shark/nylon-wire-wheel-brush-with-shank.html]
[www.sali-group.com/wire-brush/nylon-wire-brush-with-shark/nylon-wire-cup-brush-with-shank.html]
[www.sali-group.com/wire-brush/nylon-wire-brush-with-shark/nylon-wire-end-brush.html]
[www.sali-group.com/wire-brush/steel-wire-brush-with-shank/steel-wire-end-brush.html]
[www.sali-group.com/wire-brush/steel-wire-brush-with-shank/steel-wire-cup-brush-with-shank.html]
[www.sali-group.com/wire-brush/steel-wire-brush-with-shank/steel-wire-wheel-brush-with-shank.html]
[www.sali-group.com/wire-brush/steel-wire-brush-with-shank/sali-new-arrive-brass-wire-brush-set-with-45.html]
[www.sali-group.com/wire-brush/hand-brush/twisted-wire-cup-brush.html]
[www.sali-group.com/wire-brush/hand-brush/brass-crimped-cup-brush.html]
[www.sali-group.com/wire-brush/circular-brush/circular-wire-brush.html]
[www.sali-group.com/wire-brush/cup-brush/crimped-wire-cup-brush-with-shaft.html]
[www.sali-group.com/wire-brush/index.html]
[www.sali-group.com/wire-brush/cup-brush/industrial-crimp-circular-wire-brush.html]
[www.sali-group.com/showroom/12v-cordless-drill/index.html]
[www.sali-group.com/showroom/high-pressure-washer-180-bar/index.html]
[www.sali-group.com/showroom/4-5-inch-t42-grinding-disc-for-iron/index.html]
[www.sali-group.com/uploads/27152/list/n202509191746439a74f.jpg]
[www.sali-group.com/images/27152/other7f88.css]
[www.sali-group.com/coated-abrasives/wood-drill-bit/sali-auger-drill-bit.html]
[www.sali-group.com/coated-abrasives/wood-drill-bit/flap-wood-drill-bit.html]
[www.sali-group.com/coated-abrasives/sds-max-hammer-drill-bit/sali-sds-hammer-drill-and-chisel.html]
[www.sali-group.com/coated-abrasives/multi-function-drill-bit.html]
[www.sali-group.com/coated-abrasives/wood-drill-bit/square-hole-drill-bit.html]
[www.sali-group.com/coated-abrasives/hss-drill-bit/hss-step-drill.html]
[www.sali-group.com/coated-abrasives/hole-saw-drill-bit/16pcs-hold-saw-set.html]
[www.sali-group.com/coated-abrasives/hole-saw-drill-bit/8pcs-hold-saw-set.html]
[www.sali-group.com/coated-abrasives/sali-velcro-disc-and-back-pad.html]
[www.sali-group.com/coated-abrasives/hole-saw-drill-bit/sali-drill-chuck-with-diamond-hole-saw-drill.html]
[www.sali-group.com/coated-abrasives/hss-drill-bit/high-speed-steel-twisted-drill.html]
[www.sali-group.com/coated-abrasives/index.html]
[www.sali-group.com/coated-abrasives/sds-max-hammer-drill-bit/sds-electric-hammer-drill.html]
[www.sali-group.com/showroom/t-type-knife-blade/index.html]
[www.sali-group.com/showroom/20v-cordless-spanner/index.html]
[www.sali-group.com/showroom/diagonal-cutting-pliers/index.html]
[www.sali-group.com/uploads/27152/list/n202509191723206d6bf.jpg]
[www.sali-group.com/images/27152/other3bcd.css]
[www.sali-group.com/pliers/page-2/index.html]
[www.sali-group.com/pliers/other-tools/sali-pu-foam.html]
[www.sali-group.com/pliers/hydraulic-tools/hydraulic-bottle-jack.html]
[www.sali-group.com/pliers/wrench/sali-72-tooth-crank-ratchet-wrench.html]
[www.sali-group.com/pliers/knife/sali-razor-blade-scraper-tool.html]
[www.sali-group.com/pliers/wrench/sali-l-shaped-milling-wrench.html]
[www.sali-group.com/pliers/wrench/sali-tubing-ratchet-wrench.html]
[www.sali-group.com/pliers/snip/american-type-tip-snip.html]
[www.sali-group.com/pliers/screw-driver/china-scredriver-bit-set.html]
[www.sali-group.com/pliers/other-tools/bench-vise.html]
[www.sali-group.com/pliers/measuring-tools/combination-square-ruler.html]
[www.sali-group.com/pliers/measuring-tools/torpedo-level.html]
[www.sali-group.com/pliers/index.html]
[www.sali-group.com/pliers/measuring-tools/bridge-type-spirit-level.html]
[www.sali-group.com/pliers/page-4/index.html]
[www.sali-group.com/pliers/page-5/index.html]
[www.sali-group.com/pliers/page-3/index.html]
[www.sali-group.com/uploads/27152/list/n2025091917470754d03.jpg]
[www.sali-group.com/pliers/page-6/index.html]
[www.sali-group.com/pliers/page-7/index.html]
[www.sali-group.com/pliers/page-14/index.html]
[www.sali-group.com/images/27152/other2817.css]
[www.sali-group.com/showroom/locking-pliers/index.html]
[www.sali-group.com/showroom/rabbet-pliers/index.html]
[www.sali-group.com/labor-insurance-tools/new-safety-shoes-casual-moedl.html]
[www.sali-group.com/labor-insurance-tools/new-safety-shoes.html]
[www.sali-group.com/labor-insurance-tools/welding-goggles.html]
[www.sali-group.com/labor-insurance-tools/sali-leather-working-latex-gloves.html]
[www.sali-group.com/labor-insurance-tools/index.html]
[www.sali-group.com/labor-insurance-tools/sali-high-quality-safety-shoes-sbp-high-for.html]
[www.sali-group.com/showroom/key-type-drill-chuck-for-impact-drill/index.html]
[www.sali-group.com/showroom/grinder-accessories/index.html]
[www.sali-group.com/uploads/27152/list/n20250917151423b1cd1.jpg]
[www.sali-group.com/images/27152/othere801.css]
[www.sali-group.com/high-pressure-power-tool/page-2/index.html]
[www.sali-group.com/high-pressure-power-tool/plisher/folding-daywall-sander.html]
[www.sali-group.com/high-pressure-power-tool/impact-drill/china-impact-drill-2113p.html]
[www.sali-group.com/high-pressure-power-tool/cut-off-machines/china-professional-cut-off-machine-2400w.html]
[www.sali-group.com/high-pressure-power-tool/cut-off-machines/china-cut-off-machine-2400w.html]
[www.sali-group.com/high-pressure-power-tool/cut-off-machines/sali-6355a-cut-off-machine-2200w.html]
[www.sali-group.com/high-pressure-power-tool/cut-off-machines/cut-off-machine.html]
[www.sali-group.com/high-pressure-power-tool/rotary-hammer/sali-2140-rotary-hammer.html]
[www.sali-group.com/high-pressure-power-tool/rotary-hammer/sali-2132b-rotary-hammer.html]
[www.sali-group.com/high-pressure-power-tool/rotary-hammer/sali-2128b-rotary-hammer.html]
[www.sali-group.com/high-pressure-power-tool/rotary-hammer/sali-2128-rotary-hammer.html]
[www.sali-group.com/high-pressure-power-tool/rotary-hammer/sali-2126b-rotary-hammer.html]
[www.sali-group.com/high-pressure-power-tool/index.html]
[www.sali-group.com/high-pressure-power-tool/impact-drill/sali-2110-electric-drill.html]
[www.sali-group.com/high-pressure-power-tool/page-4/index.html]
[www.sali-group.com/uploads/27152/list/n202509191745588d84d.jpg]
[www.sali-group.com/high-pressure-power-tool/page-5/index.html]
[www.sali-group.com/high-pressure-power-tool/page-3/index.html]
[www.sali-group.com/high-pressure-power-tool/page-6/index.html]
[www.sali-group.com/showroom/high-pressure-power-tool/index.html]
[www.sali-group.com/images/27152/otherb4a5.css]
[www.sali-group.com/welding-tools/page-2/index.html]
[www.sali-group.com/welding-tools/mig-welding-machine.html]
[www.sali-group.com/welding-tools/sali-mma-300-220v-voltage-igbt-inverter-dc.html]
[www.sali-group.com/welding-tools/sali-welding-machine-mma-250.html]
[www.sali-group.com/welding-tools/sali-dc-igbt-inverter-welder-mma-200.html]
[www.sali-group.com/welding-tools/sali-welding-machine-400-high-energy.html]
[www.sali-group.com/welding-tools/sali-mma-300-welding-machine.html]
[www.sali-group.com/welding-tools/sali-mma-250-welding-machine-for-special.html]
[www.sali-group.com/welding-tools/sali-tig-mma-high-quality-welding-machine.html]
[www.sali-group.com/welding-tools/sali-mma-mig-welding-machine.html]
[www.sali-group.com/welding-tools/60w-soldering-iron.html]
[www.sali-group.com/welding-tools/index.html]
[www.sali-group.com/welding-tools/40w-soldering-iron.html]
[www.sali-group.com/showroom/14-inch-green-super-thin-cutting-abrsive-discs/index.html]
[www.sali-group.com/uploads/27152/list/n2025091715152938d62.jpg]
[www.sali-group.com/images/27152/other1b4a.css]
[www.sali-group.com/showroom/180mm-cold-saw-blade-40-teeth/index.html]
[www.sali-group.com/air-tools/sali-air-washing-gun.html]
[www.sali-group.com/air-tools/tire-pressure-gauge.html]
[www.sali-group.com/air-tools/quiet-air-compressor-50l.html]
[www.sali-group.com/air-tools/quiet-air-compressor-30l.html]
[www.sali-group.com/air-tools/pneumatic-steel-nail-gun-st64.html]
[www.sali-group.com/air-tools/electric-spary-gun.html]
[www.sali-group.com/air-tools/sali-ultra-quiet-oil-free-air-compressor.html]
[www.sali-group.com/air-tools/sali-high-quality-air-spray-gun.html]
[www.sali-group.com/air-tools/sali-oil-air-compressor-piston-compressor.html]
[www.sali-group.com/air-tools/sali-portable-small-car-mounted-air-pump.html]
[www.sali-group.com/air-tools/index.html]
[www.sali-group.com/air-tools/sali-8016a-air-stapler-nail-gun.html]
[www.sali-group.com/showroom/5-inch-black-grinding-wheel-with-2-nets/index.html]
[www.sali-group.com/uploads/27152/list/n202509171515557dd6e.jpg]
[www.sali-group.com/showroom/diamond-grinding-wheel-with-agglomerate/index.html]
[www.sali-group.com/showroom/4-in-performance-line-sg-cut-off-wheel/index.html]
[www.sali-group.com/cordless/page-2/index.html]
[www.sali-group.com/images/27152/other1f4c.css]
[www.sali-group.com/cordless/20v-cordless-combination-hammer-brushless.html]
[www.sali-group.com/cordless/20v-cordless-drill.html]
[www.sali-group.com/cordless/lithium-brushless-cordless-hammer-drill-13mm.html]
[www.sali-group.com/cordless/lion-10mm-brushless-cordless-drill.html]
[www.sali-group.com/cordless/20v-cordless-angle-grinder-brushless.html]
[www.sali-group.com/cordless/12v-cordless-drill.html]
[www.sali-group.com/cordless/china-cordless-leaf-blower-4002f.html]
[www.sali-group.com/cordless/china-cordless-jig-saw-8902.html]
[www.sali-group.com/cordless/china-cordless-circular-saw-8185f.html]
[www.sali-group.com/cordless/index.html]
[www.sali-group.com/cordless/cordless-impact-wrench-8202f.html]
[www.sali-group.com/uploads/27152/list/n20250919174535bb977.jpg]
[www.sali-group.com/images/27152/otherf1c7.css]
[www.sali-group.com/showroom/20v-cordless-angle-grinder-brushless/index.html]
[www.sali-group.com/generator/portable-gasoline-generator-800va.html]
[www.sali-group.com/generator/index.html]
[www.sali-group.com/generator/disel-welding-generator.html]
[www.sali-group.com/showroom/igbt-welder/index.html]
[www.sali-group.com/showroom/jet-pump/index.html]
[www.sali-group.com/uploads/27152/list/n20250919175034efbbc.jpg]
[www.sali-group.com/images/27152/other9085.css]
[www.sali-group.com/water-pump/peripheral-pump.html]
[www.sali-group.com/water-pump/jet-pump.html]
[www.sali-group.com/water-pump/centrifugal-pump.html]
[www.sali-group.com/water-pump/self-priming-peripheral-pump.html]
[www.sali-group.com/water-pump/automatic-pump-control.html]
[www.sali-group.com/water-pump/index.html]
[www.sali-group.com/water-pump/gasoline-water-pump.html]
[www.sali-group.com/showroom/centrifugal-pump/index.html]
[www.sali-group.com/uploads/27152/list/n2025091917453018cc6.png]
[www.sali-group.com/images/27152/other8bdd.css]
[www.sali-group.com/showroom/water-pump/index.html]
[www.sali-group.com/gardening-power-tools/sali-new-arrive-high-quality-gasoline-grass.html]
[www.sali-group.com/gardening-power-tools/index.html]
[www.sali-group.com/gardening-power-tools/earth-auger-gasoline-drill-portable-gasoline.html]
[www.sali-group.com/showroom/9-in-grinding-wheel-for-metal-t27-type/index.html]
[www.sali-group.com/showroom/t27-aluminum-oxide-flap-disc/index.html]
[www.sali-group.com/uploads/27152/list/n20250919174338fb520.png]
[www.sali-group.com/tie-down-strap/index.html]
[www.sali-group.com/images/27152/other46fc.css]
[www.sali-group.com/images/27152/other1c86.css]
[www.sali-group.com/showroom/5-inch-angle-grinder/index.html]
[www.sali-group.com/showroom/american-combination-pliers/index.html]
[www.sali-group.com/showroom/flat-type-cut-off-wheel/index.html]
[www.sali-group.com/Content/uploads/2022625764/202205111656027dc05870cd6c4bca8db6676e17c32502.jpg]
[www.sali-group.com/about-us.html]
[js01.v15cdn.com/modular6304.js]
[www.sali-group.com/images/27152/other20f6.css]
[www.sali-group.com/uploads/8060/page/p2025080710432349926.jpg]
[www.sali-group.com/company-profile.html]
[js01.v15cdn.com/modular1c3f.js]
[www.sali-group.com/images/27152/other9029.css]
[www.sali-group.com/development-path.html]
[js01.v15cdn.com/modular06da.js]
[www.sali-group.com/images/27152/othereba7.css]
[www.sali-group.com/uploads/8060/page/p20250807113555fca80.png]
[www.sali-group.com/uploads/8060/page/p202508071135537911e.png]
[www.sali-group.com/uploads/8060/page/p20250807113550d2ac8.png]
[www.sali-group.com/uploads/8060/page/p202508071135494f5e4.png]
[www.sali-group.com/uploads/8060/page/p20250807113547c0a2c.png]
[www.sali-group.com/uploads/8060/page/p2025080711354226f5a.png]
[www.sali-group.com/uploads/8060/page/p20250807113541e34c5.png]
[www.sali-group.com/uploads/8060/page/p20250807113539339cb.png]
[www.sali-group.com/uploads/8060/page/p20250807113538e1f35.png]
[www.sali-group.com/uploads/8060/page/p20250807113536fa220.png]
[www.sali-group.com/uploads/8060/page/p20250807113534addd7.png]
[www.sali-group.com/uploads/8060/page/p20250807113533725a5.png]
[www.sali-group.com/uploads/8060/page/p20250807113531bb83b.png]
[www.sali-group.com/uploads/8060/page/p20250807113529909aa.png]
[www.sali-group.com/explanation-of-the-name-sali.html]
[js01.v15cdn.com/modular47f5.js]
[www.sali-group.com/images/27152/othera9f0.css]
[www.sali-group.com/corporate-culture.html]
[js01.v15cdn.com/modularb259.js]
[www.sali-group.com/images/27152/other2f02.css]
[www.sali-group.com/company-advantages.html]
[js01.v15cdn.com/modular1c73.js]
[www.sali-group.com/images/27152/other0d67.css]
[www.sali-group.com/news/sali-unveils-upgraded-cross-border-supply-chai-85316767.html]
[www.sali-group.com/news/sali-tools-responsibility-driven-philanthropy-85359789.html]
[www.sali-group.com/news/sali-was-covered-by-ap-and-other-international-85304990.html]
[www.sali-group.com/news/sali-upgrades-production-line-with-new-cutting-85279459.html]
[www.sali-group.com/news/sali-shines-at-the-138th-canton-fair-strength-85274107.html]
[www.sali-group.com/news/sali-unites-patriotism-global-vision-via-85213255.html]
[www.sali-group.com/news/sali-shake-hands-with-the-president-walk-with-85215413.html]
[www.sali-group.com/news/sali-tools-shines-at-china-south-africa-expo-85254827.html]
[www.sali-group.com/news/the-138th-canton-fair-85258344.html]
[www.sali-group.com/newslist-2.html]
[www.sali-group.com/newslist-3.html]
[www.sali-group.com/newslist-4.html]
[www.sali-group.com/newslist-5.html]
[www.sali-group.com/newslist-6.html]
[www.sali-group.com/newslist-7.html]
[www.sali-group.com/newslist-18.html]
[www.sali-group.com/news/sali-9inch-cuttting-disc-230-2-22-2mm-65287818.html]
[www.sali-group.com/newslist-1.html]
[www.sali-group.com/news/2025-happy-new-year-84321357.html]
[www.sali-group.com/images/27152/other0281.css]
[www.sali-group.com/news/national-day-greetings-and-holiday-notice-from-81210990.html]
[www.sali-group.com/newslist-862627-2.html]
[www.sali-group.com/newslist-862627-3.html]
[www.sali-group.com/newslist-862627-4.html]
[www.sali-group.com/newslist-862627-5.html]
[www.sali-group.com/newslist-862627-6.html]
[www.sali-group.com/newslist-862627-7.html]
[www.sali-group.com/newslist-862627-1.html]
[www.sali-group.com/newslist-862627-10.html]
[www.sali-group.com/images/27152/other024f.css]
[www.sali-group.com/news/grinding-wheel-factory-production-process-60499325.html]
[www.sali-group.com/news/sali-plastic-handle-scraper-65459969.html]
[www.sali-group.com/news/cut-off-machine-which-one-is-your-favorite-55841944.html]
[www.sali-group.com/news/electric-drill-2106p-6mm-400w-57774600.html]
[www.sali-group.com/news/garden-shear-tools-57924303.html]
[www.sali-group.com/news/sali-rubber-hammer-55121315.html]
[www.sali-group.com/news/sali-products-once-you-try-will-love-them-56041503.html]
[www.sali-group.com/news/will-rise-in-price-51680847.html]
[www.sali-group.com/news/new-item-wire-brush-set-is-coming-53563789.html]
[www.sali-group.com/news/the-use-of-garden-lopper-53460449.html]
[www.sali-group.com/news/sali-cutting-disc-4-inch-high-quanlity-55773918.html]
[www.sali-group.com/newslist-862628-2.html]
[www.sali-group.com/newslist-862628-3.html]
[www.sali-group.com/newslist-862628-4.html]
[www.sali-group.com/newslist-862628-5.html]
[www.sali-group.com/newslist-862628-1.html]
[www.sali-group.com/newslist-862628-6.html]
[www.sali-group.com/images/27152/otherdf91.css]
[www.sali-group.com/news/shanghai-hardware-exhibition-75932300.html]
[www.sali-group.com/news/137th-canton-fair-84987522.html]
[www.sali-group.com/news/2025-shanghai-hardware-exhibition-84960428.html]
[www.sali-group.com/news/136th-hardware-tools-canton-fair-81426704.html]
[www.sali-group.com/news/135th-canton-fair-76659009.html]
[www.sali-group.com/news/china-international-hardware-fair-67238460.html]
[www.sali-group.com/news/brazilian-exhibition-66153068.html]
[www.sali-group.com/news/spring-canton-fair-65916327.html]
[www.sali-group.com/news/134th-canton-fair-71472675.html]
[www.sali-group.com/news/china-international-hardware-fair-67238457.html]
[www.sali-group.com/newslist-862631-1.html]
[www.sali-group.com/newslist-862631-2.html]
[www.sali-group.com/images/27152/otherfd92.css]
[www.sali-group.com/news/sali-brand-african-business-journey-82813201.html]
[www.sali-group.com/news/sali-shop-in-turkmenistan-61847824.html]
[www.sali-group.com/newslist-862629-1.html]
[www.sali-group.com/news/sali-shop-in-congo-61617892.html]
[www.sali-group.com/images/27152/otherde61.css]
[www.sali-group.com/news/3-and-5-pcs-wire-brush-55046885.html]
[www.sali-group.com/news/welding-machine-hand-use-56302732.html]
[www.sali-group.com/news/sali-cut-off-machine-video-55640132.html]
[www.sali-group.com/news/car-washer-video-55467317.html]
[www.sali-group.com/news/fiber-disc-use-video-55306189.html]
[www.sali-group.com/news/sali-screwdriver-bits-with-magnet-circle-55208907.html]
[www.sali-group.com/newslist-862630-1.html]
[www.sali-group.com/service-center.html]
[www.sali-group.com/images/27152/other8ff0.css]
[www.sali-group.com/news/ohhhhhh-look-what-is-that-54986275.html]
[www.sali-group.com/images/27152/other247a.css]
[www.sali-group.com/images/27152/vedio.css]
[js01.v15cdn.com/modularab77.js]
[www.sali-group.com/vedio.html]
[www.sali-group.com/js/27152/vedio.js]
[www.sali-group.com/images/27152/other3020.css]
[www.sali-group.com/Content/upload/pdf/2022689233/SALI-ACCESSORIES.pdf]
[www.sali-group.com/Content/uploads/2022625764/20220509165639fe3ea83599c94895a78f6d05e319ddc0.jpg]
[www.sali-group.com/Content/uploads/2022625764/202205091658499e452d6201404f93bb9a87f440038013.jpg]
[www.sali-group.com/Content/upload/pdf/2022689233/SALI-HAND-TOOLS.pdf]
[www.sali-group.com/Content/uploads/2022625764/2022050916565194e6752fff4146b3aa2d1ef4a2ca54b8.jpg]
[www.sali-group.com/Content/upload/pdf/2022689233/SALI-POWER-TOOLS.pdf]
[www.sali-group.com/Content/uploads/2022625764/20220509165702344e9040486343ce8f24c704e3bd36a5.jpg]
[www.sali-group.com/Content/uploads/2022625764/2022050916581773355eb94ced4194ac04c7d653675bf6.jpg]
[www.sali-group.com/catalogs.html]
[www.sali-group.com/images/27152/other772c.css]
[www.sali-group.com/inquiry.html]
[www.sali-group.com/images/27152/other9724.css]
[www.sali-group.com/images/27152/contact-us.css]
[www.sali-group.com/js/27152/contact-us.js]
[www.sali-group.com/contact-us.html]
[www.sali-group.com/images/27152/other2ed3.css]
[www.sali-group.com/partner-grow.html]
[www.sali-group.com/images/27152/other5659.css]
[www.sali-group.com/uploads/8060/page/202509041803351c293189f.jpg]
[www.sali-group.com/global-market-layout.html]
[www.sali-group.com/uploads/8060/page/p20250807103851af309.jpg]
[www.sali-group.com/uploads/8060/page/p20250807103853c59f9.jpg]
[www.sali-group.com/uploads/8060/page/p2025080710385421748.jpg]
[www.sali-group.com/uploads/8060/page/p20250807103855e6e6c.jpg]
[www.sali-group.com/uploads/8060/page/p202508071038569dfbc.jpg]
[www.sali-group.com/uploads/8060/page/p20250807104053cb82e.jpg]
[www.sali-group.com/uploads/8060/page/p20250807103859ec2c0.jpg]
[www.sali-group.com/uploads/8060/page/p20250807103901de244.jpg]
[www.sali-group.com/uploads/8060/page/p202508071039027f8d0.jpg]
[www.sali-group.com/uploads/8060/page/p20250807103903137ff.jpg]
[www.sali-group.com/uploads/8060/page/p2025080710390762312.jpg]
[www.sali-group.com/uploads/8060/page/p202508071039084aa88.jpg]
[www.sali-group.com/uploads/8060/page/p20250807103909f6026.jpg]
[www.sali-group.com/uploads/8060/page/p20250807103910f9bc0.jpg]
[www.sali-group.com/sali-agencies-worldwide.html]
[js01.v15cdn.com/modular545a.js]
[www.sali-group.com/images/27152/otherb626.css]
[www.sali-group.com/agent-benefits.html]
[js01.v15cdn.com/modular0e4a.js]
[www.sali-group.com/images/27152/otherdd9f.css]
[www.sali-group.com/cooperation-terms.html]
[js01.v15cdn.com/modular8335.js]
[www.sali-group.com/franchise-process.html]
[js01.v15cdn.com/modular29ef.js]
[www.sali-group.com/join-us.html]
[www.sali-group.com/images/27152/otherd631.css]
[www.sali-group.com/images/27152/other6acc.css]
[www.sali-group.com/info/pu-foma-103080648.html]
[www.sali-group.com/info/flap-disc-87250714.html]
[www.sali-group.com/info/hydraulic-crimping-tool-85310830.html]
[www.sali-group.com/info/tct-alloy-saw-blade-84754200.html]
[www.sali-group.com/info/sali-brand-twisted-crimped-wire-cup-brush-82039462.html]
[www.sali-group.com/info/peripheral-pump-qb-80772654.html]
[www.sali-group.com/info/sali-diamond-saw-blades-80135259.html]
[www.sali-group.com/info/which-paint-tool-is-the-most-popular-80014281.html]
[www.sali-group.com/info/the-future-trend-of-lithium-battery-products-79872746.html]
[www.sali-group.com/info/metal-and-inox-cutitng-disc-79864687.html]
[www.sali-group.com/info/screwdriver-76292680.html]
[www.sali-group.com/info/index.html]
[www.sali-group.com/info/ratchet-wrench-74347182.html]
[www.sali-group.com/info/page/2/index.html]
[www.sali-group.com/info/page/3/index.html]
[www.sali-group.com/images/27152/otherebb0.css]
[www.sali-group.com/info/page/4/index.html]
[www.sali-group.com/info/how-does-the-cutting-machine-change-the-cuttin-68805792.html]
[www.sali-group.com/info/page/5/index.html]
[www.sali-group.com/info/page/6/index.html]
[www.sali-group.com/info/why-is-tct-saw-blade-called-tct-saw-blade-68744820.html]
[www.sali-group.com/info/page/7/index.html]
[www.sali-group.com/info/page/16/index.html]
[www.sali-group.com/info/cutting-disc-cut-video-67723297.html]
[www.sali-group.com/info/what-is-a-wire-wheel-66271582.html]
[www.sali-group.com/info/the-advantage-of-wire-brush-set-66216660.html]
[www.sali-group.com/info/what-is-carbon-brush-65383059.html]
[www.sali-group.com/info/457138/index.html]
[www.sali-group.com/info/new-color-and-super-plus-cutting-disc-65302865.html]
[www.sali-group.com/info/457138/page/2/index.html]
[www.sali-group.com/info/457138/page/3/index.html]
[www.sali-group.com/info/457138/page/4/index.html]
[www.sali-group.com/images/27152/other17b4.css]
[www.sali-group.com/info/457138/page/5/index.html]
[www.sali-group.com/info/457138/page/6/index.html]
[www.sali-group.com/info/allen-key-hex-wrench-sali-hex-key-set-73507679.html]
[www.sali-group.com/info/sali-pruning-saw-72817951.html]
[www.sali-group.com/info/garden-shear-to-o-l-s-71409534.html]
[www.sali-group.com/info/use-the-wire-stripper-carefully-68024808.html]
[www.sali-group.com/info/what-is-the-difference-between-a-rubber-hammer-67949736.html]
[www.sali-group.com/info/sali-hacksaw-blade-super-high-quanlity-67786618.html]
[www.sali-group.com/info/457139/index.html]
[www.sali-group.com/info/what-is-screwdriver-bits-with-magnet-circle-67551811.html]
[www.sali-group.com/info/457139/page/2/index.html]
[www.sali-group.com/info/457139/page/3/index.html]
[www.sali-group.com/info/457139/page/4/index.html]
[www.sali-group.com/images/27152/other7214.css]
[www.sali-group.com/info/457139/page/5/index.html]
[www.sali-group.com/info/what-is-handhold-welding-machine-69621538.html]
[www.sali-group.com/info/note-on-the-use-of-marble-machine-66636097.html]
[www.sali-group.com/info/why-do-you-need-to-remember-to-match-stator-an-65467189.html]
[www.sali-group.com/info/grinder-machine-65223160.html]
[www.sali-group.com/info/precautions-for-the-use-of-electric-soldering-65042895.html]
[www.sali-group.com/info/scroll-saw-s-sweep-saw-feature-64402957.html]
[www.sali-group.com/info/sali-bow-saw-63933698.html]
[www.sali-group.com/info/precautions-before-chainsaws-start-working-63755740.html]
[www.sali-group.com/info/electric-soldering-iron-soldering-iron-63497602.html]
[www.sali-group.com/info/daily-maintenance-of-angle-mill-62991001.html]
[www.sali-group.com/info/preparation-of-chainsaw-before-use-62882610.html]
[www.sali-group.com/info/457140/index.html]
[www.sali-group.com/info/the-difference-and-application-of-lawn-mower-62754507.html]
[www.sali-group.com/info/457140/page/2/index.html]
[www.sali-group.com/images/27152/othera9d3.css]
[www.sali-group.com/info/lithium-electric-wrench-63597084.html]
[www.sali-group.com/info/457140/page/3/index.html]
[www.sali-group.com/info/precautions-for-lithium-batteries-62842766.html]
[www.sali-group.com/info/the-composition-of-the-lithium-battery-wrench-59158483.html]
[www.sali-group.com/info/basic-knowledge-of-lithium-battery-wrenches-59121144.html]
[www.sali-group.com/info/cordless-drill-operation-57997156.html]
[www.sali-group.com/info/lithium-batteries-57923422.html]
[www.sali-group.com/info/457142/index.html]
[www.sali-group.com/info/as-li-battery-series-developing-51479971.html]
[www.sali-group.com/images/27152/other553f.css]
[www.sali-group.com/info/principle-of-centrifugal-water-pump-62279420.html]
[www.sali-group.com/info/high-pressure-water-pump-62263740.html]
[www.sali-group.com/info/the-deep-water-pump-62242737.html]
[www.sali-group.com/info/water-pump-matters-needing-attention-62005741.html]
[www.sali-group.com/info/457143/index.html]
[www.sali-group.com/info/gasoline-water-pumps-59590474.html]
[www.sali-group.com/images/27152/other63f4.css]
[www.sali-group.com/info/welding-machine-knowledge-mma-tig-mig-71264631.html]
[www.sali-group.com/info/maintenance-of-welding-machine-66761607.html]
[www.sali-group.com/info/dc-inverter-welder-mma-200-mma-65685659.html]
[www.sali-group.com/info/457144/index.html]
[www.sali-group.com/info/mma-with-tig-welding-machine-60105881.html]
[www.sali-group.com/images/27152/other90f4.css]
[www.sali-group.com/info/whether-stainless-steel-will-rust-67868531.html]
[www.sali-group.com/info/what-is-abs-67417591.html]
[www.sali-group.com/info/what-is-shipping-pallet-66321988.html]
[www.sali-group.com/info/purchasing-situation-is-changing-52274640.html]
[www.sali-group.com/info/here-please-find-the-update-hand-tool-catalogu-51579006.html]
[www.sali-group.com/info/here-we-divide-into-uk-plug-and-europe-plug-51551534.html]
[www.sali-group.com/info/the-exhange-1-usd-6-57rmb-51479738.html]
[www.sali-group.com/info/the-exchange-is-keeping-reducing-51390042.html]
[www.sali-group.com/info/update-news-here-for-the-material-51362298.html]
[www.sali-group.com/info/china-and-japan-has-new-policy-about-the-tax-51327876.html]
[www.sali-group.com/info/457145/index.html]
[www.sali-group.com/info/rising-prices-of-aluminum-raw-materials-51297460.html]
[www.sali-group.com/uploads/27152/sali-brad-point-wood-drill-bit5c8f8.jpg]
[www.sali-group.com/images/27152/other5c87.css]
[www.sali-group.com/uploads/27152/small/sali-brad-point-wood-drill-bitf1a26.jpg]
[www.sali-group.com/uploads/27152/small/sali-brad-point-wood-drill-bit69725.jpg]
[www.sali-group.com/uploads/27152/small/sali-brad-point-wood-drill-bit6a54d.jpg]
[www.sali-group.com/uploads/27152/small/sali-brad-point-wood-drill-bit0cb75.jpg]
[www.sali-group.com/uploads/27152/small/sali-brad-point-wood-drill-bitbf4ec.jpg]
[www.sali-group.com/uploads/202227152/202205101342359209538.jpg]
[www.sali-group.com/uploads/27152/products/p20260105144105486c91e89.jpg]
[www.sali-group.com/bonded-abrasives/grinding-wheel-for-metal/grinder-abrasives.html]
[www.sali-group.com/bonded-abrasives/flexible-grinding-wheel-for-inox/4-in-green-flexible-grinding-wheel-for-inox.html]
[www.sali-group.com/bonded-abrasives/grinding-wheel-for-inox/sg-inox-grinder-abrasives.html]
[www.sali-group.com/bonded-abrasives/flap-disc/flap-disc-wheel-for-angle-grinder.html]
[js02.v15cdn.com/m434/preview.js]
[js01.v15cdn.com/share.js]
[www.sali-group.com/bonded-abrasives/sali-brad-point-wood-drill-bit.html]
[www.sali-group.com/Content/kcim/js/layim-public395c.js]
[www.sali-group.com/uploads/27152/sali-metal-grinding-wheel-115-6-22-2mm1bb40.jpg]
[www.sali-group.com/images/27152/otherf8ff.css]
[www.sali-group.com/uploads/27152/small/sali-metal-grinding-wheel-115-6-22-2mm2fcc1.jpg]
[www.sali-group.com/uploads/27152/small/sali-metal-grinding-wheel-115-6-22-2mm91b42.jpg]
[www.sali-group.com/uploads/27152/small/sali-metal-grinding-wheel-115-6-22-2mm8144e.jpg]
[www.sali-group.com/uploads/27152/small/sali-metal-grinding-wheel-115-6-22-2mm409df.jpg]
[www.sali-group.com/uploads/27152/small/sali-metal-grinding-wheel-115-6-22-2mm8c157.jpg]
[www.sali-group.com/uploads/27152/products/p202512291645166a1e41e89.jpg]
[www.sali-group.com/uploads/27152/products/p20251229161919182f51e89.jpg]
[www.sali-group.com/uploads/27152/products/p20251229164720a7fc81e89.jpg]
[www.sali-group.com/uploads/27152/products/p202512291646522a4b01e89.jpg]
[www.sali-group.com/uploads/27152/products/p20251229164635303fe1e89.jpg]
[www.sali-group.com/bonded-abrasives/grinding-wheel-for-metal/4-inch-t42-grinding-wheel-for-metal.html]
[www.sali-group.com/bonded-abrasives/sand-paper/a37-aluminum-oxide-and-latex-paper.html]
[www.sali-group.com/bonded-abrasives/sand-paper/cp35-silicon-carbide-and-latex-paper.html]
[www.sali-group.com/bonded-abrasives/fiber-disc/7-inch-aluminum-oxide-fiber-disc.html]
[www.sali-group.com/bonded-abrasives/flexible-grinding-wheel-for-inox/red-flexibe-ginding-disc-grit-30-grit-60-a30.html]
[www.sali-group.com/bonded-abrasives/sali-metal-grinding-wheel-115-6-22-2mm.html]
[www.sali-group.com/bonded-abrasives/cutting-disc-for-inox/flat-type-cut-off-wheel.html]
[www.sali-group.com/uploads/27152/sali-cutting-disc5d5d4.jpg]
[www.sali-group.com/images/27152/otherca6c.css]
[www.sali-group.com/uploads/27152/small/sali-cutting-disc1e5b2.jpg]
[www.sali-group.com/uploads/27152/small/sali-cutting-discc9200.jpg]
[www.sali-group.com/uploads/27152/small/sali-cutting-discfd835.jpg]
[www.sali-group.com/uploads/27152/small/sali-cutting-disc8c80c.jpg]
[www.sali-group.com/uploads/27152/small/sali-cutting-disc59c85.jpg]
[www.sali-group.com/uploads/27152/small/sali-cutting-discbc721.jpg]
[www.sali-group.com/uploads/27152/products/p202511261648158d8731e89.jpg]
[www.sali-group.com/uploads/27152/products/p20251126171615a25c01e89.jpg]
[www.sali-group.com/uploads/27152/products/p2025112617163092b2a8d5e.jpg]
[www.sali-group.com/uploads/27152/products/p20251126171725365761e89.jpg]
[www.sali-group.com/uploads/27152/products/p202511261718197863c1e89.jpg]
[www.sali-group.com/uploads/27152/products/p202511261724271eede.png]
[www.sali-group.com/bonded-abrasives/grinding-wheel-for-metal/4-5-inch-t42-grinding-disc-for-iron.html]
[www.sali-group.com/bonded-abrasives/cutting-disc-for-metal/9-inch-hot-sell-in-africa-cutting-disc.html]
[www.sali-group.com/bonded-abrasives/cutting-disc-for-metal/china-cutting-wheel-355mm.html]
[www.sali-group.com/bonded-abrasives/cutting-disc-for-inox/4-in-performance-line-sg-cut-off-wheel.html]
[www.sali-group.com/bonded-abrasives/sali-cutting-disc.html]
[www.sali-group.com/Content/kcim/js/layim-public6cd2.js]
[www.sali-group.com/uploads/27152/sali-metal-cutting-disc73ea3.jpg]
[www.sali-group.com/images/27152/other0063.css]
[www.sali-group.com/uploads/27152/small/sali-metal-cutting-disc943b8.jpg]
[www.sali-group.com/uploads/27152/small/sali-metal-cutting-disc65871.png]
[www.sali-group.com/uploads/27152/small/sali-metal-cutting-disc8851e.png]
[www.sali-group.com/uploads/27152/small/sali-metal-cutting-disc5a4fe.jpg]
[www.sali-group.com/uploads/27152/small/sali-metal-cutting-disc41f8c.jpg]
[www.sali-group.com/uploads/27152/small/sali-metal-cutting-disc0653d.jpg]
[www.sali-group.com/uploads/27152/products/p2025112516014168e4f1e89.jpg]
[www.sali-group.com/uploads/27152/products/p2025112516260519bc51e89.jpg]
[www.sali-group.com/uploads/27152/products/p202511251725057c6331e89.jpg]
[www.sali-group.com/uploads/27152/products/p20251126103739b1ba1a497.jpg]
[www.sali-group.com/uploads/27152/products/p20251126103858960241e89.png]
[www.sali-group.com/uploads/27152/products/p2025112611125510e7b1e89.png]
[www.sali-group.com/uploads/27152/products/p20251126111255d03b91e89.png]
[www.sali-group.com/bonded-abrasives/cutting-disc-for-metal/4-1-2-in-type-1-aluminum-oxide-abrasive.html]
[www.sali-group.com/bonded-abrasives/grinding-wheel-for-inox/inox-wheel-grit-a-60-sgp.html]
[www.sali-group.com/bonded-abrasives/grinding-wheel-for-stone/9-in-hard-density-grade-industrial-disc.html]
[www.sali-group.com/bonded-abrasives/sali-metal-cutting-disc.html]
[www.sali-group.com/bonded-abrasives/flap-disc/80-grit-7-8-inch-center-hole-type-27-flap.html]
[www.sali-group.com/uploads/27152/sali-welding-electrode-holder-welding-ground8d665.jpg]
[www.sali-group.com/images/27152/other5a44.css]
[www.sali-group.com/uploads/27152/small/sali-welding-electrode-holder-welding-groundf2335.jpg]
[www.sali-group.com/uploads/27152/small/sali-welding-electrode-holder-welding-ground1a338.jpg]
[www.sali-group.com/uploads/27152/small/sali-welding-electrode-holder-welding-ground3bf90.jpg]
[www.sali-group.com/uploads/27152/small/sali-welding-electrode-holder-welding-ground6b68b.jpg]
[www.sali-group.com/uploads/27152/small/sali-welding-electrode-holder-welding-groundd2752.jpg]
[www.sali-group.com/uploads/27152/small/sali-welding-electrode-holder-welding-groundaf163.jpg]
[www.sali-group.com/uploads/27152/products/p2025101115433695c65.png]
[www.sali-group.com/uploads/27152/products/p20251011154608b2737.png]
[www.sali-group.com/uploads/27152/products/p20251011154615fd466.png]
[www.sali-group.com/uploads/27152/products/p202510111552421bd1f.png]
[www.sali-group.com/welding-tools/dc-welding-machine.html]
[www.sali-group.com/welding-tools/sali-welding-electrode-holder-welding-ground.html]
[www.sali-group.com/welding-tools/inverter-electric-welding-machine.html]
[www.sali-group.com/uploads/27152/sali-oxford-cloth-tool-belt-series8d11e.jpg]
[www.sali-group.com/images/27152/other33fa.css]
[www.sali-group.com/uploads/27152/small/sali-oxford-cloth-tool-belt-seriesb1a31.jpg]
[www.sali-group.com/uploads/27152/small/sali-oxford-cloth-tool-belt-seriesb92bb.png]
[www.sali-group.com/uploads/27152/small/sali-oxford-cloth-tool-belt-series09191.png]
[www.sali-group.com/uploads/27152/small/sali-oxford-cloth-tool-belt-series3f16c.png]
[www.sali-group.com/uploads/27152/small/sali-oxford-cloth-tool-belt-series6c3d6.png]
[www.sali-group.com/uploads/27152/small/sali-oxford-cloth-tool-belt-seriese0851.png]
[www.sali-group.com/uploads/27152/products/p2025101015220664e531e89.png]
[www.sali-group.com/uploads/27152/products/p20251010145631f89e41e89.jpg]
[www.sali-group.com/uploads/27152/products/p20251010145650be6ba1e89.jpg]
[www.sali-group.com/uploads/27152/products/p20251010145708e80b28d5e.jpg]
[www.sali-group.com/uploads/27152/products/p2025101015170065ac11e89.png]
[www.sali-group.com/uploads/27152/products/p202510101516594541b1e89.png]
[www.sali-group.com/uploads/27152/products/p2025101015170274a4c1e89.png]
[www.sali-group.com/uploads/27152/products/p20251010151659504701e89.png]
[www.sali-group.com/uploads/27152/products/p2025101015170225b131e89.png]
[www.sali-group.com/uploads/27152/products/p20251010151701cba211e89.png]
[www.sali-group.com/uploads/27152/products/p20251010151700a7f541e89.png]
[www.sali-group.com/uploads/27152/products/p20251010151701872e41e89.png]
[www.sali-group.com/uploads/27152/products/p202510101516597ad6f1e89.jpg]
[www.sali-group.com/bonded-abrasives/grinding-wheel-for-metal/6mm-thickness-metal-disc.html]
[www.sali-group.com/bonded-abrasives/sand-paper/wp43-white-aluminum-oxide-and-latex-papaer.html]
[www.sali-group.com/bonded-abrasives/cutting-disc-for-metal/a40bf-abrasive.html]
[www.sali-group.com/bonded-abrasives/sali-oxford-cloth-tool-belt-series.html]
[www.sali-group.com/bonded-abrasives/flap-disc/best-zirconia-oxide-flap-discs-60-40-grit.html]
[www.sali-group.com/uploads/27152/sali-cordlesselectric-driver-8203f03b08.jpg]
[www.sali-group.com/images/27152/othereddb.css]
[www.sali-group.com/uploads/27152/small/sali-cordlesselectric-driver-8203f45245.jpg]
[www.sali-group.com/uploads/27152/small/sali-cordlesselectric-driver-8203f2a39b.jpg]
[www.sali-group.com/uploads/27152/small/sali-cordlesselectric-driver-8203f6116f.jpg]
[www.sali-group.com/uploads/27152/small/sali-cordlesselectric-driver-8203ff6da2.jpg]
[www.sali-group.com/uploads/27152/small/sali-cordlesselectric-driver-8203f3cf81.jpg]
[www.sali-group.com/uploads/27152/small/sali-cordlesselectric-driver-8203f27da0.jpg]
[www.sali-group.com/uploads/27152/products/p202509161655247d6ba.png]
[www.sali-group.com/uploads/27152/products/p2025091616424721615.png]
[www.sali-group.com/uploads/27152/products/p202509161652490ccec.png]
[www.sali-group.com/uploads/27152/products/p202509161654436e4be.png]
[www.sali-group.com/uploads/27152/products/p2025091616550545276.png]
[www.sali-group.com/cordless/cordless-chain-saw.html]
[www.sali-group.com/cordless/cordless-cable-scissors.html]
[www.sali-group.com/showroom/20v-cordless-combination-hammer-brushless/index.html]
[www.sali-group.com/showroom/20v-cordless-drill/index.html]
[www.sali-group.com/cordless/sali-cordlesselectric-driver-8203f.html]
[www.sali-group.com/cordless/lion-brushless-impact-wrech-machine.html]
[www.sali-group.com/showroom/cordless/index.html]
[www.sali-group.com/showroom/lion-brushless-impact-wrech-machine/index.html]
[www.sali-group.com/showroom/lion-battery-with-charging-adapter/index.html]
[www.sali-group.com/uploads/27152/sali-8701f-cordless-pressure-washerf4c7f.jpg]
[www.sali-group.com/images/27152/otherfa00.css]
[www.sali-group.com/uploads/27152/small/sali-8701f-cordless-pressure-washer7d66b.jpg]
[www.sali-group.com/uploads/27152/small/sali-8701f-cordless-pressure-washer7a7a5.jpg]
[www.sali-group.com/uploads/27152/small/sali-8701f-cordless-pressure-washer5da56.jpg]
[www.sali-group.com/uploads/27152/small/sali-8701f-cordless-pressure-washeraa80f.jpg]
[www.sali-group.com/uploads/27152/small/sali-8701f-cordless-pressure-washer6f35c.jpg]
[www.sali-group.com/uploads/27152/small/sali-8701f-cordless-pressure-washer80608.jpg]
[www.sali-group.com/uploads/27152/products/p20250908160600ceb34.jpg]
[www.sali-group.com/uploads/27152/products/p2025090816081543944.jpg]
[www.sali-group.com/uploads/27152/products/p2025090816200346b26.jpg]
[www.sali-group.com/uploads/27152/products/p20250908162106f9179.jpg]
[www.sali-group.com/cordless/sali-8701f-cordless-pressure-washer.html]
[www.sali-group.com/cordless/brushless-angle-grinder-machine.html]
[www.sali-group.com/showroom/lithium-brushless-cordless-hammer-drill-13mm/index.html]
[www.sali-group.com/images/27152/other6ec7.css]
[www.sali-group.com/uploads/27152/news/p2026010711472615127bbad.jpg]
[www.sali-group.com/uploads/27152/news/p2026010713584390c9d7eb2.jpg]
[www.sali-group.com/uploads/27152/news/p202601071400084dfd897c3.jpg]
[www.sali-group.com/uploads/27152/news/p20260107140213828b847c7.jpg]
[www.sali-group.com/uploads/27152/news/p202601071407152051147c7.jpg]
[www.sali-group.com/uploads/27152/news/p20260107140346ba77780ae.jpg]
[www.sali-group.com/uploads/27152/news/p20260107140345e8a3e192c.jpg]
[www.sali-group.com/uploads/27152/news/p20260107140457c9b3aad0e.jpg]
[www.sali-group.com/uploads/27152/news/p20260107140612d9de7e35c.jpg]
[js01.v15cdn.com/nvpcount.js]
[www.sali-group.com/news/sali-s-2025-a-year-of-deepening-expertise-gl-85380043.html]
[www.sali-group.com/images/27152/otherecef.css]
[www.sali-group.com/uploads/27152/news/p202512311130214aac9f5b8.jpg]
[www.sali-group.com/uploads/27152/news/p20251231114226ff8ff3abe.jpg]
[www.sali-group.com/uploads/27152/news/p202512311146267c856382c.jpg]
[www.sali-group.com/news/sali-hits-1-million-global-user-milestone-fue-85375957.html]
[www.sali-group.com/uploads/27152/news/p202512291504399f610.jpg]
[www.sali-group.com/uploads/27152/news/p20251229150501b6cd3.jpg]
[www.sali-group.com/uploads/27152/news/p202512291505353ecc2.jpg]
[www.sali-group.com/news/sali-tools-deepens-community-commitment-in-afr-85374238.html]
[css01.v15cdn.com/showroom.css]
[www.sali-group.com/images/27152/other66aa.css]
[www.sali-group.com/high-pressure-power-tool/plisher/plisher-with-1400w-power.html]
[www.sali-group.com/showroom/index.html]
[www.sali-group.com/high-pressure-power-tool/power-saws/sliding-mtier-saw.html]
[www.sali-group.com/showroom/knife-blade/index.html]
[www.sali-group.com/showroom/circular-brush/index.html]
[www.sali-group.com/high-pressure-power-tool/plisher/sali-drywall-sander.html]
[www.sali-group.com/high-pressure-power-tool/plisher/sali-100-110mm-270w-orbital-sander-for-polish.html]
[www.sali-group.com/high-pressure-power-tool/demolition-hammer/sali-2142p-heavy-duty-electric-demolition.html]
[www.sali-group.com/high-pressure-power-tool/demolition-hammer/sali-demolition-hammer-2500w.html]
[www.sali-group.com/showroom/plisher-with-1400w-power/index.html]
[www.sali-group.com/high-pressure-power-tool/angle-grinder/4-5-inch-angle-grinder.html]
[css02.v15cdn.com/m434/fonts/iconfont2907.woff2]
[www.sali-group.com/showroom/sg-inox-grinder-abrasives/index.html]
[www.sali-group.com/showroom/7-inch-diamond-blade/index.html]
[www.sali-group.com/showroom/electric-planer/index.html]
[www.sali-group.com/showroom/4-1-2-in-type-1-aluminum-oxide-abrasive/index.html]
[css02.v15cdn.com/m434/fonts/iconfont2907.woff]
[www.sali-group.com/showroom/pliers/index.html]
[www.sali-group.com/showroom/grinding-wheel-for-inox/index.html]
[www.sali-group.com/showroom/zirconia-oxide-flap-discs-60-40-grit/index.html]
[css02.v15cdn.com/m434/fonts/iconfont2907.ttf]
[css02.v15cdn.com/m434/fonts/iconfont.css]
[css02.v15cdn.com/m434/swiper.css]
[css01.v15cdn.com/toastr.min.css]
[css01.v15cdn.com/language.css]
[css02.v15cdn.com/m434/aos.css]
[css02.v15cdn.com/m434/green/page.css]
[css02.v15cdn.com/m434/green/pagemob.css]
[www.sali-group.com/images/27152/other0ece.css]
[www.sali-group.com/showroom/cutting-disc-for-inox/index.html]
[css02.v15cdn.com/m434/message.css]
[www.sali-group.com/showroom/wire-brush/index.html]
[www.sali-group.com/uploads/27152/sali-diamond-concrete-grinding-wheels01e1f.jpg]
[www.sali-group.com/images/27152/otherd375.css]
[www.sali-group.com/uploads/27152/products/p202601131652342e41966b1.jpg]
[www.sali-group.com/uploads/27152/products/p20260113165311c6cb3b405.jpg]
[www.sali-group.com/uploads/27152/products/p202601131654271947ec2a5.jpg]
[www.sali-group.com/uploads/27152/products/p20260113165454d796180ae.jpg]
[www.sali-group.com/uploads/27152/products/p20260113165537ff0b4c359.jpg]
[www.sali-group.com/uploads/27152/products/p2026011316562897193e35c.jpg]
[www.sali-group.com/bonded-abrasives/sand-paper/cp34-silicon-carbide-and-kraft-paper.html]
[www.sali-group.com/bonded-abrasives/cutting-disc-for-metal/14-inch-green-super-thin-cutting-abrsive.html]
[www.sali-group.com/bonded-abrasives/sali-diamond-concrete-grinding-wheels.html]
[www.sali-group.com/Content/kcim/js/layim-public6bcf.js]
[www.sali-group.com/images/27152/other525a.css]
[www.sali-group.com/bonded-abrasives/sali-granite-stone-diamond-polishing-pad.html]
[www.sali-group.com/bonded-abrasives/cutting-disc-for-metal/16-in-cutting-wheel-for-metal.html]
[www.sali-group.com/bonded-abrasives/cutting-disc-for-metal/4-inch-round-rezin-metal-cutting-disc.html]
[www.sali-group.com/bonded-abrasives/page-2/index.html]
[www.sali-group.com/images/27152/other080e.css]
[www.sali-group.com/bonded-abrasives/grinding-wheel-for-metal/afica-9-in-hot-sell-sali-grinding-wheel.html]
[www.sali-group.com/images/27152/othera0cc.css]
[www.sali-group.com/bonded-abrasives/cutting-disc-for-metal/aluminum-oxide-12-in-30-grit-cutting-wheel.html]
[www.sali-group.com/bonded-abrasives/cutting-disc-for-metal/index.html]
[www.sali-group.com/bonded-abrasives/cutting-disc-for-metal/cut-off-wheel-7-8-in-arbor-hole.html]
[www.sali-group.com/images/27152/othera4e2.css]
[www.sali-group.com/bonded-abrasives/grinding-wheel-for-metal/5-inch-black-grinding-wheel-with-2-nets.html]
[www.sali-group.com/showroom/aluminum-oxide-12-in-30-grit-cutting-wheel/index.html]
[www.sali-group.com/showroom/a40bf-abrasive/index.html]
[www.sali-group.com/bonded-abrasives/grinding-wheel-for-metal/grinder-accessories.html]
[www.sali-group.com/bonded-abrasives/grinding-wheel-for-metal/index.html]
[www.sali-group.com/bonded-abrasives/grinding-wheel-for-metal/9-in-grinding-wheel-for-metal-t27-type.html]
[www.sali-group.com/images/27152/other1d34.css]
[www.sali-group.com/showroom/9-in-sali-grinding-wheel/index.html]
[www.sali-group.com/showroom/grinder-abrasives/index.html]
[www.sali-group.com/bonded-abrasives/cutting-disc-for-inox/4-1-5-in-psf-industrial-cutting-disc.html]
[www.sali-group.com/bonded-abrasives/cutting-disc-for-inox/index.html]
[www.sali-group.com/bonded-abrasives/cutting-disc-for-inox/sali-7-inch-60-grit-sgp-inox-wheel.html]
[www.sali-group.com/showroom/bonded-abrasives/index.html]
[www.sali-group.com/images/27152/other93bc.css]
[www.sali-group.com/showroom/4-1-5-in-psf-industrial-cutting-disc/index.html]
[www.sali-group.com/showroom/sali-7-inch-60-grit-sgp-inox-wheel/index.html]
[www.sali-group.com/bonded-abrasives/grinding-wheel-for-inox/60-grit-depressed-center-wheel.html]
[www.sali-group.com/bonded-abrasives/grinding-wheel-for-inox/wheel-diam-metal-inox-grinding-wheel.html]
[www.sali-group.com/bonded-abrasives/grinding-wheel-for-inox/index.html]
[www.sali-group.com/bonded-abrasives/grinding-wheel-for-inox/36-grit-grinding-wheel-for-innox.html]
[www.sali-group.com/showroom/60-grit-depressed-center-wheel/index.html]
[www.sali-group.com/showroom/flexible-grinding-wheel-for-inox/index.html]
[www.sali-group.com/showroom/36-grit-grinding-wheel-for-innox/index.html]
[www.sali-group.com/bonded-abrasives/flexible-grinding-wheel-for-inox/index.html]
[www.sali-group.com/images/27152/otherd220.css]
[www.sali-group.com/images/27152/other884e.css]
[www.sali-group.com/bonded-abrasives/grinding-wheel-for-stone/t42-grinding-wheel-for-stone.html]
[www.sali-group.com/showroom/4-in-green-flexible-grinding-wheel-for-inox/index.html]
[www.sali-group.com/bonded-abrasives/grinding-wheel-for-stone/index.html]
[www.sali-group.com/bonded-abrasives/grinding-wheel-for-stone/pfe-technologies-grinder.html]
[www.sali-group.com/showroom/t42-grinding-wheel-for-stone/index.html]
[www.sali-group.com/showroom/pfe-technologies-grinder/index.html]
[www.sali-group.com/showroom/9-in-hard-density-grade-industrial-disc/index.html]
[www.sali-group.com/bonded-abrasives/abrasive-cloth-roll/index.html]
[www.sali-group.com/images/27152/otherc716.css]
[www.sali-group.com/images/27152/other1440.css]
[www.sali-group.com/showroom/6mm-thickness-metal-disc/index.html]
[www.sali-group.com/bonded-abrasives/flap-disc/sali-fiber-wheel-thickened-wool-fibre-wheel.html]
[www.sali-group.com/bonded-abrasives/flap-disc/t27-aluminum-oxide-flap-disc.html]
[www.sali-group.com/bonded-abrasives/flap-disc/t29-calcined-alumuinum-flap-disc.html]
[www.sali-group.com/bonded-abrasives/flap-disc/index.html]
[www.sali-group.com/bonded-abrasives/sand-paper/index.html]
[www.sali-group.com/bonded-abrasives/flap-disc/t27-zirconia-oxide-flap-disc.html]
[www.sali-group.com/bonded-abrasives/velcro-disc/index.html]
[www.sali-group.com/images/27152/otherd501.css]
[www.sali-group.com/showroom/amecian-long-nose-pliers/index.html]
[www.sali-group.com/showroom/80-grit-7-8-inch-center-hole-type-27-flap-disc/index.html]
[www.sali-group.com/showroom/angle-grinder/index.html]
[www.sali-group.com/showroom/coated-abrasives/index.html]
[www.sali-group.com/bonded-abrasives/sanding-bit/index.html]
[www.sali-group.com/images/27152/other3020-2.css]
[www.sali-group.com/showroom/pump-pliers/index.html]
[www.sali-group.com/showroom/grinding-wheel-for-stone/index.html]
[www.sali-group.com/images/27152/other3ec7.css]
[www.sali-group.com/bonded-abrasives/fiber-disc/index.html]
[www.sali-group.com/bonded-abrasives/fiber-disc/5-inch-aluminum-oxide-fiber-disc-with-round.html]
[www.sali-group.com/diamond-wheels-bits/diamond-saw-blade/index.html]
[www.sali-group.com/images/27152/other4c2b.css]
[www.sali-group.com/showroom/segment-turbo-diamond-saw-blade/index.html]
[www.sali-group.com/showroom/crimped-wire-cup-brush-with-shaft/index.html]
[www.sali-group.com/showroom/circular-wire-brush/index.html]
[www.sali-group.com/diamond-wheels-bits/diamond-grinding-wheel/index.html]
[www.sali-group.com/images/27152/otherbae0.css]
[www.sali-group.com/showroom/reinforced-diamond-saw-blade-with-flower-type/index.html]
[www.sali-group.com/showroom/turbo-diamond-saw-blade/index.html]
[www.sali-group.com/showroom/diamond-grinding-disc/index.html]
[www.sali-group.com/showroom/diamond-saw-blade/index.html]
[www.sali-group.com/diamond-wheels-bits/proffesional-diamond-saw-blade/diamond-proffessional-saw-blades.html]
[www.sali-group.com/diamond-wheels-bits/proffesional-diamond-saw-blade/diamond-saw-blad.html]
[www.sali-group.com/diamond-wheels-bits/proffesional-diamond-saw-blade/diamond-saw-blade-china.html]
[www.sali-group.com/diamond-wheels-bits/proffesional-diamond-saw-blade/index.html]
[www.sali-group.com/diamond-wheels-bits/proffesional-diamond-saw-blade/diamond-saw-blade-exporter.html]
[www.sali-group.com/images/27152/otherc462.css]
[www.sali-group.com/showroom/diamond-blade-for-circular-saw/index.html]
[www.sali-group.com/diamond-wheels-bits/diamond-polishing-pad/diamond-wet-polishing-pad.html]
[www.sali-group.com/showroom/diamond-polishing-pad/index.html]
[www.sali-group.com/diamond-wheels-bits/diamond-polishing-pad/polish-marble-diamond-pads.html]
[www.sali-group.com/diamond-wheels-bits/diamond-polishing-pad/diamond-polish-pads-for-concrete.html]
[www.sali-group.com/diamond-wheels-bits/diamond-polishing-pad/marble-diamond-polish-pad.html]
[www.sali-group.com/diamond-wheels-bits/diamond-polishing-pad/index.html]
[www.sali-group.com/diamond-wheels-bits/diamond-polishing-pad/diamond-dry-polish-pad.html]
[www.sali-group.com/images/27152/other7045.css]
[www.sali-group.com/saw-blades/t-c-t-saw-blade/index.html]
[www.sali-group.com/showroom/diamond-grinding-wheel/index.html]
[www.sali-group.com/showroom/diamond-polish-pads-for-concrete/index.html]
[www.sali-group.com/showroom/polish-marble-diamond-pads/index.html]
[www.sali-group.com/showroom/saw-blade-for-wood/index.html]
[www.sali-group.com/wire-brush/cup-brush/index.html]
[www.sali-group.com/images/27152/otherc7dc.css]
[www.sali-group.com/showroom/saw-blades/index.html]
[www.sali-group.com/showroom/twisted-wire-cup-brush/index.html]
[www.sali-group.com/wire-brush/circular-brush/index.html]
[www.sali-group.com/images/27152/otherbfd4.css]
[www.sali-group.com/showroom/crimp-circular-wire-brush/index.html]
[www.sali-group.com/images/27152/other0a0f.css]
[www.sali-group.com/wire-brush/hand-brush/heavy-duty-knife-wire-brush-0-3mm.html]
[www.sali-group.com/wire-brush/hand-brush/black-knife-wire-brass.html]
[www.sali-group.com/wire-brush/hand-brush/index.html]
[www.sali-group.com/wire-brush/hand-brush/wooden-handle-wire-brush.html]
[www.sali-group.com/wire-brush/steel-wire-brush-with-shank/index.html]
[www.sali-group.com/showroom/hand-brush/index.html]
[www.sali-group.com/showroom/heavy-duty-knife-wire-brush-0-3mm/index.html]
[www.sali-group.com/showroom/black-knife-wire-brass/index.html]
[www.sali-group.com/showroom/4-inch-round-rezin-metal-cutting-disc/index.html]
[www.sali-group.com/wire-brush/nylon-wire-brush-with-shark/index.html]
[www.sali-group.com/showroom/jig-saw-65mm-as-600w/index.html]
[www.sali-group.com/images/27152/other2acc.css]
[www.sali-group.com/coated-abrasives/hss-drill-bit/index.html]
[www.sali-group.com/showroom/electrode-holder/index.html]
[www.sali-group.com/showroom/drill-bit-and-chuck/index.html]
[www.sali-group.com/showroom/4-5-inch-angle-grinder/index.html]
[www.sali-group.com/showroom/claw-hammer/index.html]
[www.sali-group.com/coated-abrasives/sds-max-hammer-drill-bit/index.html]
[www.sali-group.com/images/27152/other9cc6.css]
[www.sali-group.com/coated-abrasives/masonry-drill-bit/index.html]
[www.sali-group.com/coated-abrasives/wood-drill-bit/index.html]
[www.sali-group.com/images/27152/otherffd6.css]
[www.sali-group.com/showroom/long-nose-pliers/index.html]
[www.sali-group.com/coated-abrasives/hole-saw-drill-bit/index.html]
[www.sali-group.com/showroom/welder/index.html]
[www.sali-group.com/showroom/9-inch-in-africa-cutting-disc/index.html]
[www.sali-group.com/images/27152/other2a12.css]
[www.sali-group.com/images/27152/other5802.css]
[www.sali-group.com/pliers/knife/utility-knife.html]
[www.sali-group.com/pliers/knife/sali-aluminum-alloy-folding-utility-knife-1-3.html]
[www.sali-group.com/pliers/knife/sali-zinc-alloy-folding-utility-knife-1-5.html]
[www.sali-group.com/pliers/knife/sali-retractable-aluminum-alloy-utility-knife.html]
[www.sali-group.com/pliers/knife/retractable-utility-knife.html]
[www.sali-group.com/pliers/knife/abs-tpr-utility-knife.html]
[www.sali-group.com/pliers/knife/zinc-alloy-retractable-utility-knife.html]
[www.sali-group.com/pliers/knife/zinc-alloy-retractable-utility-knives.html]
[www.sali-group.com/pliers/knife/folding-utility-knife.html]
[www.sali-group.com/pliers/knife/abs-folding-utility-knife.html]
[www.sali-group.com/pliers/knife/index.html]
[www.sali-group.com/pliers/knife/knife-blade.html]
[www.sali-group.com/showroom/zinc-alloy-retractable-utility-knives/index.html]
[www.sali-group.com/images/27152/othere6b9.css]
[www.sali-group.com/showroom/knife/index.html]
[www.sali-group.com/pliers/hammer/italian-wooden-handle-claw-hammer.html]
[www.sali-group.com/pliers/hammer/sali-new-arrive-cold-chisel-for-stone-break.html]
[www.sali-group.com/pliers/hammer/sali-heavy-duty-high-quality-ppr-plastic.html]
[www.sali-group.com/pliers/hammer/sali-double-faced-rubber-soft-hammer.html]
[www.sali-group.com/pliers/hammer/sledge-hammer.html]
[www.sali-group.com/pliers/hammer/stone-hammer.html]
[www.sali-group.com/pliers/hammer/machinist-hammer.html]
[www.sali-group.com/pliers/hammer/claw-hammer.html]
[www.sali-group.com/pliers/hammer/index.html]
[www.sali-group.com/pliers/hammer/rubber-hammer.html]
[www.sali-group.com/showroom/rubber-hammer/index.html]
[www.sali-group.com/showroom/machinist-hammer/index.html]
[www.sali-group.com/images/27152/other99c6.css]
[www.sali-group.com/showroom/stone-hammer/index.html]
[www.sali-group.com/pliers/snip/sali-iron-scissors-for-iron-or-aluminum.html]
[www.sali-group.com/pliers/snip/index.html]
[www.sali-group.com/pliers/snip/sali-aviation-snip.html]
[www.sali-group.com/images/27152/other0168.css]
[www.sali-group.com/pliers/cutter/pvc-pipe-cutter-63mm.html]
[www.sali-group.com/pliers/cutter/sali-cable-cutter.html]
[www.sali-group.com/pliers/cutter/sali-pvc-pipe-cutter-42mm-st12-body-65mn.html]
[www.sali-group.com/pliers/cutter/sali-pvc-pipe-cutter.html]
[www.sali-group.com/pliers/knife/page-2/index.html]
[www.sali-group.com/pliers/cutter/sali-pipe-cutter-42-mm-cuts-plastic.html]
[www.sali-group.com/pliers/cutter/sali-aluminum-alloy-pvc-pipe-cutter-stainless.html]
[www.sali-group.com/pliers/cutter/sali-mini-bolt-cutter-8-inch-wire-pliers.html]
[www.sali-group.com/pliers/cutter/index.html]
[www.sali-group.com/pliers/cutter/sali-bolt-cutter.html]
[www.sali-group.com/images/27152/other40ab.css]
[www.sali-group.com/showroom/inverter-electric-welding-machine/index.html]
[www.sali-group.com/pliers/garden-shear/heavy-duty-steel-handle-lopper.html]
[www.sali-group.com/pliers/garden-shear/sali-double-color-telescopic-iron-handle.html]
[www.sali-group.com/pliers/garden-shear/sali-two-color-stretch-aluminum-handle-fence.html]
[www.sali-group.com/pliers/garden-shear/telescoping-aluminum-handle-hedge-shear.html]
[www.sali-group.com/pliers/garden-shear/telescoping-aluminum-lopper.html]
[www.sali-group.com/pliers/garden-shear/garden-shears-pruning-tool.html]
[www.sali-group.com/pliers/garden-shear/wooden-handle-pruner-8-inch.html]
[www.sali-group.com/pliers/garden-shear/index.html]
[www.sali-group.com/pliers/garden-shear/sali-home-garden-trim-garden-shears.html]
[www.sali-group.com/images/27152/other1e12.css]
[www.sali-group.com/pliers/hacksaw-frame/high-carbon-steel-saw-blade.html]
[www.sali-group.com/pliers/hacksaw-frame/bi-metal-hack-saw-blade.html]
[www.sali-group.com/pliers/hacksaw-frame/sali-aluminum-alloy-hacksaw-frame.html]
[www.sali-group.com/pliers/hacksaw-frame/tubular-hacksaw-frame-with-blade.html]
[www.sali-group.com/pliers/hacksaw-frame/tubular-hacksaw-frame.html]
[www.sali-group.com/pliers/hacksaw-frame/adjustable-hacksaw-frame.html]
[www.sali-group.com/pliers/hacksaw-frame/abs-hacksaw-frame.html]
[www.sali-group.com/pliers/hacksaw-frame/index.html]
[www.sali-group.com/pliers/hacksaw-frame/fixed-hacksaw-frame.html]
[www.sali-group.com/showroom/wooden-handle-wire-brush/index.html]
[www.sali-group.com/images/27152/other8b68.css]
[www.sali-group.com/showroom/t27-zirconia-oxide-flap-disc/index.html]
[www.sali-group.com/pliers/pruning-saw/folding-pruning-saw-210mm.html]
[www.sali-group.com/pliers/pruning-saw/folding-pruning-saw-270mm.html]
[www.sali-group.com/pliers/pruning-saw/plastic-pruning-saw.html]
[www.sali-group.com/pliers/pruning-saw/wood-handle-pruning-saw.html]
[www.sali-group.com/pliers/pruning-saw/zinc-alloy-pruning-saw.html]
[www.sali-group.com/pliers/pruning-saw/plastic-hand-saw.html]
[www.sali-group.com/pliers/pruning-saw/sali-pruning-saw-elbow-saw.html]
[www.sali-group.com/pliers/pruning-saw/index.html]
[www.sali-group.com/pliers/pruning-saw/sali-high-quality-garden-tools-bow-saw.html]
[www.sali-group.com/images/27152/othere5ce.css]
[www.sali-group.com/pliers/wrench/page-2/index.html]
[www.sali-group.com/pliers/wrench/heavy-duty-pipe-wrench.html]
[www.sali-group.com/pliers/wrench/sali-1-2-slider-driver-bar.html]
[www.sali-group.com/pliers/wrench/sali-1-2-socket-wrench-extension-bar.html]
[www.sali-group.com/pliers/wrench/sali-l-type-wrench-driver-bar.html]
[www.sali-group.com/pliers/wrench/sali-4-way-cross-wrench-brace-socket-remover.html]
[www.sali-group.com/pliers/wrench/sali-y-t-y-pe-socket-wrench.html]
[www.sali-group.com/pliers/wrench/sali-tools-t-handle-socket-wrench.html]
[www.sali-group.com/pliers/wrench/sali-12pcs-25pcs-50bv30-socket-set.html]
[www.sali-group.com/pliers/wrench/index.html]
[www.sali-group.com/pliers/wrench/sali-25pcs-1-2-socket-set.html]
[www.sali-group.com/pliers/wrench/page-3/index.html]
[www.sali-group.com/showroom/automatic-pump-control/index.html]
[www.sali-group.com/images/27152/other4786.css]
[www.sali-group.com/pliers/screw-driver/screwdriver-bit-set.html]
[www.sali-group.com/pliers/screw-driver/test-pen.html]
[www.sali-group.com/pliers/screw-driver/sali-tools-6-pcs-screwdriver-set-magnetic.html]
[www.sali-group.com/pliers/screw-driver/sali-magnetic-screwdriver-set-ph2-6-100mm-cr.html]
[www.sali-group.com/pliers/screw-driver/sali-magnetic-screwdriver-double-color.html]
[www.sali-group.com/pliers/screw-driver/sali-screwdriver-set-head.html]
[www.sali-group.com/pliers/screw-driver/sali-tpr-safe-and-comfortable-handle.html]
[www.sali-group.com/pliers/screw-driver/sali-screwdriver-bits-with-magnet-circle.html]
[www.sali-group.com/pliers/screw-driver/index.html]
[www.sali-group.com/pliers/screw-driver/sali-new-arrive-pp-handle-screwdrive-2-in-1.html]
[www.sali-group.com/images/27152/other9738.css]
[www.sali-group.com/pliers/caluking-gun/parellel-frame-caulking-gun.html]
[www.sali-group.com/showroom/t-c-t-saw-blade/index.html]
[www.sali-group.com/pliers/caluking-gun/half-round-caulking-gun.html]
[www.sali-group.com/pliers/caluking-gun/aluminum-barrel-caulking-gun-15.html]
[www.sali-group.com/pliers/caluking-gun/sali-popular-type-glue-gun.html]
[www.sali-group.com/showroom/abs-tpr-utility-knife/index.html]
[www.sali-group.com/pliers/caluking-gun/index.html]
[www.sali-group.com/pliers/caluking-gun/heavy-duty-caulking-gun.html]
[www.sali-group.com/images/27152/other9b53.css]
[www.sali-group.com/pliers/hand-riveter/sali-hand-riveter.html]
[www.sali-group.com/showroom/cutting-disc-for-metal/index.html]
[www.sali-group.com/pliers/hand-riveter/lazy-tong-hand-riveter.html]
[www.sali-group.com/pliers/hand-riveter/hand-riveter-13inch.html]
[www.sali-group.com/pliers/hand-riveter/aluminum-hand-riveter.html]
[www.sali-group.com/pliers/hand-riveter/hand-riveter-10-5-inch.html]
[www.sali-group.com/pliers/hand-riveter/hand-riveter-9-5-inch.html]
[www.sali-group.com/pliers/hand-riveter/index.html]
[www.sali-group.com/pliers/hand-riveter/sali-hand-riveter-durable-and-well-stocked.html]
[www.sali-group.com/showroom/4-inch-t42-grinding-wheel-for-metal/index.html]
[www.sali-group.com/showroom/continuous-rim-diamond-saw-blade/index.html]
[www.sali-group.com/pliers/wood-chisel/index.html]
[www.sali-group.com/pliers/wood-chisel/sali-wood-chisel-plastic-handle-and-wood.html]
[www.sali-group.com/showroom/peripheral-pump/index.html]
[www.sali-group.com/images/27152/otherc9c8.css]
[www.sali-group.com/pliers/measuring-tools/aluminum-spirit-level.html]
[www.sali-group.com/pliers/measuring-tools/magnetic-spirit-level.html]
[www.sali-group.com/pliers/measuring-tools/spirit-level.html]
[www.sali-group.com/pliers/measuring-tools/square-ruler.html]
[www.sali-group.com/pliers/measuring-tools/sali-20-30-50-100-meter-fiberglass-tape.html]
[www.sali-group.com/pliers/measuring-tools/sali-measuring-tools-abs-tpr-clothe-and-auto.html]
[www.sali-group.com/pliers/measuring-tools/sali-magnetic-spirit-level-multiple-levels-of.html]
[www.sali-group.com/pliers/measuring-tools/index.html]
[www.sali-group.com/pliers/measuring-tools/sali-household-high-precision-abs-measuring.html]
[www.sali-group.com/images/27152/otherb48a.css]
[www.sali-group.com/pliers/ratchet-tie-down-strap/lifting-sling-strap.html]
[www.sali-group.com/pliers/ratchet-tie-down-strap/ratchet-strap.html]
[www.sali-group.com/pliers/ratchet-tie-down-strap/index.html]
[www.sali-group.com/images/27152/otherb9fa.css]
[www.sali-group.com/showroom/flap-disc/index.html]
[www.sali-group.com/pliers/painting-tools/plastic-handle-scraper.html]
[www.sali-group.com/pliers/ratchet-tie-down-strap/heavy-duty-ratchet-tie-down-strap.html]
[www.sali-group.com/pliers/painting-tools/sali-paint-roll-brushes-fashion-type.html]
[www.sali-group.com/pliers/painting-tools/sali-paint-brush-plastic-handle-and-wood.html]
[www.sali-group.com/pliers/painting-tools/sali-wooden-handle-scraper-and-putty-knife.html]
[www.sali-group.com/pliers/painting-tools/sali-new-arrive-paint-brush-roller-set-hot.html]
[www.sali-group.com/pliers/painting-tools/sali-bricklaying-trowel-carbon-steel-with.html]
[www.sali-group.com/pliers/painting-tools/index.html]
[www.sali-group.com/pliers/painting-tools/putty-knife.html]
[www.sali-group.com/pliers/hydraulic-tools/index.html]
[www.sali-group.com/images/27152/other0ad4.css]
[www.sali-group.com/images/27152/othere3dd.css]
[www.sali-group.com/pliers/file/index.html]
[www.sali-group.com/pliers/file/sali-steel-file-series.html]
[www.sali-group.com/pliers/hand-tools-set/index.html]
[www.sali-group.com/pliers/hand-tools-set/sali-hand-tool-set-200pcs.html]
[www.sali-group.com/images/27152/other2167.css]
[www.sali-group.com/showroom/16-in-cutting-wheel-for-metal/index.html]
[www.sali-group.com/pliers/ladder/index.html]
[www.sali-group.com/pliers/ladder/sali-folding-aluminum-ladder.html]
[www.sali-group.com/images/27152/other7f5b.css]
[www.sali-group.com/pliers/other-tools/page-2/index.html]
[www.sali-group.com/pliers/other-tools/tile-cuttr.html]
[www.sali-group.com/pliers/other-tools/hydraulic-crimping-tool.html]
[www.sali-group.com/pliers/other-tools/f-style-clamps.html]
[www.sali-group.com/showroom/flap-disc-wheel-for-angle-grinder/index.html]
[www.sali-group.com/pliers/other-tools/battery-heavy-duty-suction-cup.html]
[www.sali-group.com/pliers/other-tools/heavy-duty-suction-cup.html]
[www.sali-group.com/pliers/other-tools/glass-suction-cups.html]
[www.sali-group.com/pliers/other-tools/wrecking-bar.html]
[www.sali-group.com/pliers/other-tools/3-in-1-staple-gun.html]
[www.sali-group.com/pliers/other-tools/grease-gun.html]
[www.sali-group.com/pliers/other-tools/index.html]
[www.sali-group.com/pliers/other-tools/sali-ceramic-tile-cutter.html]
[www.sali-group.com/images/27152/other1099.css]
[www.sali-group.com/showroom/9-inch-angle-grinder/index.html]
[www.sali-group.com/pliers/plier/page-2/index.html]
[www.sali-group.com/pliers/plier/japanese-style-long-nose-plier.html]
[www.sali-group.com/pliers/plier/japanese-style-cutting-pliers.html]
[www.sali-group.com/pliers/plier/japanese-style-combination-pliers.html]
[www.sali-group.com/pliers/plier/sali-end-cutting-nipper.html]
[www.sali-group.com/pliers/plier/sali-pump-pliers.html]
[www.sali-group.com/pliers/plier/sali-snap-ring-plier-5-type-choose.html]
[www.sali-group.com/pliers/plier/sali-plastic-cutting-plier.html]
[www.sali-group.com/pliers/plier/combination-pliers.html]
[www.sali-group.com/pliers/plier/sali-wire-stripper-much-hole.html]
[www.sali-group.com/pliers/plier/diagonal-cutting-pliers.html]
[www.sali-group.com/pliers/plier/long-nose-pliers.html]
[www.sali-group.com/pliers/plier/index.html]
[www.sali-group.com/pliers/plier/american-combination-pliers.html]
[www.sali-group.com/images/27152/other7520.css]
[www.sali-group.com/high-pressure-power-tool/angle-grinder/sali-5inch-angle-grinder-6125b-1010w.html]
[www.sali-group.com/high-pressure-power-tool/angle-grinder/7-inch-angle-grinder.html]
[www.sali-group.com/high-pressure-power-tool/angle-grinder/sali-angle-grinder-6180g-1800w.html]
[www.sali-group.com/high-pressure-power-tool/angle-grinder/9-inch-angle-grinder.html]
[www.sali-group.com/high-pressure-power-tool/angle-grinder/sali-angle-grinder-6230g.html]
[www.sali-group.com/high-pressure-power-tool/angle-grinder/sali-9inch-angle-grinder-6230c-2800w.html]
[www.sali-group.com/high-pressure-power-tool/angle-grinder/angle-grrinder-6100f.html]
[www.sali-group.com/high-pressure-power-tool/angle-grinder/sali-angle-grinder-6115c-110v-120v.html]
[www.sali-group.com/high-pressure-power-tool/angle-grinder/sali-100p-angle-grinder-high-speed.html]
[www.sali-group.com/high-pressure-power-tool/angle-grinder/4-inch-angle-grinder.html]
[www.sali-group.com/high-pressure-power-tool/angle-grinder/index.html]
[www.sali-group.com/high-pressure-power-tool/angle-grinder/5-inch-angle-grinder.html]
[www.sali-group.com/showroom/7-inch-angle-grinder/index.html]
[www.sali-group.com/images/27152/otherc11b.css]
[www.sali-group.com/high-pressure-power-tool/demolition-hammer/demolition-hammer-95mm.html]
[www.sali-group.com/high-pressure-power-tool/demolition-hammer/sali-demolition-hammer-1350w.html]
[www.sali-group.com/high-pressure-power-tool/demolition-hammer/index.html]
[www.sali-group.com/high-pressure-power-tool/demolition-hammer/sali-demolition-hammer-1500w.html]
[www.sali-group.com/high-pressure-power-tool/plisher/index.html]
[www.sali-group.com/images/27152/other3e5d.css]
[www.sali-group.com/images/27152/other2f8f.css]
[www.sali-group.com/high-pressure-power-tool/electric-planer/electric-hand-planer-blade.html]
[www.sali-group.com/high-pressure-power-tool/electric-planer/index.html]
[www.sali-group.com/high-pressure-power-tool/electric-planer/electric-wood-planer-machine-560w.html]
[www.sali-group.com/images/27152/other204f.css]
[www.sali-group.com/high-pressure-power-tool/jig-saw/jig-saw-65mm-as-600w.html]
[www.sali-group.com/high-pressure-power-tool/jig-saw/index.html]
[www.sali-group.com/high-pressure-power-tool/jig-saw/jig-saw-110mm-in-750w.html]
[www.sali-group.com/images/27152/otherbe8f.css]
[www.sali-group.com/high-pressure-power-tool/impact-drill/sali-impact-drill.html]
[www.sali-group.com/showroom/jig-saw-110mm-in-750w/index.html]
[www.sali-group.com/high-pressure-power-tool/impact-drill/electric-impact-drill-2113a-710w.html]
[www.sali-group.com/high-pressure-power-tool/impact-drill/aircraft-electric-drill-16mm.html]
[www.sali-group.com/high-pressure-power-tool/impact-drill/electric-drill-6mm-220-240v.html]
[www.sali-group.com/high-pressure-power-tool/impact-drill/sali-2106a-electric-drill.html]
[www.sali-group.com/high-pressure-power-tool/impact-drill/key-type-drill-chuck.html]
[www.sali-group.com/high-pressure-power-tool/impact-drill/keyless-type-drill-chuck-for-ac-dc-power-tool.html]
[www.sali-group.com/high-pressure-power-tool/impact-drill/index.html]
[www.sali-group.com/high-pressure-power-tool/impact-drill/key-type-drill-chuck-for-impact-drill.html]
[www.sali-group.com/images/27152/othera973.css]
[www.sali-group.com/high-pressure-power-tool/rotary-hammer/index.html]
[www.sali-group.com/high-pressure-power-tool/rotary-hammer/sali-2132p-rotary-hammer.html]
[www.sali-group.com/images/27152/otherf31c.css]
[www.sali-group.com/high-pressure-power-tool/power-saws/reciprocating-saw.html]
[www.sali-group.com/high-pressure-power-tool/power-saws/sali-wall-chaser-with-saw-blade-change.html]
[www.sali-group.com/high-pressure-power-tool/power-saws/sali-circular-saw-use-tct-saw-blade.html]
[www.sali-group.com/high-pressure-power-tool/power-saws/upgraded-sali-aluminum-sawing-with-steel.html]
[www.sali-group.com/high-pressure-power-tool/power-saws/index.html]
[www.sali-group.com/high-pressure-power-tool/power-saws/sali-255mm-1800w-high-speed-miter-saw.html]
[www.sali-group.com/images/27152/other29b9.css]
[www.sali-group.com/showroom/key-type-drill-chuck/index.html]
[www.sali-group.com/high-pressure-power-tool/other-power-tools/sali-household-heat-gun.html]
[www.sali-group.com/high-pressure-power-tool/other-power-tools/sali-best-quality-hand-use-blower.html]
[www.sali-group.com/high-pressure-power-tool/other-power-tools/sali-mimi-trimmer-hand-easy-to-hold-and-use.html]
[www.sali-group.com/high-pressure-power-tool/other-power-tools/sali-high-performance-of-electric-router.html]
[www.sali-group.com/high-pressure-power-tool/other-power-tools/index.html]
[www.sali-group.com/high-pressure-power-tool/other-power-tools/sali-high-quality-bench-grinder-3-type-can.html]
[www.sali-group.com/high-pressure-power-tool/cut-off-machines/index.html]
[www.sali-group.com/images/27152/otherbfc3.css]
[www.sali-group.com/images/27152/other3e2a.css]
[www.sali-group.com/high-pressure-power-tool/high-pressure-washer/sali-hand-pushed-large-multi-functional-high.html]
[www.sali-group.com/high-pressure-power-tool/high-pressure-washer/index.html]
[www.sali-group.com/high-pressure-power-tool/high-pressure-washer/sali-multi-function-car-washing-machine.html]
[www.sali-group.com/uploads/202327152/curve-flap-discf0280d2e-370f-431b-9ae5-cda149192f5e.jpg]
[www.sali-group.com/showroom/grinding-wheel-for-metal/index.html]
[css01.v15cdn.com/templates.css]
[www.sali-group.com/images/27152/othere584.css]
[www.sali-group.com/uploads/202327152/small/curve-flap-discbd6794cd-a966-4882-943e-3a2fba2b04a3.jpg]
[www.sali-group.com/uploads/202327152/small/curve-flap-disc59fdcfc7-bd99-4c22-a5ed-3971517934e2.jpg]
[www.sali-group.com/Content/uploads/2023625764/20230920115445cb369bc4818f491585c9c3a5af385ab9.jpg]
[www.sali-group.com/Content/uploads/2023625764/202309201155405a0a03371a984ad08f168f8c352ed3ae.jpg]
[www.sali-group.com/Content/uploads/2023625764/202309210944534e1b3a6168c0438eb7d37b19104b6283.jpg]
[www.sali-group.com/bonded-abrasives/flap-disc/curve-flap-disc.html]
[www.sali-group.com/uploads/202327152/bench-grinding-wheela5bfb80c-8aa7-4954-93d7-f0172042cc93.jpg]
[www.sali-group.com/images/27152/other1622.css]
[www.sali-group.com/uploads/202327152/small/bench-grinding-wheela43920d4-4081-4c40-9eed-24b11fe98f89.jpg]
[www.sali-group.com/uploads/202327152/small/bench-grinding-wheel69914b0a-cbf2-44f6-af80-0afe5537561f.jpg]
[www.sali-group.com/uploads/202327152/small/bench-grinding-wheel754973ee-cf96-4fc1-a6cd-546edb134305.jpg]
[www.sali-group.com/uploads/202327152/small/bench-grinding-wheeleb91cb96-8bd8-43a3-b310-c20bda4da4fa.jpg]
[www.sali-group.com/Content/uploads/2023625764/20230306113318941fa734ee9f4ffba5719fe2b95cad93.png]
[www.sali-group.com/Content/uploads/2023625764/202303061134017fb335b12e7749f1a9ece969f2cffdd1.png]
[www.sali-group.com/Content/uploads/2023625764/20230306113619ca44096f27b648c3888e07a283a27676.png]
[www.sali-group.com/Content/uploads/2023625764/20230306113752d685dd97db8c4e5fa19192f9e5d258b2.png]
[www.sali-group.com/Content/uploads/2023625764/20230306113852fd22f36ab24a4159b608d70625b8aca5.png]
[www.sali-group.com/Content/uploads/2023625764/20230306113938c67258c8ab0c41b994fd4681222822de.png]
[www.sali-group.com/Content/uploads/2023625764/2023030611410232f3c9c470974f81b135741eb197a95e.png]
[www.sali-group.com/Content/uploads/2023625764/202303061141141a8ec3876ce541d5b00fe7788de0e109.png]
[www.sali-group.com/Content/uploads/2023625764/202303061142167deccc56a25948d69d40c41996cfd50e.png]
[www.sali-group.com/bonded-abrasives/grinding-wheel-for-metal/bench-grinding-wheel.html]
[www.sali-group.com/uploads/202327152/sali-9-inch-cutting-disc-for-metala6e2e579-40f7-41a0-bed6-80d41cdaaa58.jpg]
[www.sali-group.com/images/27152/other4ea8.css]
[www.sali-group.com/uploads/202327152/small/sali-9-inch-cutting-disc-for-metal2ba09157-76a7-4377-80fc-c30c7c703b42.jpg]
[www.sali-group.com/uploads/202327152/small/sali-9-inch-cutting-disc-for-metal223f2ef5-8ac0-482e-9c76-59927f2174a3.jpg]
[www.sali-group.com/Content/uploads/2023625764/20230207140857010f3289e80949199138d25a623199ef.jpg]
[www.sali-group.com/Content/uploads/2023625764/20230206114110ec5890f7a13f4637ab48a90273724fab.png]
[www.sali-group.com/Content/uploads/2023625764/20230206115733ebc92a859a8b4ccfbba3153803058c03.png]
[www.sali-group.com/Content/uploads/2023625764/202302061418092ad3feb5997a4c68af56a2ed0ad12bd6.png]
[www.sali-group.com/Content/uploads/2023625764/20230206141739a28fed7bc6fb4468841eaba464eeb914.png]
[www.sali-group.com/Content/uploads/2023625764/202302061425544e5e0bb08648436fbdf66a30be900241.png]
[www.sali-group.com/Content/uploads/2023625764/2023020614290616a6ee2de08b4673b1b06ee72085ae78.png]
[www.sali-group.com/Content/uploads/2023625764/20230206142531ae8c222eb14b4c4b9f63a4af8b08cd14.png]
[www.sali-group.com/Content/uploads/2023625764/2023020614344523430d5f6a214facba1ecaf3181ea002.png]
[www.sali-group.com/Content/uploads/2023625764/20230207141215a5058e17bd664dd28d958fe3d3eb20fd.png]
[www.sali-group.com/Content/uploads/2023625764/202302071414100532f18714ef4ade891237421f1267d9.jpg]
[www.sali-group.com/bonded-abrasives/sali-9-inch-cutting-disc-for-metal.html]
[www.sali-group.com/uploads/202227152/hex-socket-sleeve24002277020.jpg]
[www.sali-group.com/images/27152/other2b4e.css]
[www.sali-group.com/uploads/202227152/small/hex-socket-sleeve24101651751.jpg]
[www.sali-group.com/uploads/202227152/small/hex-socket-sleeve24110558262.jpg]
[www.sali-group.com/Content/uploads/2022625764/202208241514392315c2c0b6064786a680ce72ee42867a.jpg]
[www.sali-group.com/bonded-abrasives/hex-socket-sleeve.html]
[www.sali-group.com/uploads/202327152/sali-gauze-sanding-roll-with-sand-belt595276ea-6098-420d-8e50-e5517594fc79.jpg]
[www.sali-group.com/images/27152/otherd7b3.css]
[www.sali-group.com/uploads/202227152/small/sali-gauze-sanding-roll-with-sand-belt32460935929.jpg]
[www.sali-group.com/uploads/202227152/small/sali-gauze-sanding-roll-with-sand-belt32464997970.jpg]
[www.sali-group.com/uploads/202227152/small/sali-gauze-sanding-roll-with-sand-belt32470623028.jpg]
[www.sali-group.com/uploads/202227152/small/sali-gauze-sanding-roll-with-sand-belt33097029259.jpg]
[www.sali-group.com/uploads/202227152/small/sali-gauze-sanding-roll-with-sand-belt33150154280.jpg]
[www.sali-group.com/Content/uploads/2022625764/20220324153633a4dc78b01ff045c8bcffc39885c1149e.jpg]
[www.sali-group.com/Content/uploads/2023625764/20231212104127b8689a1a6af54441ad845379c51cb422.jpg]
[www.sali-group.com/bonded-abrasives/abrasive-cloth-roll/sali-gauze-sanding-roll-with-sand-belt.html]
[www.sali-group.com/uploads/202227152/sali-pressure-tank-sand-fiber-wheel24394373207.jpg]
[www.sali-group.com/images/27152/other8067.css]
[www.sali-group.com/uploads/202227152/small/sali-pressure-tank-sand-fiber-wheel24365466652.jpg]
[www.sali-group.com/uploads/202227152/small/sali-pressure-tank-sand-fiber-wheel24375935771.jpg]
[www.sali-group.com/uploads/202227152/small/sali-pressure-tank-sand-fiber-wheel24374685721.jpg]
[www.sali-group.com/Content/uploads/2022625764/20220324152931a7224001d6c54797865aa0b2dc309a37.jpg]
[www.sali-group.com/Content/uploads/2022625764/20220324152956db59d3185011444eaaa22ebf4dd9c8db.jpg]
[www.sali-group.com/bonded-abrasives/flap-disc/sali-pressure-tank-sand-fiber-wheel.html]
[www.sali-group.com/Content/kcim/js/layim-public6d52.js]
[www.sali-group.com/showroom/t29-calcined-alumuinum-flap-disc/index.html]
[www.sali-group.com/showroom/flap-disc/-wheel-for-angle-grinder/index.html]
[www.sali-group.com/bonded-abrasives/page-3/index.html]
[www.sali-group.com/images/27152/otherf82a.css]
[www.sali-group.com/bonded-abrasives/page-4/index.html]
[www.sali-group.com/images/27152/otherccf4.css]
[www.sali-group.com/bonded-abrasives/page-5/index.html]
[www.sali-group.com/images/27152/otherff1e.css]
[www.sali-group.com/showroom/red-flexibe-ginding-disc-grit-30-grit-60-a30-a60/index.html]
[www.sali-group.com/images/27152/otherc4d3.css]
[www.sali-group.com/showroom/putty-knife/index.html]
[www.sali-group.com/images/27152/otherc243.css]
[www.sali-group.com/showroom/brass-crimped-cup-brush/index.html]
[www.sali-group.com/showroom/folding-utility-knife/index.html]
[www.sali-group.com/showroom/amecian-diagonal-cutting-pliers/index.html]
[www.sali-group.com/showroom/diamond-wet-polishing-pad/index.html]
[www.sali-group.com/showroom/retractable-utility-knife/index.html]
[www.sali-group.com/showroom/zinc-alloy-retractable-utility-knife/index.html]
[www.sali-group.com/showroom/keyless-type-drill-chuck-for-ac-dc-power-tool/index.html]
[www.sali-group.com/diamond-wheels-bits/page-2/index.html]
[www.sali-group.com/images/27152/other3ef4.css]
[www.sali-group.com/images/27152/other15b1.css]
[www.sali-group.com/showroom/abs-folding-utility-knife/index.html]
[www.sali-group.com/showroom/saw-blade-for-aluminum/index.html]
[www.sali-group.com/uploads/202227152/diamond-saw-blade-set18521970203.jpg]
[www.sali-group.com/images/27152/othereff0.css]
[www.sali-group.com/uploads/202227152/small/diamond-saw-blade-set22566511056.jpg]
[www.sali-group.com/uploads/202227152/small/diamond-saw-blade-set23074792686.jpg]
[www.sali-group.com/uploads/202227152/small/diamond-saw-blade-set23079636147.jpg]
[www.sali-group.com/Content/uploads/2022625764/20221024104741d858917a807f46b8bf9401b94e90f9da.jpg]
[www.sali-group.com/Content/uploads/2022625764/2022102410495566180f89756847308381bf780e1cff6a.jpg]
[www.sali-group.com/Content/uploads/2022625764/202210241051251235be3a0b314fde93074db333a84006.jpg]
[www.sali-group.com/Content/uploads/2022625764/20221024105132dc903e37971f4b938b5d1ac60a0541d0.jpg]
[www.sali-group.com/Content/uploads/2022625764/202210241053539f847b39b41848a7b838a4d419c0ba12.jpg]
[www.sali-group.com/Content/uploads/2022625764/20221024105403bb8541f066c147fb99bd127bb9ceef50.jpg]
[www.sali-group.com/Content/uploads/2022625764/202210241054157a5f8eaf43c945b6b82719f01ef948eb.jpg]
[www.sali-group.com/diamond-wheels-bits/diamond-saw-blade/diamond-saw-blade-set.html]
[www.sali-group.com/welding-tools/plastic-welding-machine-set.html]
[www.sali-group.com/uploads/202027152/segment-diamond-saw-blade34544439523.jpg]
[www.sali-group.com/images/27152/other224d.css]
[www.sali-group.com/uploads/202327152/small/segment-diamond-saw-blade453712f0-6da0-4960-9c17-eebc0a318b1c.jpg]
[www.sali-group.com/Content/uploads/2020625764/20201109153304eaa5c11a4ae1428c8a7a9623ac40e8b0.jpg]
[www.sali-group.com/Content/uploads/2020625764/20201109153321479e4b1920054663b849eeb8e7da51a2.jpg]
[www.sali-group.com/Content/uploads/2020625764/202011091533212c002149e7684fbba85b5bc3ea486eec.jpg]
[www.sali-group.com/diamond-wheels-bits/diamond-saw-blade/segment-diamond-saw-blade.html]
[www.sali-group.com/uploads/202027152/segment-turbo-diamond-saw-blade41250142385.jpg]
[www.sali-group.com/images/27152/other496a.css]
[www.sali-group.com/uploads/202027152/small/segment-turbo-diamond-saw-blade41251351290.jpg]
[www.sali-group.com/uploads/202027152/small/segment-turbo-diamond-saw-blade41252445402.jpg]
[www.sali-group.com/uploads/202027152/small/segment-turbo-diamond-saw-blade41253695473.jpg]
[www.sali-group.com/uploads/202027152/small/segment-turbo-diamond-saw-blade41254789175.jpg]
[www.sali-group.com/uploads/202027152/small/segment-turbo-diamond-saw-blade41255902482.jpg]
[www.sali-group.com/uploads/202027152/small/segment-turbo-diamond-saw-blade41256996013.jpg]
[www.sali-group.com/Content/uploads/2020625764/20201109153711f2bf8d95918b4145b0397eb1bdea9236.jpg]
[www.sali-group.com/Content/uploads/2020625764/20201109153747686e69f2bebc4f828420108113f5d29d.jpg]
[www.sali-group.com/Content/uploads/2020625764/2020110915375022ec13d85a6143b39b18e6034f0206f3.jpg]
[www.sali-group.com/Content/uploads/2020625764/20201109153751c801af6eeb6a4c13a305c4b179c42cb3.jpg]
[www.sali-group.com/welding-tools/electrode-holder.html]
[www.sali-group.com/diamond-wheels-bits/diamond-saw-blade/segment-turbo-diamond-saw-blade.html]
[www.sali-group.com/pliers/knife/t-type-knife-blade.html]
[www.sali-group.com/uploads/202027152/continuous-rim-diamond-saw-blade46077614188.jpg]
[www.sali-group.com/images/27152/other36ea.css]
[www.sali-group.com/uploads/202027152/small/continuous-rim-diamond-saw-blade46079185631.jpg]
[www.sali-group.com/uploads/202027152/small/continuous-rim-diamond-saw-blade46080739558.jpg]
[www.sali-group.com/uploads/202027152/small/continuous-rim-diamond-saw-blade46081839716.jpg]
[www.sali-group.com/uploads/202027152/small/continuous-rim-diamond-saw-blade46083085142.jpg]
[www.sali-group.com/Content/uploads/2020625764/202011091542506c97fc3c3d224bd0b6e30f3d4369f3b7.jpg]
[www.sali-group.com/Content/uploads/2020625764/202011091543179796d28fd1394a638b0e7defa392532c.jpg]
[www.sali-group.com/Content/uploads/2020625764/20201109154320434aff8a03114c26ae77427af6d0f9a3.jpg]
[www.sali-group.com/diamond-wheels-bits/diamond-polishing-pad/continuous-rim-diamond-saw-blade.html]
[www.sali-group.com/welding-tools/dc-inverter-welder.html]
[www.sali-group.com/showroom/marble-diamond-polish-pad/index.html]
[www.sali-group.com/showroom/segment-diamond-saw-blade/index.html]
[www.sali-group.com/showroom/diamond-dry-polish-pad/index.html]
[www.sali-group.com/uploads/202027152/turbo-diamond-saw-blade47022516093.jpg]
[www.sali-group.com/images/27152/other58f3.css]
[www.sali-group.com/uploads/202027152/small/turbo-diamond-saw-blade47023609972.jpg]
[www.sali-group.com/uploads/202027152/small/turbo-diamond-saw-blade47024703599.jpg]
[www.sali-group.com/uploads/202027152/small/turbo-diamond-saw-blade47025796463.jpg]
[www.sali-group.com/Content/uploads/2020625764/20201109154530151d6daa49104ea9b45cc9e598291279.jpg]
[www.sali-group.com/Content/uploads/2020625764/202011091546030550e1e07c6f4d56981a3441f5fb92c8.jpg]
[www.sali-group.com/diamond-wheels-bits/diamond-saw-blade/turbo-diamond-saw-blade.html]
[www.sali-group.com/pliers/plier/locking-pliers.html]
[www.sali-group.com/uploads/202027152/reinfrced-diamond-saw-blade-with-flower-type53147406787.jpg]
[www.sali-group.com/images/27152/other371f.css]
[www.sali-group.com/uploads/202027152/small/reinfrced-diamond-saw-blade-with-flower-type50021564375.jpg]
[www.sali-group.com/uploads/202027152/small/reinfrced-diamond-saw-blade-with-flower-type50022657917.jpg]
[www.sali-group.com/uploads/202027152/small/reinfrced-diamond-saw-blade-with-flower-type53332906323.jpg]
[www.sali-group.com/Content/uploads/2020625764/2020110915484416deb67ecdb240338c975399a5016760.jpg]
[www.sali-group.com/Content/uploads/2020625764/2020110915484711730b5d0cdf456a8625b2d5a1689fcf.jpg]
[www.sali-group.com/Content/uploads/2020625764/2020110915490269c03a8b36de4b858d59f906139e5590.jpg]
[www.sali-group.com/Content/uploads/2020625764/20201109154908c2753ab71ec8451bb8f9cb7d74612b77.jpg]
[www.sali-group.com/diamond-wheels-bits/diamond-saw-blade/reinfrced-diamond-saw-blade-with-flower-type.html]
[www.sali-group.com/uploads/202027152/diamond-grinding-wheel-with-double-row59077015834.jpg]
[www.sali-group.com/images/27152/other160e.css]
[www.sali-group.com/uploads/202027152/small/diamond-grinding-wheel-with-double-row59078421806.jpg]
[www.sali-group.com/uploads/202027152/small/diamond-grinding-wheel-with-double-row58394626311.jpg]
[www.sali-group.com/uploads/202027152/small/diamond-grinding-wheel-with-double-row58395770622.jpg]
[www.sali-group.com/uploads/202027152/small/diamond-grinding-wheel-with-double-row58396696990.jpg]
[www.sali-group.com/Content/uploads/2020625764/202011091554229b15dac81da94b46973c5d97d285fbe1.jpg]
[www.sali-group.com/diamond-wheels-bits/diamond-grinding-wheel/diamond-grinding-wheel-with-double-row.html]
[www.sali-group.com/pliers/plier/pump-pliers.html]
[www.sali-group.com/showroom/diamond-wheels-bits/index.html]
[www.sali-group.com/showroom/proffesional-diamond-saw-blade/index.html]
[www.sali-group.com/showroom/diamond-grinding-plate/index.html]
[www.sali-group.com/uploads/202027152/diamond-grinding-wheel-with-turbo02101651268.jpg]
[www.sali-group.com/images/27152/otherca84.css]
[www.sali-group.com/showroom/diamond-grinding-wheel-with-double-row/index.html]
[www.sali-group.com/uploads/202027152/small/diamond-grinding-wheel-with-turbo02102719120.jpg]
[www.sali-group.com/uploads/202027152/small/diamond-grinding-wheel-with-turbo02103656529.jpg]
[www.sali-group.com/uploads/202027152/small/diamond-grinding-wheel-with-turbo02104594183.jpg]
[www.sali-group.com/uploads/202027152/small/diamond-grinding-wheel-with-turbo59123817755.jpg]
[www.sali-group.com/Content/uploads/2020625764/20201109160111642a3f85a550496eae5539b322a7246e.jpg]
[www.sali-group.com/diamond-wheels-bits/diamond-grinding-wheel/diamond-grinding-wheel-with-turbo.html]
[www.sali-group.com/showroom/diamond-grinding-wheel-with-turbo/index.html]
[www.sali-group.com/uploads/202027152/diamond-grinding-disc00100310872.jpg]
[www.sali-group.com/images/27152/otherd73d.css]
[www.sali-group.com/uploads/202027152/small/diamond-grinding-disc00101716322.jpg]
[www.sali-group.com/uploads/202027152/small/diamond-grinding-disc00102966454.jpg]
[www.sali-group.com/uploads/202027152/small/diamond-grinding-disc00104413790.jpg]
[www.sali-group.com/uploads/202027152/small/diamond-grinding-disc00288903494.jpg]
[www.sali-group.com/Content/uploads/2020625764/202011091603507da9aadcfcd449aba82180a74c490446.jpg]
[www.sali-group.com/diamond-wheels-bits/diamond-grinding-wheel/diamond-grinding-disc.html]
[www.sali-group.com/uploads/202027152/diamond-grinding-plate07399136778.jpg]
[www.sali-group.com/images/27152/otherd67e.css]
[www.sali-group.com/uploads/202027152/small/diamond-grinding-plate07400074322.jpg]
[www.sali-group.com/uploads/202027152/small/diamond-grinding-plate07400855656.jpg]
[www.sali-group.com/uploads/202027152/small/diamond-grinding-plate07401951784.jpg]
[www.sali-group.com/Content/uploads/2020625764/20201109160633306c93522fc34d2a83f89c3d4f773bc0.jpg]
[www.sali-group.com/diamond-wheels-bits/diamond-grinding-wheel/diamond-grinding-plate.html]
[www.sali-group.com/uploads/202027152/diamond-grinding-wheel-with-agglomerate08180282668.jpg]
[www.sali-group.com/images/27152/other0664.css]
[www.sali-group.com/uploads/202027152/small/diamond-grinding-wheel-with-agglomerate01156219274.jpg]
[www.sali-group.com/uploads/202027152/small/diamond-grinding-wheel-with-agglomerate01157313021.jpg]
[www.sali-group.com/uploads/202027152/small/diamond-grinding-wheel-with-agglomerate01158250743.jpg]
[www.sali-group.com/uploads/202027152/small/diamond-grinding-wheel-with-agglomerate01159480130.jpg]
[www.sali-group.com/Content/uploads/2020625764/20201109160945c9a9dafc00604fffb84e25355bd8e452.jpg]
[www.sali-group.com/diamond-wheels-bits/diamond-grinding-wheel/diamond-grinding-wheel-with-agglomerate.html]
[www.sali-group.com/uploads/202027152/proffessional-diamond-hole-saw18021178198.jpg]
[www.sali-group.com/images/27152/otherf349.css]
[www.sali-group.com/uploads/202027152/small/proffessional-diamond-hole-saw18022311367.jpg]
[www.sali-group.com/uploads/202027152/small/proffessional-diamond-hole-saw18023092678.jpg]
[www.sali-group.com/uploads/202027152/small/proffessional-diamond-hole-saw18026217470.jpg]
[www.sali-group.com/uploads/202027152/small/proffessional-diamond-hole-saw51052526745.jpg]
[www.sali-group.com/uploads/202027152/small/proffessional-diamond-hole-saw51053464551.jpg]
[www.sali-group.com/Content/uploads/2020625764/2020110916141363b08674035b40f0ad692010edce236f.jpg]
[www.sali-group.com/diamond-wheels-bits/proffesional-diamond-saw-blade/proffessional-diamond-hole-saw.html]
[www.sali-group.com/showroom/diamond-blade/-for-circular-saw/index.html]
[www.sali-group.com/showroom/diamond-proffessional-saw-blades/index.html]
[www.sali-group.com/showroom/diamond-blade/index.html]
[www.sali-group.com/showroom/proffessional-diamond-hole-saw/index.html]
[www.sali-group.com/images/27152/other74b0.css]
[www.sali-group.com/showroom/combination-pliers/index.html]
[www.sali-group.com/pliers/plier/amecian-long-nose-pliers.html]
[www.sali-group.com/showroom/4-inch-angle-grinder/index.html]
[www.sali-group.com/images/27152/other4ccb.css]
[www.sali-group.com/showroom/self-priming-peripheral-pump/index.html]
[www.sali-group.com/images/27152/otheraf18.css]
[www.sali-group.com/images/27152/other4cc7.css]
[www.sali-group.com/showroom/gasoline-water-pump/index.html]
[www.sali-group.com/showroom/electric-hand-planer-blade/index.html]
[www.sali-group.com/uploads/27152/carbide-tipped-circular-saw-bladeb90ff.jpg]
[www.sali-group.com/images/27152/other81d3.css]
[www.sali-group.com/uploads/27152/small/carbide-tipped-circular-saw-blade614ec.jpg]
[www.sali-group.com/uploads/27152/small/carbide-tipped-circular-saw-blade4379d.jpg]
[www.sali-group.com/uploads/27152/small/carbide-tipped-circular-saw-bladedc58b.jpg]
[www.sali-group.com/uploads/27152/products/p202506181146427dea2.jpg]
[www.sali-group.com/uploads/27152/products/p202506181142163450b.jpg]
[www.sali-group.com/uploads/27152/products/p20250618114405ee8cf.jpg]
[www.sali-group.com/uploads/27152/products/p20250618114723caa26.jpg]
[www.sali-group.com/uploads/27152/products/p2025061811473384fac.jpg]
[www.sali-group.com/saw-blades/t-c-t-saw-blade/carbide-tipped-circular-saw-blade.html]
[www.sali-group.com/showroom/10-in-tct-saw-blade-for-metal/index.html]
[www.sali-group.com/showroom/tct-circular-saw-blade/index.html]
[www.sali-group.com/uploads/202227152/sali-jigsaw-blade50492808875.jpg]
[www.sali-group.com/images/27152/other94fb.css]
[www.sali-group.com/uploads/202227152/small/sali-jigsaw-blade51081871640.jpg]
[www.sali-group.com/uploads/202227152/small/sali-jigsaw-blade51085464816.jpg]
[www.sali-group.com/uploads/202227152/small/sali-jigsaw-blade51091715107.jpg]
[www.sali-group.com/uploads/202227152/small/sali-jigsaw-blade51167340268.jpg]
[www.sali-group.com/saw-blades/sali-jigsaw-blade.html]
[www.sali-group.com/showroom/30-teech-saw-blade-1-in-hole/index.html]
[www.sali-group.com/uploads/202027152/saw-blade-for-wood02206210484.jpg]
[www.sali-group.com/images/27152/other155e.css]
[www.sali-group.com/uploads/202027152/small/saw-blade-for-wood02207460314.jpg]
[www.sali-group.com/uploads/202027152/small/saw-blade-for-wood02208554387.jpg]
[www.sali-group.com/uploads/202027152/small/saw-blade-for-wood02209591894.jpg]
[www.sali-group.com/uploads/202027152/small/saw-blade-for-wood02210742637.jpg]
[www.sali-group.com/Content/uploads/2020625764/20201109170127fb30002807fd4aa9ac264be9b9c06ec6.jpg]
[www.sali-group.com/Content/uploads/2020625764/202011091701292c6bf50996b84ed098d76845e88d3a9c.jpg]
[www.sali-group.com/Content/uploads/2020625764/20201109170132cb13070c860e45df8a5b0ffd00da3f5d.jpg]
[www.sali-group.com/Content/uploads/2020625764/20201109170134c47d95dfdc5f4dc89f9eb1656110d6ac.jpg]
[www.sali-group.com/saw-blades/t-c-t-saw-blade/saw-blade-for-wood.html]
[www.sali-group.com/uploads/202327152/saw-blade-for-aluminum967bee5b-88a4-4b96-a8fe-8d4db3e4f63f.jpg]
[www.sali-group.com/images/27152/other299c.css]
[www.sali-group.com/uploads/202327152/small/saw-blade-for-aluminumcf6c3b70-0d9f-4b19-8b89-19060d2002fa.jpg]
[www.sali-group.com/uploads/202327152/small/saw-blade-for-aluminum06c11d0f-3af6-4ad9-b6fb-63242bf877b4.jpg]
[www.sali-group.com/uploads/202327152/small/saw-blade-for-aluminum83b2ccb5-50e0-4986-aa1c-606694f9bf1d.jpg]
[www.sali-group.com/uploads/202327152/small/saw-blade-for-aluminumbcfa8adf-a7da-429c-80e0-d4dcab794132.jpg]
[www.sali-group.com/uploads/202327152/small/saw-blade-for-aluminumfa03459a-9819-4fe7-a5a7-efec88255a2b.jpg]
[www.sali-group.com/saw-blades/t-c-t-saw-blade/saw-blade-for-aluminum.html]
[www.sali-group.com/uploads/202027152/10-in-tct-saw-blade-for-metal13175172390.jpg]
[www.sali-group.com/images/27152/other6e61.css]
[www.sali-group.com/uploads/202027152/small/10-in-tct-saw-blade-for-metal13176266194.jpg]
[www.sali-group.com/uploads/202027152/small/10-in-tct-saw-blade-for-metal13177359918.jpg]
[www.sali-group.com/uploads/202027152/small/10-in-tct-saw-blade-for-metal13178453568.jpg]
[www.sali-group.com/uploads/202027152/small/10-in-tct-saw-blade-for-metal13179545522.jpg]
[www.sali-group.com/uploads/202027152/small/10-in-tct-saw-blade-for-metal13180483031.jpg]
[www.sali-group.com/Content/uploads/2020625764/202011091712147a6ad7e201f74cea9a78b6f734f94d7d.jpg]
[www.sali-group.com/Content/uploads/2020625764/20201109171218a60b266f1a9044cf811a928ff5af1418.jpg]
[www.sali-group.com/Content/uploads/2020625764/20201109171220cb150e83fffb4eb3889f6bd8e64f9128.jpg]
[www.sali-group.com/Content/uploads/2020625764/20201109171222875f3bb0cdd2447f97084426868f606c.jpg]
[www.sali-group.com/saw-blades/t-c-t-saw-blade/10-in-tct-saw-blade-for-metal.html]
[www.sali-group.com/uploads/202027152/30-teech-saw-blade-1-in-hole18317199771.jpg]
[www.sali-group.com/images/27152/other4986.css]
[www.sali-group.com/uploads/202027152/small/30-teech-saw-blade-1-in-hole18318450222.jpg]
[www.sali-group.com/uploads/202027152/small/30-teech-saw-blade-1-in-hole18319387461.jpg]
[www.sali-group.com/uploads/202027152/small/30-teech-saw-blade-1-in-hole18320637621.jpg]
[www.sali-group.com/uploads/202027152/small/30-teech-saw-blade-1-in-hole18321751435.jpg]
[www.sali-group.com/Content/uploads/2020625764/20201109171634882c451206eb4114ac40d55995fdb65b.jpg]
[www.sali-group.com/Content/uploads/2020625764/202011091716369dc9ffe29b9243fe9a428eb747892af5.jpg]
[www.sali-group.com/Content/uploads/2020625764/202011091716380882fdbda1ed493fa776554b8681ff6c.jpg]
[www.sali-group.com/Content/uploads/2020625764/20201109171640345d650ab4d148248640923cf846ff7b.jpg]
[www.sali-group.com/saw-blades/t-c-t-saw-blade/30-teech-saw-blade-1-in-hole.html]
[www.sali-group.com/uploads/202027152/180mm-cold-saw-blade-40-teeth24156150003.jpg]
[www.sali-group.com/images/27152/other0cb1.css]
[www.sali-group.com/uploads/202027152/small/180mm-cold-saw-blade-40-teeth24157556412.jpg]
[www.sali-group.com/uploads/202027152/small/180mm-cold-saw-blade-40-teeth24158649975.jpg]
[www.sali-group.com/uploads/202027152/small/180mm-cold-saw-blade-40-teeth24159753930.jpg]
[www.sali-group.com/uploads/202027152/small/180mm-cold-saw-blade-40-teeth24161003512.jpg]
[www.sali-group.com/Content/uploads/2020625764/20201109172328dfc33dc74b6a43fa8a9ed5339643a768.jpg]
[www.sali-group.com/Content/uploads/2020625764/20201109172330f628962f695f43c0901e8960437eaa36.jpg]
[www.sali-group.com/Content/uploads/2020625764/20201109172332aef0cc566c4849418a5c9f53d26c0c0e.jpg]
[www.sali-group.com/Content/uploads/2020625764/202011091723336a8bb540eb6b41f5a33b68c4c5a119c6.jpg]
[www.sali-group.com/saw-blades/t-c-t-saw-blade/180mm-cold-saw-blade-40-teeth.html]
[www.sali-group.com/uploads/202027152/quality-tct-saw-blade28231417272.jpg]
[www.sali-group.com/images/27152/otherac0c.css]
[www.sali-group.com/uploads/202027152/small/quality-tct-saw-blade28232740960.jpg]
[www.sali-group.com/uploads/202027152/small/quality-tct-saw-blade28233633977.jpg]
[www.sali-group.com/uploads/202027152/small/quality-tct-saw-blade28234571619.jpg]
[www.sali-group.com/uploads/202027152/small/quality-tct-saw-blade28235508936.jpg]
[www.sali-group.com/Content/uploads/2020625764/20201109172713f695fe04f3c94be2bc3fdb5f0cf88aeb.jpg]
[www.sali-group.com/Content/uploads/2020625764/20201109172715461ce03def284e82bf134d09a17413d5.jpg]
[www.sali-group.com/Content/uploads/2020625764/20201109172717ec6c39f2327544d6a67ace71ecfc6508.jpg]
[www.sali-group.com/Content/uploads/2020625764/2020110917271918f91831cfe3498bb3bfda6c47dcca84.jpg]
[www.sali-group.com/saw-blades/t-c-t-saw-blade/quality-tct-saw-blade.html]
[www.sali-group.com/uploads/202027152/tct-circular-saw-blade31313201806.jpg]
[www.sali-group.com/images/27152/othera0ae.css]
[www.sali-group.com/uploads/202027152/small/tct-circular-saw-blade31314451659.jpg]
[www.sali-group.com/uploads/202027152/small/tct-circular-saw-blade41139904359.jpg]
[www.sali-group.com/uploads/202027152/small/tct-circular-saw-blade41140841938.jpg]
[www.sali-group.com/uploads/202027152/small/tct-circular-saw-blade41142070356.jpg]
[www.sali-group.com/Content/uploads/2020625764/202011091730400a4774a3420b489bb75e7a38d71d1d9d.jpg]
[www.sali-group.com/Content/uploads/2020625764/202011091730420506e4799e124b5a8cfffb5722317662.jpg]
[www.sali-group.com/Content/uploads/2020625764/2020110917304484e48425b09b430d8ab33e792631c1a0.jpg]
[www.sali-group.com/Content/uploads/2020625764/20201109173046d6ab99bdcd484d799648188fbd4f2d78.jpg]
[www.sali-group.com/saw-blades/t-c-t-saw-blade/tct-circular-saw-blade.html]
[www.sali-group.com/showroom/sand-paper/index.html]
[www.sali-group.com/images/27152/other7781.css]
[www.sali-group.com/showroom/electric-wood-planer-machine-560w/index.html]
[www.sali-group.com/images/27152/otherd449.css]
[www.sali-group.com/showroom/hammer/index.html]
[www.sali-group.com/showroom/inox-wheel-grit-a-60-sgp/index.html]
[www.sali-group.com/images/27152/othercee0.css]
[www.sali-group.com/cordless/cordless-hydraulic-crimping-tool.html]
[www.sali-group.com/cordless/3-6v-cordless-screwdrive-set.html]
[www.sali-group.com/showroom/brushless-angle-grinder-machine/index.html]
[www.sali-group.com/cordless/20v-cordless-spanner.html]
[www.sali-group.com/wire-brush/page-2/index.html]
[www.sali-group.com/images/27152/other3f34.css]
[www.sali-group.com/images/27152/otherf22d.css]
[www.sali-group.com/showroom/lion-10mm-brushless-cordless-drill/index.html]
[www.sali-group.com/uploads/202327152/nylon-wire-wheel-brush-with-shank759ca3ea-2ab9-4d7d-90ae-56f808c7075b.jpg]
[www.sali-group.com/images/27152/other0716.css]
[www.sali-group.com/uploads/202327152/small/nylon-wire-wheel-brush-with-shank917d45e2-a600-4060-8b2c-12d01dafe99d.jpg]
[www.sali-group.com/uploads/202327152/small/nylon-wire-wheel-brush-with-shankc7b3f591-bb2b-4aaf-95d7-634227f8deba.jpg]
[www.sali-group.com/uploads/202327152/small/nylon-wire-wheel-brush-with-shanka4b4a324-a9d9-4a4f-a9f4-6756e53abd03.jpg]
[www.sali-group.com/Content/uploads/2023625764/20230825104826d3ad001f5add4c13be5dd6d4435c8f54.png]
[www.sali-group.com/wire-brush/nylon-wire-brush-with-shark/nylon-wire-wheel-brush-with-shank.html]
[www.sali-group.com/uploads/202327152/nylon-wire-cup-brush-with-shanka15ae87e-37d1-4819-961e-b0ad331f7bc0.jpg]
[www.sali-group.com/images/27152/otherb927.css]
[www.sali-group.com/uploads/202327152/small/nylon-wire-cup-brush-with-shankf3442c1f-cdf2-4374-9315-e93a4b19e092.jpg]
[www.sali-group.com/uploads/202327152/small/nylon-wire-cup-brush-with-shankdd70c05d-6c3a-4e62-8edf-381cb1fa961b.jpg]
[www.sali-group.com/uploads/202327152/small/nylon-wire-cup-brush-with-shanke8643e68-0e54-4373-882f-d811b64a3eb8.jpg]
[www.sali-group.com/uploads/202327152/small/nylon-wire-cup-brush-with-shankd8490309-4fa2-47c7-b3fb-57ed3cf52fae.jpg]
[www.sali-group.com/uploads/202327152/small/nylon-wire-cup-brush-with-shank891273df-f6d1-4428-868c-4b0e83240f7f.jpg]
[www.sali-group.com/wire-brush/nylon-wire-brush-with-shark/nylon-wire-cup-brush-with-shank.html]
[www.sali-group.com/pliers/other-tools/sali-heavy-duty-3-way-staple-gun.html]
[www.sali-group.com/uploads/202327152/nylon-wire-end-brushda85cfaf-9147-436c-a5ad-c3dd0114b113.jpg]
[www.sali-group.com/images/27152/other9272.css]
[www.sali-group.com/uploads/202327152/small/nylon-wire-end-brush601e2972-4c42-4f0f-b1d4-929c171820b7.jpg]
[www.sali-group.com/uploads/202327152/small/nylon-wire-end-brushee9daca5-96ff-4485-b2e1-aebda4cb6dd1.jpg]
[www.sali-group.com/wire-brush/nylon-wire-brush-with-shark/nylon-wire-end-brush.html]
[www.sali-group.com/uploads/202327152/steel-wire-end-brushc000984d-f8f7-4597-b7ea-86adeb604f94.jpg]
[www.sali-group.com/images/27152/other1fd9.css]
[www.sali-group.com/uploads/202327152/small/steel-wire-end-brush0be47838-1752-4ca3-a493-8efcc267f257.jpg]
[www.sali-group.com/uploads/202327152/small/steel-wire-end-brush1b7e0264-ce0b-4c95-b268-5252f8604302.jpg]
[www.sali-group.com/wire-brush/steel-wire-brush-with-shank/steel-wire-end-brush.html]
[www.sali-group.com/uploads/202327152/steel-wire-cup-brush-with-shanke14497a3-29ee-4f86-ad27-a9a733c856d6.jpg]
[www.sali-group.com/images/27152/other08c1.css]
[www.sali-group.com/uploads/202327152/small/steel-wire-cup-brush-with-shank866a2133-8810-4e0a-98d4-12cbdf8f1d70.jpg]
[www.sali-group.com/uploads/202327152/small/steel-wire-cup-brush-with-shankeeb00fc2-8f9f-40fb-bb54-ac44bd4dab65.jpg]
[www.sali-group.com/uploads/202327152/small/steel-wire-cup-brush-with-shank648366b4-0f73-4755-879a-53e1eb58ca2b.jpg]
[www.sali-group.com/uploads/202327152/small/steel-wire-cup-brush-with-shank257ddc6e-39a1-4b34-bd4e-71e8d58fe05b.jpg]
[www.sali-group.com/wire-brush/steel-wire-brush-with-shank/steel-wire-cup-brush-with-shank.html]
[www.sali-group.com/uploads/202327152/steel-wire-wheel-brush-with-shank46ab93ea-ad76-462a-9431-b6152b293163.jpg]
[www.sali-group.com/images/27152/othera225.css]
[www.sali-group.com/uploads/202327152/small/steel-wire-wheel-brush-with-shank77f043d5-f596-4e08-9142-202e20ae2815.jpg]
[www.sali-group.com/Content/uploads/2023625764/2023081115531850443fed4cd243ddb33ba5566b1a3cb2.jpg]
[www.sali-group.com/Content/uploads/2023625764/20230811161218733f389eb0ce4c269074ccdc4953c09d.png]
[www.sali-group.com/pliers/wrench/combination-spanner.html]
[www.sali-group.com/pliers/wrench/9pcs-hex-key-allen-key-wrench-set.html]
[www.sali-group.com/wire-brush/steel-wire-brush-with-shank/steel-wire-wheel-brush-with-shank.html]
[www.sali-group.com/high-pressure-power-tool/80w-blue-hot-melt-glue-gun-durable-tempreture.html]
[www.sali-group.com/uploads/202227152/sali-new-arrive-brass-wire-brush-set-with-4532008769054.jpg]
[www.sali-group.com/images/27152/other4f65.css]
[www.sali-group.com/uploads/202227152/small/sali-new-arrive-brass-wire-brush-set-with-4538277547646.jpg]
[www.sali-group.com/uploads/202227152/small/sali-new-arrive-brass-wire-brush-set-with-4538284286764.jpg]
[www.sali-group.com/uploads/202227152/small/sali-new-arrive-brass-wire-brush-set-with-4538406319156.jpg]
[www.sali-group.com/Content/uploads/2022625764/2022012110422464bdb3654f37469db1505cfdc351615f.jpg]
[www.sali-group.com/Content/uploads/2022625764/20220121103958cf3f5d54520c4ef38dd7eb045c204f14.jpg]
[www.sali-group.com/Content/uploads/2022625764/20220121104001865c978d56f64e9592e97667396edcc9.jpg]
[www.sali-group.com/Content/uploads/2022625764/20220121104001712a588332eb45c2b3cd5fff33a5ea71.jpg]
[www.sali-group.com/Content/uploads/2022625764/20220121104001a0ffe68fa5b547d8ba7ff05e3103690b.jpg]
[www.sali-group.com/Content/uploads/2022625764/20220121104004a8191ca3419149f5aa1f9e925242f64b.jpg]
[www.sali-group.com/Content/uploads/2022625764/20220121104005dda427564f4b447aa14318e5a2cbca39.jpg]
[www.sali-group.com/Content/uploads/2022625764/202201211040089e7701c3034f4a43b4082b62aa82fcd0.jpg]
[www.sali-group.com/Content/uploads/2022625764/20220121104008af9b2ceeaafd4a36b58850250ce82761.jpg]
[www.sali-group.com/wire-brush/steel-wire-brush-with-shank/sali-new-arrive-brass-wire-brush-set-with-45.html]
[www.sali-group.com/pliers/other-tools/sali-30m-with-1-pc-spirit-bubble-chalk-line.html]
[www.sali-group.com/uploads/202027152/twisted-wire-cup-brush39292257360.jpg]
[www.sali-group.com/images/27152/other94f4.css]
[www.sali-group.com/uploads/202027152/small/twisted-wire-cup-brush40214269903.jpg]
[www.sali-group.com/uploads/202027152/small/twisted-wire-cup-brush40215364060.jpg]
[www.sali-group.com/uploads/202027152/small/twisted-wire-cup-brush40216301356.jpg]
[www.sali-group.com/uploads/202027152/small/twisted-wire-cup-brush40217238912.jpg]
[www.sali-group.com/Content/uploads/2020625764/20201109173812596d8d2e7a8b4e5394d5e38861b5debc.jpg]
[www.sali-group.com/Content/uploads/2020625764/20201109173857540a9222d40144d6aa8627fde0cbe612.jpg]
[www.sali-group.com/Content/uploads/2020625764/2020110917390028e8210255724ac6af00f3d0fb0e503a.jpg]
[www.sali-group.com/wire-brush/hand-brush/twisted-wire-cup-brush.html]
[www.sali-group.com/uploads/202027152/brass-crimped-cup-brush41491226199.jpg]
[www.sali-group.com/showroom/cup-brush/index.html]
[www.sali-group.com/images/27152/otherd778.css]
[www.sali-group.com/uploads/202027152/small/brass-crimped-cup-brush38450235461.jpg]
[www.sali-group.com/uploads/202027152/small/brass-crimped-cup-brush38451954233.jpg]
[www.sali-group.com/uploads/202027152/small/brass-crimped-cup-brush38452892007.jpg]
[www.sali-group.com/uploads/202027152/small/brass-crimped-cup-brush39161464186.jpg]
[www.sali-group.com/Content/uploads/2020625764/202011091741107d14172a5d5d4321941cd616262d1651.jpg]
[www.sali-group.com/Content/uploads/2020625764/202011091741251bcd5c4ed8ab44b69a38f10d1e82d60a.jpg]
[www.sali-group.com/Content/uploads/2020625764/20201109174130995f98f8ed6c4016ab85bdc37026d9d0.jpg]
[www.sali-group.com/wire-brush/hand-brush/brass-crimped-cup-brush.html]
[www.sali-group.com/uploads/202027152/circular-wire-brush44377164080.jpg]
[www.sali-group.com/images/27152/othera08e.css]
[www.sali-group.com/uploads/202027152/small/circular-wire-brush44378557964.jpg]
[www.sali-group.com/uploads/202027152/small/circular-wire-brush44380276585.jpg]
[www.sali-group.com/uploads/202027152/small/circular-wire-brush44381683062.jpg]
[www.sali-group.com/uploads/202027152/small/circular-wire-brush44382610624.jpg]
[www.sali-group.com/Content/uploads/2020625764/202011091743242f10e8850aeb48e8aafedca7d1116487.jpg]
[www.sali-group.com/Content/uploads/2020625764/20201109174350fe0f6c2b3473461081cdbe34d5a3f56a.jpg]
[www.sali-group.com/Content/uploads/2020625764/20201109174352432535ed737f45ab93f210cfe33689bc.jpg]
[www.sali-group.com/Content/uploads/2020625764/20201109174354ebebcb863fb34d3db66f0fa8850c2318.jpg]
[www.sali-group.com/wire-brush/circular-brush/circular-wire-brush.html]
[www.sali-group.com/uploads/202027152/crimped-wire-cup-brush-with-shaft49242546769.jpg]
[www.sali-group.com/images/27152/other5d85.css]
[www.sali-group.com/uploads/202027152/small/crimped-wire-cup-brush-with-shaft49243800395.jpg]
[www.sali-group.com/uploads/202027152/small/crimped-wire-cup-brush-with-shaft49244737976.jpg]
[www.sali-group.com/uploads/202027152/small/crimped-wire-cup-brush-with-shaft49245675462.jpg]
[www.sali-group.com/Content/uploads/2020625764/202011091746226840ff31296b4526b1a741a9e482c7de.jpg]
[www.sali-group.com/Content/uploads/2020625764/20201109174730cc3fdeb86ce045e383580374651b87e0.jpg]
[www.sali-group.com/Content/uploads/2020625764/2020110917473222101e6ae3a545a8b883a3ace0c48216.jpg]
[www.sali-group.com/wire-brush/cup-brush/crimped-wire-cup-brush-with-shaft.html]
[www.sali-group.com/uploads/202027152/industrial-crimp-circular-wire-brush59547959641.jpg]
[www.sali-group.com/images/27152/other7135.css]
[www.sali-group.com/uploads/202027152/small/industrial-crimp-circular-wire-brush59549366265.jpg]
[www.sali-group.com/uploads/202027152/small/industrial-crimp-circular-wire-brush59550477028.jpg]
[www.sali-group.com/uploads/202027152/small/industrial-crimp-circular-wire-brush59551553676.jpg]
[www.sali-group.com/uploads/202027152/small/industrial-crimp-circular-wire-brush59552491008.jpg]
[www.sali-group.com/Content/uploads/2020625764/20201109175810a79824911f1241f1b0314da50f6dee7e.jpg]
[www.sali-group.com/Content/uploads/2020625764/20201109175835de8f888a915646a9b1117e7946c89c1b.jpg]
[www.sali-group.com/Content/uploads/2020625764/202011091758397ea6f56b21e240e8b49f3aaf052cd489.jpg]
[www.sali-group.com/wire-brush/cup-brush/industrial-crimp-circular-wire-brush.html]
[www.sali-group.com/showroom/4-5-inch-t42-grinding-disc-for-iron/index.html]
[www.sali-group.com/images/27152/other8ec4.css]
[www.sali-group.com/high-pressure-power-tool/high-pressure-washer-180-bar.html]
[www.sali-group.com/high-pressure-power-tool/sali-marble-cutter-high-quality-new-arrive.html]
[www.sali-group.com/showroom/high-pressure-washer-180-bar/index.html]
[www.sali-group.com/high-pressure-power-tool/sali-20w-hot-melt-glue-gun.html]
[www.sali-group.com/images/27152/otherfac0.css]
[www.sali-group.com/cordless/cordless-pruner-12v.html]
[www.sali-group.com/showroom/12v-cordless-drill/index.html]
[www.sali-group.com/images/27152/other7f88.css]
[www.sali-group.com/cordless/lion-battery-with-charging-adapter.html]
[www.sali-group.com/uploads/27152/sali-auger-drill-bit318cf.jpg]
[www.sali-group.com/images/27152/other5aa0.css]
[www.sali-group.com/uploads/27152/small/sali-auger-drill-bit06690.jpg]
[www.sali-group.com/uploads/27152/small/sali-auger-drill-bit39134.jpg]
[www.sali-group.com/uploads/27152/small/sali-auger-drill-bit97e9b.jpg]
[www.sali-group.com/uploads/27152/small/sali-auger-drill-bitf19ca.jpg]
[www.sali-group.com/uploads/27152/products/p202506181057281a134.jpg]
[www.sali-group.com/uploads/27152/products/p2025061811062623c8f.jpg]
[www.sali-group.com/uploads/27152/products/p2025061811063801d4c.jpg]
[www.sali-group.com/uploads/27152/products/p2025061811064415fb5.jpg]
[www.sali-group.com/coated-abrasives/wood-drill-bit/sali-auger-drill-bit.html]
[www.sali-group.com/uploads/27152/flap-wood-drill-bit4e89b.jpg]
[www.sali-group.com/images/27152/otherc7d5.css]
[www.sali-group.com/uploads/27152/small/flap-wood-drill-bitc53e7.jpg]
[www.sali-group.com/uploads/27152/small/flap-wood-drill-bitc1bcd.jpg]
[www.sali-group.com/uploads/27152/small/flap-wood-drill-bit5b481.jpg]
[www.sali-group.com/uploads/27152/products/p202505201533109739e.png]
[www.sali-group.com/uploads/27152/products/p20250520153451f2815.png]
[www.sali-group.com/uploads/27152/products/p202505201534578f6f0.png]
[www.sali-group.com/uploads/27152/products/p20250520153504f33a7.png]
[www.sali-group.com/uploads/27152/products/p20250520153512055ea.png]
[www.sali-group.com/uploads/27152/products/p20250520153519807cb.png]
[www.sali-group.com/coated-abrasives/wood-drill-bit/flap-wood-drill-bit.html]
[www.sali-group.com/showroom/cut-off-wheel-7-8-in-arbor-hole/index.html]
[www.sali-group.com/uploads/202227152/sali-sds-hammer-drill46459985769.jpg]
[www.sali-group.com/images/27152/other5237.css]
[www.sali-group.com/uploads/202227152/small/sali-sds-hammer-drill-and-chisel46589673481.jpg]
[www.sali-group.com/uploads/202227152/small/sali-sds-hammer-drill-and-chisel47156236381.jpg]
[www.sali-group.com/uploads/202227152/small/sali-sds-hammer-drill-and-chisel47167173788.jpg]
[www.sali-group.com/uploads/202227152/small/sali-sds-hammer-drill-and-chisel47159048802.jpg]
[www.sali-group.com/uploads/202227152/small/sali-sds-hammer-drill-and-chisel47162954519.jpg]
[www.sali-group.com/uploads/202227152/small/sali-sds-hammer-drill-and-chisel47165923653.jpg]
[www.sali-group.com/Content/uploads/2025625764/20250516153144d9329373891a445a8c2ed69068f8813f.jpg]
[www.sali-group.com/Content/uploads/2025625764/20250516153049145566e2ec1e4489b8d238ecd508ecee.jpg]
[www.sali-group.com/Content/uploads/2025625764/202505161530582d24f55872d54924aea9ab7a895cdd8a.jpg]
[www.sali-group.com/Content/uploads/2025625764/202505161530368ec320ad89ac418f90943b5a4b84e9b9.jpg]
[www.sali-group.com/coated-abrasives/sds-max-hammer-drill-bit/sali-sds-hammer-drill-and-chisel.html]
[www.sali-group.com/uploads/27152/multi-function-drill-bitb11cf.jpg]
[www.sali-group.com/images/27152/other77b5.css]
[www.sali-group.com/uploads/27152/small/multi-function-drill-bit53c76.jpg]
[www.sali-group.com/uploads/27152/small/multi-function-drill-bit93240.jpg]
[www.sali-group.com/uploads/27152/small/multi-function-drill-bitfd95b.jpg]
[www.sali-group.com/uploads/27152/small/multi-function-drill-bitdb8e2.jpg]
[www.sali-group.com/uploads/27152/small/multi-function-drill-bit09242.jpg]
[www.sali-group.com/uploads/27152/small/multi-function-drill-bitedb43.jpg]
[www.sali-group.com/uploads/27152/products/p20250509163136c6cd7.jpg]
[www.sali-group.com/uploads/27152/products/p20250509170337b6764.jpg]
[www.sali-group.com/uploads/27152/products/p202505091703423587d.jpg]
[www.sali-group.com/uploads/27152/products/p20250509170346d3f53.jpg]
[www.sali-group.com/uploads/27152/products/p202505091703511b759.jpg]
[www.sali-group.com/uploads/27152/products/p20250509170355ed4c6.jpg]
[www.sali-group.com/uploads/27152/products/p20250509170418e9993.jpg]
[www.sali-group.com/uploads/27152/products/p20250509170501d21f0.jpg]
[www.sali-group.com/uploads/27152/products/p2025050917050747b69.jpg]
[www.sali-group.com/uploads/27152/products/p2025050917052104512.jpg]
[www.sali-group.com/uploads/27152/products/p20250509170536a14fe.jpg]
[www.sali-group.com/uploads/27152/products/p202505091705487d2ce.jpg]
[www.sali-group.com/uploads/27152/products/p20250509170734c2fe5.jpg]
[www.sali-group.com/uploads/27152/products/p20250509170635cc0c8.jpg]
[www.sali-group.com/uploads/27152/products/p2025050917064548ba1.jpg]
[www.sali-group.com/uploads/27152/products/p20250509170650d1ca1.jpg]
[www.sali-group.com/uploads/27152/products/p2025050917065448955.jpg]
[www.sali-group.com/uploads/27152/products/p20250509170659415d8.jpg]
[www.sali-group.com/uploads/27152/products/p20250509170707d1fec.jpg]
[www.sali-group.com/uploads/27152/products/p202505091707161db63.jpg]
[www.sali-group.com/coated-abrasives/multi-function-drill-bit.html]
[www.sali-group.com/uploads/202327152/square-hole-drill-bit376398af-9fc9-4ec0-9f23-ec9d1e773493.jpg]
[www.sali-group.com/images/27152/othera53b.css]
[www.sali-group.com/uploads/202327152/small/square-hole-drill-bit905ff840-3006-48dc-bfc5-9bb3bc9f7298.jpg]
[www.sali-group.com/uploads/202327152/small/square-hole-drill-bita7696ebe-7728-41a3-8059-794701268802.jpg]
[www.sali-group.com/uploads/202327152/small/square-hole-drill-bit66c6b055-c6c8-459e-b67d-9eb7d060a696.jpg]
[www.sali-group.com/uploads/202327152/small/square-hole-drill-bitc54be279-5ef8-4d0e-96e7-f5a1484118da.jpg]
[www.sali-group.com/uploads/202327152/small/square-hole-drill-bit011f6571-3a36-45b3-b8d7-cf7f062ed85c.jpg]
[www.sali-group.com/Content/uploads/2023625764/202311131659509aeab78229a64c9782d1c48079334de7.jpg]
[www.sali-group.com/Content/uploads/2023625764/202311131701461c95cf82b6fa4b93be2899237b1a8e84.jpg]
[www.sali-group.com/Content/uploads/2023625764/202311131701582d69e4a8f0234145966a5687a54b1b03.jpg]
[www.sali-group.com/coated-abrasives/wood-drill-bit/square-hole-drill-bit.html]
[js01.v15cdn.com/modular2792.js]
[www.sali-group.com/uploads/202327152/hss-step-drill5df19bc2-eab5-4e83-8fdd-193572538667.jpg]
[www.sali-group.com/images/27152/other9ef0.css]
[www.sali-group.com/uploads/202327152/small/hss-step-drillcc8398a9-32e0-47ce-a32e-b8ab614138cc.jpg]
[www.sali-group.com/uploads/202327152/small/hss-step-drillf813d0a3-b0a5-4fd8-9062-84e1b8a9abb8.jpg]
[www.sali-group.com/Content/uploads/2023625764/202309131018092718b477fefc404b8f573508a376038f.jpg]
[www.sali-group.com/Content/uploads/2023625764/20230913102817623213daa495445c94e3e14992c9059e.jpg]
[www.sali-group.com/Content/uploads/2023625764/20230913102823b359ac9056d54a9e951127fa0a53f97b.jpg]
[www.sali-group.com/Content/uploads/2023625764/202309131028288c47fe0bbcc5467ab216baa334fc275a.jpg]
[www.sali-group.com/Content/uploads/2023625764/2023091310234542414f0e7a4342a98c57ea70d3dc639f.jpg]
[www.sali-group.com/Content/uploads/2023625764/20230913102450ab0ecaf07e2946ca92987d277d0aeead.jpg]
[www.sali-group.com/Content/uploads/2023625764/20230913103026c4baa9384279416f9d06099e0201a625.jpg]
[www.sali-group.com/Content/uploads/2023625764/2023091310303237755dfe82e044d1b0fa6de28ea543c5.jpg]
[www.sali-group.com/coated-abrasives/hss-drill-bit/hss-step-drill.html]
[www.sali-group.com/uploads/202227152/16pcs-hold-saw-set43022441795.jpg]
[www.sali-group.com/images/27152/othere76c.css]
[www.sali-group.com/uploads/202227152/small/16pcs-hold-saw-set47289942098.jpg]
[www.sali-group.com/uploads/202227152/small/16pcs-hold-saw-set48572910586.jpg]
[www.sali-group.com/uploads/202227152/small/16pcs-hold-saw-set49144473785.jpg]
[www.sali-group.com/Content/uploads/2022625764/2022090514063361f387135a3940ae95f466a3a1c498aa.jpg]
[www.sali-group.com/Content/uploads/2022625764/20220905140709e659a22526244a52b5966dbe6fc35c2e.jpg]
[www.sali-group.com/Content/uploads/2022625764/202209051409313b067dc46d054de2b4bca8bdac42a8bc.jpg]
[www.sali-group.com/Content/uploads/2022625764/20220905140939515f6b06d2094dc599ac2892a4da0696.jpg]
[www.sali-group.com/Content/uploads/2022625764/2022090514095066b58553548d4d57bf997c72903c09fa.jpg]
[www.sali-group.com/Content/uploads/2022625764/20220905141042c8489c60039c4cfda5b3a54a29df0dba.jpg]
[www.sali-group.com/coated-abrasives/hole-saw-drill-bit/16pcs-hold-saw-set.html]
[www.sali-group.com/uploads/202227152/hold-saw-set-8pcs51315288358.jpg]
[www.sali-group.com/images/27152/otherda0f.css]
[www.sali-group.com/uploads/202227152/small/hold-saw-set-8pcs53363413369.jpg]
[www.sali-group.com/uploads/202227152/small/hold-saw-set-8pcs53392788834.jpg]
[www.sali-group.com/uploads/202227152/small/hold-saw-set-8pcs53399507260.jpg]
[www.sali-group.com/coated-abrasives/hole-saw-drill-bit/8pcs-hold-saw-set.html]
[www.sali-group.com/pliers/wrench/sali-ratchet-wrench.html]
[www.sali-group.com/uploads/202227152/sali-velcro-disc-and-back-pad54287183906.jpg]
[www.sali-group.com/images/27152/other8c83.css]
[www.sali-group.com/uploads/202227152/small/sali-velcro-disc-and-back-pad54545167143.jpg]
[www.sali-group.com/uploads/202227152/small/sali-velcro-disc-and-back-pad54549854749.jpg]
[www.sali-group.com/uploads/202227152/small/sali-velcro-disc-and-back-pad55164542132.jpg]
[www.sali-group.com/uploads/202227152/small/sali-velcro-disc-and-back-pad55174698462.jpg]
[www.sali-group.com/uploads/202227152/small/sali-velcro-disc-and-back-pad55170011626.jpg]
[www.sali-group.com/Content/uploads/2022625764/20220331115612ad59a664d9de4bfcb830a1c3dcddda81.jpg]
[www.sali-group.com/Content/uploads/2022625764/2022033111561260bbd2d9c5434b3cbbff6bb28f5910e1.jpg]
[www.sali-group.com/coated-abrasives/sali-velcro-disc-and-back-pad.html]
[www.sali-group.com/uploads/202127152/sali-drill-chuck-with-diamond-hole-saw-drill05509583180.jpg]
[www.sali-group.com/images/27152/other9ab4.css]
[www.sali-group.com/uploads/202127152/small/sali-drill-chuck-with-diamond-hole-saw-drill06065514641.jpg]
[www.sali-group.com/uploads/202127152/small/sali-drill-chuck-with-diamond-hole-saw-drill06070514594.jpg]
[www.sali-group.com/uploads/202127152/small/sali-drill-chuck-with-diamond-hole-saw-drill06299023649.jpg]
[www.sali-group.com/uploads/202127152/small/sali-drill-chuck-with-diamond-hole-saw-drill06303867497.jpg]
[www.sali-group.com/uploads/202127152/small/sali-drill-chuck-with-diamond-hole-saw-drill06305431170.jpg]
[www.sali-group.com/uploads/202127152/small/sali-drill-chuck-with-diamond-hole-saw-drill06445264718.jpg]
[www.sali-group.com/Content/uploads/2021625764/20211203135651523feffd5b9240179fbd4bf9c4139a67.jpg]
[www.sali-group.com/Content/uploads/2021625764/20211203140040c16c8b8015f940198047bca2489b676b.jpg]
[www.sali-group.com/Content/uploads/2021625764/20211203140054a78d409788b141f9986ea395ef886726.jpg]
[www.sali-group.com/Content/uploads/2021625764/202112031401319395eb5fec43467d86c8ae844664f469.jpg]
[www.sali-group.com/Content/uploads/2021625764/202112031402306e01dadcad13404abb073686ace8b010.jpg]
[www.sali-group.com/coated-abrasives/hole-saw-drill-bit/sali-drill-chuck-with-diamond-hole-saw-drill.html]
[www.sali-group.com/uploads/202127152/high-speed-steel-twisted-drill18107797614.jpg]
[www.sali-group.com/images/27152/other58e6.css]
[www.sali-group.com/uploads/202127152/small/high-speed-steel-twisted-drill18298253993.jpg]
[www.sali-group.com/uploads/202127152/small/high-speed-steel-twisted-drill18301400633.jpg]
[www.sali-group.com/uploads/202127152/small/high-speed-steel-twisted-drill18311108425.jpg]
[www.sali-group.com/uploads/202127152/small/high-speed-steel-twisted-drill18314233575.jpg]
[www.sali-group.com/uploads/202127152/small/high-speed-steel-twisted-drill18317202266.jpg]
[www.sali-group.com/Content/uploads/2021625764/20210204103845fb1cbc35b78d4efe916d1547e31840f8.jpg]
[www.sali-group.com/Content/uploads/2021625764/2021020410384677c67746317949438b2c92100c4947c8.jpg]
[www.sali-group.com/Content/uploads/2021625764/202102041038465910ba5181de47bab12b748084b678bf.jpg]
[www.sali-group.com/coated-abrasives/hss-drill-bit/high-speed-steel-twisted-drill.html]
[www.sali-group.com/uploads/202127152/sds-electric-hammer-drill50484003272.jpg]
[www.sali-group.com/images/27152/other5b39.css]
[www.sali-group.com/uploads/202127152/small/sds-electric-hammer-drill51136397117.jpg]
[www.sali-group.com/uploads/202127152/small/sds-electric-hammer-drill51140157773.jpg]
[www.sali-group.com/uploads/202127152/small/sds-electric-hammer-drill51147024979.jpg]
[www.sali-group.com/uploads/202127152/small/sds-electric-hammer-drill51153761878.jpg]
[www.sali-group.com/uploads/202127152/small/sds-electric-hammer-drill51156261527.jpg]
[www.sali-group.com/Content/uploads/2021625764/20210204101510d8f1832ea3444b76b62b4ea0efcac9f4.jpg]
[www.sali-group.com/Content/uploads/2021625764/20210204101520d17f6a1e98bc42009a4cc30971662c77.jpg]
[www.sali-group.com/Content/uploads/2021625764/202102041015332b8e817a762d4e67a84e803c69fbd9b7.jpg]
[www.sali-group.com/coated-abrasives/sds-max-hammer-drill-bit/sds-electric-hammer-drill.html]
[www.sali-group.com/pliers/plier/amecian-diagonal-cutting-pliers.html]
[www.sali-group.com/images/27152/other68a2.css]
[www.sali-group.com/cordless/cordless-pruner.html]
[www.sali-group.com/showroom/20v-cordless-spanner/index.html]
[www.sali-group.com/cordless/cordless-circular-saw.html]
[www.sali-group.com/showroom/t-type-knife-blade/index.html]
[www.sali-group.com/showroom/diagonal-cutting-pliers/index.html]
[www.sali-group.com/images/27152/otherdc3c.css]
[www.sali-group.com/pliers/page-2/index.html]
[www.sali-group.com/images/27152/other3bcd.css]
[www.sali-group.com/images/27152/otherd9eb.css]
[www.sali-group.com/uploads/27152/sali-pu-foam92dfd.jpg]
[www.sali-group.com/images/27152/other38e8.css]
[www.sali-group.com/uploads/27152/small/sali-pu-foam46927.jpg]
[www.sali-group.com/uploads/27152/products/p20250809104256d9865.jpg]
[www.sali-group.com/uploads/27152/products/p20250809104736f2857.jpg]
[www.sali-group.com/uploads/27152/products/p20250809104954e1ef1.jpg]
[www.sali-group.com/showroom/cutting-wheel-355mm/index.html]
[www.sali-group.com/pliers/other-tools/sali-pu-foam.html]
[www.sali-group.com/pliers/other-tools/sali-blue-grease-gun.html]
[www.sali-group.com/uploads/27152/hydraulic-bottle-jacka3ad3.jpg]
[www.sali-group.com/images/27152/otherb339.css]
[www.sali-group.com/uploads/27152/small/hydraulic-bottle-jackfabac.jpg]
[www.sali-group.com/uploads/27152/small/hydraulic-bottle-jack5f309.jpg]
[www.sali-group.com/uploads/27152/small/hydraulic-bottle-jack73ce8.jpg]
[www.sali-group.com/uploads/27152/small/hydraulic-bottle-jack083c8.jpg]
[www.sali-group.com/uploads/27152/small/hydraulic-bottle-jack51429.jpg]
[www.sali-group.com/uploads/27152/products/p20250807162835ee479.png]
[www.sali-group.com/uploads/27152/products/p20250807164204225e8.png]
[www.sali-group.com/uploads/27152/products/p202508071646165d5e2.png]
[www.sali-group.com/pliers/hydraulic-tools/hydraulic-bottle-jack.html]
[www.sali-group.com/uploads/27152/sali-72-tooth-crank-ratchet-wrench46552.jpg]
[www.sali-group.com/images/27152/other3be4.css]
[www.sali-group.com/uploads/27152/small/sali-72-tooth-crank-ratchet-wrenchfff64.jpg]
[www.sali-group.com/uploads/27152/products/p202507091522473c6c0.jpg]
[www.sali-group.com/pliers/wrench/sali-72-tooth-crank-ratchet-wrench.html]
[www.sali-group.com/pliers/wrench/sali-adjustable-wrench-plastic-handle-or.html]
[www.sali-group.com/uploads/27152/sali-razor-blade-scraper-tool7b827.jpg]
[www.sali-group.com/images/27152/other92a7.css]
[www.sali-group.com/uploads/27152/small/sali-scraper-toolb6ec1.jpg]
[www.sali-group.com/uploads/27152/small/sali-scraper-tool5623a.jpg]
[www.sali-group.com/uploads/27152/small/sali-scraper-tool8bf29.jpg]
[www.sali-group.com/uploads/27152/products/p20250621151810d574b.jpg]
[www.sali-group.com/uploads/27152/products/p20250621151815932b9.jpg]
[www.sali-group.com/uploads/27152/products/p2025062115295688f98.jpg]
[www.sali-group.com/uploads/27152/products/p20250621153006d9c22.jpg]
[www.sali-group.com/uploads/27152/products/p2025062115350093ed9.jpg]
[www.sali-group.com/uploads/27152/products/p2025062115351308fe6.jpg]
[www.sali-group.com/pliers/knife/sali-razor-blade-scraper-tool.html]
[www.sali-group.com/uploads/27152/sali-l-shaped-milling-wrench44fb4.jpg]
[www.sali-group.com/images/27152/other8841.css]
[www.sali-group.com/uploads/27152/small/sali-l-shaped-milling-wrench28849.jpg]
[www.sali-group.com/uploads/27152/small/sali-l-shaped-milling-wrench523e5.jpg]
[www.sali-group.com/uploads/27152/small/sali-l-shaped-milling-wrench7cdb6.jpg]
[www.sali-group.com/uploads/27152/small/sali-l-shaped-milling-wrench6d6db.jpg]
[www.sali-group.com/uploads/27152/small/sali-l-shaped-milling-wrenchffe64.jpg]
[www.sali-group.com/uploads/27152/small/sali-l-shaped-milling-wrench0b7eb.jpg]
[www.sali-group.com/uploads/27152/products/p202503141631147f698.jpg]
[www.sali-group.com/uploads/27152/products/p20250314164402f2835.jpg]
[www.sali-group.com/uploads/27152/products/p202503141645145ac0a.jpg]
[www.sali-group.com/uploads/27152/products/p20250314164725f19f6.jpg]
[www.sali-group.com/uploads/27152/products/p202503141647315d525.jpg]
[www.sali-group.com/uploads/27152/products/p202503141647368f545.jpg]
[www.sali-group.com/uploads/27152/products/p202503141647452f72a.jpg]
[www.sali-group.com/pliers/wrench/9pcs-ball-end-hex-key-set.html]
[www.sali-group.com/pliers/wrench/sali-heavy-duty-pipe-wrench-with-rubber-grip.html]
[www.sali-group.com/pliers/wrench/sali-l-shaped-milling-wrench.html]
[www.sali-group.com/pliers/wrench/sali-two-ways-household-wrench-tool-set.html]
[www.sali-group.com/uploads/27152/sali-tubing-ratchet-wrenche3541.jpg]
[www.sali-group.com/images/27152/otherbf4d.css]
[www.sali-group.com/uploads/27152/small/sali-tubing-ratchet-wrench850e1.jpg]
[www.sali-group.com/uploads/27152/small/sali-tubing-ratchet-wrenche4340.jpg]
[www.sali-group.com/uploads/27152/small/sali-tubing-ratchet-wrench17a50.jpg]
[www.sali-group.com/uploads/27152/small/sali-tubing-ratchet-wrench0d8e5.jpg]
[www.sali-group.com/uploads/27152/small/sali-tubing-ratchet-wrenchf9df6.jpg]
[www.sali-group.com/uploads/27152/small/sali-tubing-ratchet-wrench9d3c3.jpg]
[www.sali-group.com/uploads/27152/products/p202503111407575b53e.jpg]
[www.sali-group.com/uploads/27152/products/p202503111428050395c.jpg]
[www.sali-group.com/uploads/27152/products/p2025031114280923914.jpg]
[www.sali-group.com/uploads/27152/products/p20250311142815fb123.jpg]
[www.sali-group.com/uploads/27152/products/p202503111428281b08d.jpg]
[www.sali-group.com/uploads/27152/products/p202503111428348a11e.jpg]
[www.sali-group.com/uploads/27152/products/p202503111428427eca1.jpg]
[www.sali-group.com/pliers/wrench/sali-9pcs-ball-star-hex-end-hex-key-set.html]
[www.sali-group.com/pliers/wrench/sali-tubing-ratchet-wrench.html]
[www.sali-group.com/pliers/wrench/sali-heavy-duty-straight-pipe-wrench-with.html]
[www.sali-group.com/showroom/dc-inverter-welder/index.html]
[www.sali-group.com/uploads/27152/american-type-tip-snipa3045.jpg]
[www.sali-group.com/images/27152/otherac87.css]
[www.sali-group.com/uploads/27152/small/sali-tip-snip1a204.jpg]
[www.sali-group.com/uploads/27152/small/sali-tip-snipde3ec.jpg]
[www.sali-group.com/uploads/27152/small/sali-tip-snipb57c8.jpg]
[www.sali-group.com/uploads/27152/small/sali-tip-snipb1ec0.jpg]
[www.sali-group.com/uploads/27152/small/sali-tip-snip44933.jpg]
[www.sali-group.com/uploads/27152/products/p2025021514244751019.jpg]
[www.sali-group.com/uploads/27152/products/p20250215142512209e2.jpg]
[www.sali-group.com/uploads/27152/products/p20250215142624a0382.jpg]
[www.sali-group.com/uploads/27152/products/p2025021514254546bcb.jpg]
[www.sali-group.com/pliers/snip/american-type-tip-snip.html]
[www.sali-group.com/showroom/dc-welding-machine/index.html]
[www.sali-group.com/uploads/27152/china-scredriver-bit-set3c5b4.jpg]
[www.sali-group.com/images/27152/other76c7.css]
[www.sali-group.com/uploads/27152/small/china-scredriver-bit-set529d7.jpg]
[www.sali-group.com/uploads/27152/small/china-scredriver-bit-set4fd44.jpg]
[www.sali-group.com/uploads/27152/small/china-scredriver-bit-setf46e5.jpg]
[www.sali-group.com/uploads/27152/small/china-scredriver-bit-set11495.jpg]
[www.sali-group.com/uploads/27152/small/china-scredriver-bit-set6baed.jpg]
[www.sali-group.com/uploads/27152/products/p20250113141535fb76d.jpg]
[www.sali-group.com/uploads/27152/products/p20250113141856e3cd0.jpg]
[www.sali-group.com/uploads/27152/products/p20250113142334a8fd4.jpg]
[www.sali-group.com/uploads/27152/products/p202501131422188e1d9.jpg]
[www.sali-group.com/uploads/27152/products/p20250113142234ae5f8.jpg]
[www.sali-group.com/pliers/screw-driver/china-scredriver-bit-set.html]
[www.sali-group.com/uploads/27152/bench-visef6648.jpg]
[www.sali-group.com/images/27152/other0ddd.css]
[www.sali-group.com/uploads/27152/small/bench-vise148b5.jpg]
[www.sali-group.com/uploads/27152/small/bench-vise937bd.jpg]
[www.sali-group.com/uploads/27152/small/bench-visea1b5c.jpg]
[www.sali-group.com/uploads/27152/small/bench-vise0448e.jpg]
[www.sali-group.com/uploads/27152/products/p202411291507456b7a6.jpg]
[www.sali-group.com/uploads/27152/products/p2024112915081095f73.jpg]
[www.sali-group.com/uploads/27152/products/p202411291509347e4f9.jpg]
[www.sali-group.com/uploads/27152/products/p20241129151046ac35c.jpg]
[www.sali-group.com/uploads/27152/products/p20241129151412dd4e9.jpg]
[www.sali-group.com/uploads/27152/products/p202411291514196fecf.jpg]
[www.sali-group.com/uploads/27152/products/p20241129151424f2bcb.jpg]
[www.sali-group.com/pliers/other-tools/bench-vise.html]
[www.sali-group.com/uploads/27152/combination-square-ruler4875a.jpg]
[www.sali-group.com/images/27152/otherf746.css]
[www.sali-group.com/uploads/27152/small/combination-square-ruler281f5.jpg]
[www.sali-group.com/uploads/27152/small/combination-square-ruler5495e.jpg]
[www.sali-group.com/uploads/27152/small/combination-square-rulerd882c.jpg]
[www.sali-group.com/uploads/27152/small/combination-square-ruler066e9.jpg]
[www.sali-group.com/uploads/27152/small/combination-square-ruler0e4a4.jpg]
[www.sali-group.com/uploads/27152/products/p202405171110004d8d6.jpg]
[www.sali-group.com/uploads/27152/products/p2024051711172007fe4.jpg]
[www.sali-group.com/uploads/27152/products/p202405171117138176c.jpg]
[www.sali-group.com/pliers/measuring-tools/combination-square-ruler.html]
[www.sali-group.com/uploads/27152/torpedo-levelec240.jpg]
[www.sali-group.com/images/27152/othera08f.css]
[www.sali-group.com/uploads/27152/products/p202403011619430c710.jpg]
[www.sali-group.com/uploads/27152/products/p20240301162138a1ede.jpg]
[www.sali-group.com/pliers/measuring-tools/torpedo-level.html]
[js01.v15cdn.com/modular5a50.js]
[www.sali-group.com/uploads/27152/bridge-type-spirit-levelc6959.jpg]
[www.sali-group.com/images/27152/other39f5.css]
[www.sali-group.com/uploads/27152/small/bridge-type-spirit-level5cd8f.jpg]
[www.sali-group.com/uploads/27152/small/bridge-type-spirit-leveld3c19.jpg]
[www.sali-group.com/uploads/27152/small/bridge-type-spirit-levelcacb9.jpg]
[www.sali-group.com/uploads/27152/small/bridge-type-spirit-levelfc497.jpg]
[www.sali-group.com/uploads/27152/small/bridge-type-spirit-levela9996.jpg]
[www.sali-group.com/uploads/27152/products/p20240113140552d15fa.jpg]
[www.sali-group.com/uploads/27152/products/p202401131409405d7a3.jpg]
[www.sali-group.com/uploads/27152/products/p202401131411052c583.jpg]
[www.sali-group.com/uploads/27152/products/p202401131411313004f.jpg]
[www.sali-group.com/pliers/measuring-tools/bridge-type-spirit-level.html]
[www.sali-group.com/pliers/page-3/index.html]
[www.sali-group.com/images/27152/otherfd34.css]
[www.sali-group.com/pliers/page-4/index.html]
[www.sali-group.com/images/27152/other76ed.css]
[www.sali-group.com/pliers/page-5/index.html]
[www.sali-group.com/images/27152/other184b.css]
[www.sali-group.com/images/27152/other3329.css]
[www.sali-group.com/pliers/page-8/index.html]
[www.sali-group.com/pliers/wrench/sali-1-2-socket.html]
[www.sali-group.com/pliers/wrench/ratchet-tubing-wrench.html]
[www.sali-group.com/pliers/page-6/index.html]
[www.sali-group.com/pliers/wrench/9pcs-satr-end-hex-key-set.html]
[www.sali-group.com/pliers/page-7/index.html]
[www.sali-group.com/images/27152/otherf810.css]
[www.sali-group.com/pliers/page-9/index.html]
[www.sali-group.com/pliers/page-10/index.html]
[www.sali-group.com/pliers/page-14/index.html]
[www.sali-group.com/images/27152/other81be.css]
[www.sali-group.com/pliers/page-13/index.html]
[www.sali-group.com/pliers/page-11/index.html]
[www.sali-group.com/pliers/page-12/index.html]
[www.sali-group.com/images/27152/other8397.css]
[www.sali-group.com/showroom/rabbet-pliers/index.html]
[www.sali-group.com/pliers/plier/rabbet-pliers.html]
[www.sali-group.com/showroom/locking-pliers/index.html]
[www.sali-group.com/images/27152/other2817.css]
[www.sali-group.com/images/27152/other2760.css]
[www.sali-group.com/uploads/27152/new-safety-shoes-casual-moedl315f8.jpg]
[www.sali-group.com/images/27152/otherb61e.css]
[www.sali-group.com/uploads/27152/small/new-safety-shoes-casual-moedlb1e1a.jpg]
[www.sali-group.com/uploads/27152/small/new-safety-shoes-casual-moedlc9003.jpg]
[www.sali-group.com/uploads/27152/small/new-safety-shoes-casual-moedldd349.jpg]
[www.sali-group.com/uploads/27152/small/new-safety-shoes-casual-moedlfd3ff.jpg]
[www.sali-group.com/uploads/27152/small/new-safety-shoes-casual-moedl49f12.jpg]
[www.sali-group.com/uploads/27152/products/p20240608161906c2775.jpg]
[www.sali-group.com/uploads/27152/products/p2024060815593703dd1.jpg]
[www.sali-group.com/uploads/27152/products/p20240608160552368d4.jpg]
[www.sali-group.com/uploads/27152/products/p20240608160558d806a.jpg]
[www.sali-group.com/uploads/27152/products/p20240608160606f61da.jpg]
[www.sali-group.com/labor-insurance-tools/new-safety-shoes-casual-moedl.html]
[www.sali-group.com/uploads/27152/new-safety-shoes266fc.jpg]
[www.sali-group.com/images/27152/other67e0.css]
[www.sali-group.com/uploads/27152/small/new-safety-shoes8fb82.jpg]
[www.sali-group.com/uploads/27152/small/new-safety-shoesb7759.jpg]
[www.sali-group.com/uploads/27152/small/new-safety-shoesb8fd9.jpg]
[www.sali-group.com/uploads/27152/small/new-safety-shoes9011d.jpg]
[www.sali-group.com/uploads/27152/products/p20240608155525e621c.jpg]
[www.sali-group.com/labor-insurance-tools/new-safety-shoes.html]
[www.sali-group.com/uploads/202227152/welding-glasses07531475308.jpg]
[www.sali-group.com/images/27152/othered93.css]
[www.sali-group.com/uploads/202227152/small/welding-glasses08175382579.jpg]
[www.sali-group.com/uploads/202227152/small/welding-glasses08182257359.jpg]
[www.sali-group.com/uploads/202227152/small/welding-glasses08177882386.jpg]
[www.sali-group.com/uploads/202227152/small/welding-glasses08223663821.jpg]
[cdn.seo.com.cn/Content/Images/sdg-line.png]
[www.sali-group.com/Content/upload/2022625764/202212071016591374892.jpg]
[www.sali-group.com/Content/upload/2022625764/202212071017008961745.jpg]
[www.sali-group.com/Content/upload/2022625764/202212071017015104200.jpg]
[www.sali-group.com/Content/upload/2022625764/202212071017015447715.jpg]
[www.sali-group.com/labor-insurance-tools/welding-goggles.html]
[www.sali-group.com/uploads/202227152/sali-leather-working-latex-gloves45005385628.jpg]
[www.sali-group.com/images/27152/other2414.css]
[www.sali-group.com/uploads/202227152/small/sali-leather-working-latex-gloves45206167327.jpg]
[www.sali-group.com/uploads/202227152/small/sali-leather-working-latex-gloves45287104521.jpg]
[www.sali-group.com/uploads/202227152/small/sali-leather-working-latex-gloves45414760838.jpg]
[www.sali-group.com/uploads/202227152/small/sali-leather-working-latex-gloves45437729421.jpg]
[www.sali-group.com/Content/uploads/2022625764/20220330164646c4caf3569149452694b613dad8bd3340.jpg]
[www.sali-group.com/Content/uploads/2022625764/20220330164638a2aa45f36e944966ae0d7f551a895ec7.jpg]
[www.sali-group.com/labor-insurance-tools/sali-leather-working-latex-gloves.html]
[www.sali-group.com/uploads/202127152/sali-high-quality-safety-shoes-sbp-high-for09213316997.jpg]
[www.sali-group.com/images/27152/other17e3.css]
[www.sali-group.com/uploads/202127152/small/sali-high-quality-safety-shoes-sbp-high-for09335127624.jpg]
[www.sali-group.com/uploads/202127152/small/sali-high-quality-safety-shoes-sbp-high-for09339346520.jpg]
[www.sali-group.com/uploads/202127152/small/sali-high-quality-safety-shoes-sbp-high-for09350147985.jpg]
[www.sali-group.com/uploads/202127152/small/sali-high-quality-safety-shoes-sbp-high-for09348585713.jpg]
[www.sali-group.com/uploads/202127152/small/sali-high-quality-safety-shoes-sbp-high-for09371252873.jpg]
[www.sali-group.com/uploads/202127152/small/sali-high-quality-safety-shoes-sbp-high-for09365608550.jpg]
[www.sali-group.com/Content/uploads/2021625764/20211015135932ca9bbf589a2449059993d964bb7b880f.jpg]
[www.sali-group.com/Content/uploads/2021625764/20211015140450e4dc9d63c83748e4a78dbf10d2b05e8d.jpg]
[www.sali-group.com/Content/uploads/2021625764/2021101514045709f72ed51f9c49d08eb75ea296dc9b49.jpg]
[www.sali-group.com/Content/uploads/2021625764/2021101514075812fce854043a413e897dc40c0d7607e1.jpg]
[www.sali-group.com/Content/uploads/2021625764/20211015140758fd5fdeffefd64f49abad2048ac8e618f.jpg]
[www.sali-group.com/Content/uploads/2021625764/202110151408025f55a35c3ef04f708c01840260a1be37.jpg]
[www.sali-group.com/labor-insurance-tools/sali-high-quality-safety-shoes-sbp-high-for.html]
[www.sali-group.com/showroom/grinder-accessories/index.html]
[www.sali-group.com/images/27152/other7c35.css]
[www.sali-group.com/showroom/key-type-drill-chuck-for-impact-drill/index.html]
[www.sali-group.com/images/27152/other974b.css]
[www.sali-group.com/showroom/plastic-welding-machine-set/index.html]
[www.sali-group.com/high-pressure-power-tool/page-2/index.html]
[www.sali-group.com/images/27152/othere801.css]
[www.sali-group.com/images/27152/other8ad9.css]
[www.sali-group.com/uploads/27152/folding-daywall-sandere6923.jpg]
[www.sali-group.com/images/27152/other7c1f.css]
[www.sali-group.com/uploads/27152/small/folding-daywall-sander0d945.jpg]
[www.sali-group.com/uploads/27152/small/folding-daywall-sander42700.jpg]
[www.sali-group.com/uploads/27152/products/p20250321162105139a2.jpg]
[www.sali-group.com/uploads/27152/products/p20250321162707e4297.jpg]
[www.sali-group.com/uploads/27152/products/p20250321163807db42e.jpg]
[www.sali-group.com/uploads/27152/products/p20250321162729f46e6.jpg]
[www.sali-group.com/uploads/27152/products/p202503211627396f688.jpg]
[www.sali-group.com/uploads/27152/products/p2025032116275409993.jpg]
[www.sali-group.com/high-pressure-power-tool/plisher/folding-daywall-sander.html]
[www.sali-group.com/uploads/27152/china-impact-drill-2113p184bd.jpg]
[www.sali-group.com/images/27152/other5a2a.css]
[www.sali-group.com/uploads/27152/small/china-impact-drill-2113pc0673.jpg]
[www.sali-group.com/uploads/27152/small/china-impact-drill-2113p1ee59.jpg]
[www.sali-group.com/uploads/27152/small/china-impact-drill-2113pbe5fb.jpg]
[www.sali-group.com/uploads/27152/products/p202411011042456ad05.jpg]
[www.sali-group.com/uploads/27152/products/p2024110110431223bf6.jpg]
[www.sali-group.com/uploads/27152/products/p202411011043584cdc9.jpg]
[www.sali-group.com/high-pressure-power-tool/impact-drill/china-impact-drill-2113p.html]
[www.sali-group.com/uploads/27152/china-professional-cut-off-machine-2400waf19c.jpg]
[www.sali-group.com/images/27152/otherb76e.css]
[www.sali-group.com/uploads/27152/small/china-professional-cut-off-machine-2400wf25f2.jpg]
[www.sali-group.com/uploads/27152/small/china-professional-cut-off-machine-2400w76ae9.jpg]
[www.sali-group.com/uploads/27152/small/china-professional-cut-off-machine-2400w22603.jpg]
[www.sali-group.com/uploads/27152/small/china-professional-cut-off-machine-2400w6f4ec.jpg]
[www.sali-group.com/uploads/27152/small/china-professional-cut-off-machine-2400wc6939.jpg]
[www.sali-group.com/uploads/27152/small/china-professional-cut-off-machine-2400wfb98f.jpg]
[www.sali-group.com/uploads/27152/small/china-professional-cut-off-machine-2400w68807.jpg]
[www.sali-group.com/uploads/27152/products/p2024092914182876b6e.jpg]
[www.sali-group.com/uploads/27152/products/p202409291418430c621.jpg]
[www.sali-group.com/uploads/27152/products/p20240929142556909f2.jpg]
[www.sali-group.com/uploads/27152/products/p20240929142641affc4.jpg]
[www.sali-group.com/high-pressure-power-tool/cut-off-machines/china-professional-cut-off-machine-2400w.html]
[www.sali-group.com/welding-tools/igbt-welder.html]
[www.sali-group.com/uploads/27152/china-cut-off-machine-2400wa8b9c.jpg]
[www.sali-group.com/images/27152/other666c.css]
[www.sali-group.com/uploads/27152/small/china-cut-off-machine-2400wf691f.jpg]
[www.sali-group.com/uploads/27152/small/china-cut-off-machine-2400wb8f7b.jpg]
[www.sali-group.com/uploads/27152/small/china-cut-off-machine-2400w962e4.jpg]
[www.sali-group.com/uploads/27152/small/china-cut-off-machine-2400w2f4bd.jpg]
[www.sali-group.com/uploads/27152/products/p2024092913561163d6a.jpg]
[www.sali-group.com/uploads/27152/products/p2024092913562466fcd.jpg]
[www.sali-group.com/high-pressure-power-tool/cut-off-machines/china-cut-off-machine-2400w.html]
[www.sali-group.com/uploads/27152/sali-6355a-cut-off-machine-2200wf150f.jpg]
[www.sali-group.com/images/27152/other7e7d.css]
[www.sali-group.com/uploads/27152/small/sali-6355a-cut-off-machine-2200w20542.jpg]
[www.sali-group.com/uploads/27152/small/sali-6355a-cut-off-machine-2200wd98a4.jpg]
[www.sali-group.com/uploads/27152/small/sali-6355a-cut-off-machine-2200w620ee.jpg]
[www.sali-group.com/uploads/27152/small/sali-6355a-cut-off-machine-2200w5b5a2.jpg]
[www.sali-group.com/uploads/27152/small/sali-6355a-cut-off-machine-2200w58b45.jpg]
[www.sali-group.com/uploads/27152/small/sali-6355a-cut-off-machine-2200w04b43.jpg]
[www.sali-group.com/Content/uploads/2024625764/202409101509217afd85f1164845a59c67f51d9a1c5f11.jpg]
[www.sali-group.com/high-pressure-power-tool/cut-off-machines/sali-6355a-cut-off-machine-2200w.html]
[www.sali-group.com/uploads/202127152/cut-off-machine48033325980.jpg]
[www.sali-group.com/images/27152/otherf065.css]
[www.sali-group.com/uploads/202127152/small/cut-off-machine48033325980.jpg]
[www.sali-group.com/uploads/202127152/small/cut-off-machine48253516131.jpg]
[www.sali-group.com/uploads/202127152/small/cut-off-machine48276671174.jpg]
[www.sali-group.com/uploads/202127152/small/cut-off-machine48278390765.jpg]
[www.sali-group.com/uploads/202127152/small/cut-off-machine48290911511.jpg]
[www.sali-group.com/uploads/202127152/small/cut-off-machine48294033047.jpg]
[www.sali-group.com/Content/uploads/2021625764/20210204110237fd6b998de39848d7b52508565d64849e.jpg]
[www.sali-group.com/Content/uploads/2021625764/20210204110237197cba153ad645089cbfe1810d06f633.jpg]
[www.sali-group.com/Content/uploads/2024625764/202409101447448621fa05581d4cca8a293936d464a0ac.jpg]
[www.sali-group.com/Content/uploads/2021625764/20210204110531dac97510dac94a49b10bca92624caf6f.jpg]
[www.sali-group.com/Content/uploads/2021625764/202102041105322188b18935b64cdb93935d4d90feb3f2.jpg]
[www.sali-group.com/Content/uploads/2021625764/20210204110532daa54214389c4408955ee19376151936.jpg]
[www.sali-group.com/high-pressure-power-tool/cut-off-machines/cut-off-machine.html]
[www.sali-group.com/uploads/27152/sali-2140-rotary-hammera853f.jpg]
[www.sali-group.com/images/27152/other35a7.css]
[www.sali-group.com/uploads/27152/small/sali-2140-rotary-hammer94eff.jpg]
[www.sali-group.com/uploads/27152/small/sali-2140-rotary-hammer8e75f.jpg]
[www.sali-group.com/uploads/27152/small/sali-2140-rotary-hammerd75d4.jpg]
[www.sali-group.com/uploads/27152/small/sali-2140-rotary-hammer5e42d.jpg]
[www.sali-group.com/uploads/27152/small/sali-2140-rotary-hammerd8cbc.jpg]
[www.sali-group.com/uploads/27152/small/sali-2140-rotary-hammer265ce.jpg]
[www.sali-group.com/uploads/27152/small/sali-2140-rotary-hammer16770.jpg]
[www.sali-group.com/Content/uploads/2024625764/20240831104627a703cbe21c9e422ca8e12ab08bd6bba1.jpg]
[www.sali-group.com/high-pressure-power-tool/rotary-hammer/sali-2140-rotary-hammer.html]
[www.sali-group.com/uploads/27152/sali-2132b-rotary-hammer89932.jpg]
[www.sali-group.com/images/27152/othera1a5.css]
[www.sali-group.com/uploads/27152/small/sali-2132b-rotary-hammere7c1c.jpg]
[www.sali-group.com/uploads/27152/small/sali-2132b-rotary-hammer67880.jpg]
[www.sali-group.com/uploads/27152/small/sali-2132b-rotary-hammerd1607.jpg]
[www.sali-group.com/uploads/27152/small/sali-2132b-rotary-hammer4151f.jpg]
[www.sali-group.com/Content/uploads/2024625764/2024082610534604b524a61df44afea467bc3f0d323936.jpg]
[www.sali-group.com/high-pressure-power-tool/rotary-hammer/sali-2132b-rotary-hammer.html]
[www.sali-group.com/uploads/27152/sali-2128b-rotary-hammer7314a.jpg]
[www.sali-group.com/images/27152/other7e77.css]
[www.sali-group.com/uploads/27152/small/sali-2128b-rotary-hammer7ab3f.jpg]
[www.sali-group.com/uploads/27152/small/sali-2128b-rotary-hammer24e91.jpg]
[www.sali-group.com/uploads/27152/small/sali-2128b-rotary-hammer0185f.jpg]
[www.sali-group.com/uploads/27152/small/sali-2128b-rotary-hammer4fe6f.jpg]
[www.sali-group.com/uploads/27152/small/sali-2128b-rotary-hammerbcd3e.jpg]
[www.sali-group.com/uploads/27152/small/sali-2128b-rotary-hammer57421.jpg]
[www.sali-group.com/Content/uploads/2024625764/2024073111074670b506acd1914061b656e62c391c3670.jpg]
[www.sali-group.com/Content/uploads/2024625764/20240731103251d59ea2f516ae4d58923873e23f265630.png]
[www.sali-group.com/Content/uploads/2024625764/2024073111082945e2c56591464329b52e0e84ab6b480f.jpg]
[www.sali-group.com/Content/uploads/2024625764/20240731110918c9b9f4201cc24370a8f80e74392962ae.jpg]
[www.sali-group.com/high-pressure-power-tool/rotary-hammer/sali-2128b-rotary-hammer.html]
[www.sali-group.com/uploads/27152/sali-2128-rotary-hammer02059.jpg]
[www.sali-group.com/images/27152/other0130.css]
[www.sali-group.com/uploads/202127152/small/sali-2128-rotary-hammer53348133895.jpg]
[www.sali-group.com/Content/uploads/2021625764/202106151510487a9b4f32ff2f4a6ea149e1c68dd97d12.jpg]
[www.sali-group.com/Content/uploads/2021625764/20210615151049093782b1c79f42daab5b8ae5277b6935.jpg]
[www.sali-group.com/Content/uploads/2021625764/2021061515105026762514714f4529902b9a44fb2dba92.jpg]
[www.sali-group.com/Content/uploads/2021625764/20210615151051548953a5d9044fb8b86f7ef7debfc2e8.jpg]
[www.sali-group.com/Content/uploads/2021625764/20210615151052f153a343c531405797d77829910f25ce.jpg]
[www.sali-group.com/high-pressure-power-tool/rotary-hammer/sali-2128-rotary-hammer.html]
[www.sali-group.com/uploads/27152/sali-2126b-rotary-hammera5ef7.jpg]
[www.sali-group.com/images/27152/other175f.css]
[www.sali-group.com/uploads/27152/small/sali-2126b-rotary-hammer09e2e.jpg]
[www.sali-group.com/uploads/27152/small/sali-2126b-rotary-hammera285c.jpg]
[www.sali-group.com/uploads/27152/small/sali-2126b-rotary-hammerc3c46.jpg]
[www.sali-group.com/uploads/27152/small/sali-2126b-rotary-hammerfbc76.jpg]
[www.sali-group.com/uploads/27152/small/sali-2126b-rotary-hammer95e1f.jpg]
[www.sali-group.com/uploads/27152/small/sali-2126b-rotary-hammer9461f.jpg]
[www.sali-group.com/Content/uploads/2024625764/20240731103912139e5f83c14c42fcbb725fa4aa8ef483.jpg]
[www.sali-group.com/high-pressure-power-tool/rotary-hammer/sali-2126b-rotary-hammer.html]
[www.sali-group.com/uploads/27152/sali-2110-electric-drill9d68d.jpg]
[www.sali-group.com/images/27152/other2c5d.css]
[www.sali-group.com/uploads/202127152/small/sali-2110-electric-drill37504280650.jpg]
[www.sali-group.com/uploads/202127152/small/sali-2110-electric-drill37508499457.jpg]
[www.sali-group.com/uploads/202127152/small/sali-2110-electric-drill37517705602.jpg]
[www.sali-group.com/uploads/202127152/small/sali-2110-electric-drill37519381803.jpg]
[www.sali-group.com/Content/uploads/2024625764/2024072511592856d448f0326b472bbbc8c8a5b4199c53.jpg]
[www.sali-group.com/Content/uploads/2024625764/202407251159465312e128d00843d6a4f023811a55528e.jpg]
[www.sali-group.com/high-pressure-power-tool/impact-drill/sali-2110-electric-drill.html]
[www.sali-group.com/high-pressure-power-tool/page-3/index.html]
[www.sali-group.com/images/27152/otherdba4.css]
[www.sali-group.com/images/27152/other2616.css]
[www.sali-group.com/high-pressure-power-tool/sali-high-quality-long-life-power-electric.html]
[www.sali-group.com/high-pressure-power-tool/page-4/index.html]
[www.sali-group.com/high-pressure-power-tool/60w-holt-melt-glue-gun-on-off-switch-online.html]
[www.sali-group.com/high-pressure-power-tool/page-5/index.html]
[www.sali-group.com/images/27152/other5ef3.css]
[www.sali-group.com/high-pressure-power-tool/page-6/index.html]
[www.sali-group.com/images/27152/other130c.css]
[www.sali-group.com/showroom/high-pressure-power-tool/index.html]
[www.sali-group.com/images/27152/other5773.css]
[www.sali-group.com/images/27152/other62c9.css]
[www.sali-group.com/welding-tools/page-2/index.html]
[www.sali-group.com/images/27152/otherb4a5.css]
[www.sali-group.com/welding-tools/sali-30w-soldering-iron.html]
[www.sali-group.com/uploads/27152/mig-welding-machine06d21.jpg]
[www.sali-group.com/images/27152/other5a54.css]
[www.sali-group.com/uploads/27152/small/mig-welding-machinecbc31.jpg]
[www.sali-group.com/uploads/27152/small/mig-welding-machine61435.jpg]
[www.sali-group.com/uploads/27152/small/mig-welding-machined2473.jpg]
[www.sali-group.com/uploads/27152/small/mig-welding-machine0d9db.jpg]
[www.sali-group.com/uploads/27152/small/mig-welding-machinedcd82.jpg]
[www.sali-group.com/uploads/27152/products/p202404011501549e6da.jpg]
[www.sali-group.com/uploads/27152/products/p20240401150441e225e.jpg]
[www.sali-group.com/welding-tools/mig-welding-machine.html]
[www.sali-group.com/uploads/202227152/sali-mma-300-220v-voltage-igbt-inverter-dc03004135070.jpg]
[www.sali-group.com/images/27152/other4180.css]
[www.sali-group.com/uploads/202227152/small/sali-mma-300-220v-voltage-igbt-inverter-dc09252120737.jpg]
[www.sali-group.com/uploads/202227152/small/sali-mma-300-220v-voltage-igbt-inverter-dc09408058200.jpg]
[www.sali-group.com/uploads/202227152/small/sali-mma-300-220v-voltage-igbt-inverter-dc09461964863.jpg]
[www.sali-group.com/Content/uploads/2022625764/20220519112007a0a60d79ac09400995dd7a7eaabf1a81.jpg]
[www.sali-group.com/Content/uploads/2022625764/20220519112803b0c5d953451d4b5dab9e134ab4906071.jpg]
[www.sali-group.com/Content/uploads/2022625764/202205191129275c77fc592e3f4c7598c68bce8bf686e7.jpg]
[www.sali-group.com/welding-tools/sali-mma-300-220v-voltage-igbt-inverter-dc.html]
[www.sali-group.com/uploads/202227152/sali-welding-machine-mma-25038464056613.jpg]
[www.sali-group.com/images/27152/other653c.css]
[www.sali-group.com/uploads/202227152/small/sali-welding-machine-mma-25042334701686.jpg]
[www.sali-group.com/Content/uploads/2022625764/202205171351198662fec4bdee4888a41394e97b6bc924.jpg]
[www.sali-group.com/Content/uploads/2022625764/20220517135915ac3b7655c9554f81a94183078ca0f2e5.jpg]
[www.sali-group.com/Content/uploads/2022625764/20220517140725c5eeac6010134c80ab04e024f7d95d32.jpg]
[www.sali-group.com/welding-tools/sali-welding-machine-mma-250.html]
[www.sali-group.com/uploads/202227152/sali-dc-igbt-inverter-welder-mma-20015377305709.jpg]
[www.sali-group.com/images/27152/other27b4.css]
[www.sali-group.com/uploads/202227152/small/sali-dc-igbt-inverter-welder-mma-20015455742920.jpg]
[www.sali-group.com/Content/uploads/2022625764/202205161917176aef9bea354e4732a75de7aeaecc80a9.jpg]
[www.sali-group.com/Content/uploads/2022625764/202205161919586ef566d6eb64478ea05165a87f2fdf1f.jpg]
[www.sali-group.com/Content/uploads/2022625764/202205161921177b1995d798d64335aaf0cc108213cc57.jpg]
[www.sali-group.com/welding-tools/sali-dc-igbt-inverter-welder-mma-200.html]
[www.sali-group.com/uploads/202127152/sali-welding-machine-400-high-energy14182138695.jpg]
[www.sali-group.com/images/27152/otherba05.css]
[www.sali-group.com/uploads/202127152/small/sali-welding-machine-400-high-energy14360278766.jpg]
[www.sali-group.com/uploads/202127152/small/sali-welding-machine-400-high-energy14370609277.jpg]
[www.sali-group.com/Content/uploads/2021625764/20211022170832dfc7a63f500944618746ed0e32efe02f.jpg]
[www.sali-group.com/Content/uploads/2021625764/2021102217083276d4c4b903fc4499ad2245b23ccf5e22.jpg]
[www.sali-group.com/Content/uploads/2021625764/20211022170833e56bdf3c691b4dcb99421a98b6852d9e.jpg]
[www.sali-group.com/welding-tools/sali-welding-machine-400-high-energy.html]
[www.sali-group.com/uploads/202127152/sali-mma-300-welding-machine12201728730.jpg]
[www.sali-group.com/images/27152/other5150.css]
[www.sali-group.com/uploads/202127152/small/sali-mma-300-welding-machine12462838826.jpg]
[www.sali-group.com/uploads/202127152/small/sali-mma-300-welding-machine12466778699.jpg]
[www.sali-group.com/uploads/202127152/small/sali-mma-300-welding-machine12471558863.jpg]
[www.sali-group.com/uploads/202127152/small/sali-mma-300-welding-machine12482968674.jpg]
[www.sali-group.com/welding-tools/sali-mma-300-welding-machine.html]
[www.sali-group.com/uploads/202127152/sali-mma-250-welding-machine-for-special10359278704.jpg]
[www.sali-group.com/images/27152/othere7c8.css]
[www.sali-group.com/uploads/202127152/small/sali-mma-250-welding-machine-for-special11057848802.jpg]
[www.sali-group.com/uploads/202127152/small/sali-mma-250-welding-machine-for-special11060748815.jpg]
[www.sali-group.com/uploads/202127152/small/sali-mma-250-welding-machine-for-special11069848774.jpg]
[www.sali-group.com/uploads/202127152/small/sali-mma-250-welding-machine-for-special11075148703.jpg]
[www.sali-group.com/welding-tools/sali-mma-250-welding-machine-for-special.html]
[www.sali-group.com/uploads/202127152/sali-tig-mma-high-quality-welding-machine53387690842.jpg]
[www.sali-group.com/images/27152/other1dc8.css]
[www.sali-group.com/uploads/202127152/small/sali-tig-mma-high-quality-welding-machine53520560874.jpg]
[www.sali-group.com/uploads/202127152/small/sali-tig-mma-high-quality-welding-machine53540403617.jpg]
[www.sali-group.com/uploads/202127152/small/sali-tig-mma-high-quality-welding-machine53547270970.jpg]
[www.sali-group.com/uploads/202127152/small/sali-tig-mma-high-quality-welding-machine12060140850.jpg]
[www.sali-group.com/uploads/202127152/small/sali-tig-mma-high-quality-welding-machine12095780860.jpg]
[www.sali-group.com/Content/uploads/2021625764/20210809155737e50d576d4be44d9c8ad8fcc82ee9b3d6.jpg]
[www.sali-group.com/Content/uploads/2021625764/202108091559170349964908be41ffaea8046c986e5166.jpg]
[www.sali-group.com/Content/uploads/2021625764/202108091612433022b0e0d5c249289e5cb7e0b0df42f3.jpg]
[www.sali-group.com/welding-tools/sali-tig-mma-high-quality-welding-machine.html]
[www.sali-group.com/uploads/202127152/sali-mma-mig-welding-machine38538250959.jpg]
[www.sali-group.com/images/27152/other4daf.css]
[www.sali-group.com/uploads/202127152/small/sali-mma-mig-welding-machine40396700919.jpg]
[www.sali-group.com/uploads/202127152/small/sali-mma-mig-welding-machine40400200829.jpg]
[www.sali-group.com/Content/uploads/2021625764/202108091352470284a06d8ce745f0b7e13fe50ac47395.jpg]
[www.sali-group.com/Content/uploads/2021625764/2021080913580334b3e3565a9b47b19052ad99fb17fbd7.jpg]
[www.sali-group.com/Content/uploads/2021625764/202108091359178f00a5f315be4112911a100fc3f372c8.jpg]
[www.sali-group.com/Content/uploads/2021625764/20210809161418e79221d374f24e89ac8f6ac89447ed3a.jpg]
[www.sali-group.com/welding-tools/sali-mma-mig-welding-machine.html]
[www.sali-group.com/pliers/sali-household-hardware-hand-tool-set-tool.html]
[www.sali-group.com/uploads/202127152/60w-soldering-iron16470901163.jpg]
[www.sali-group.com/images/27152/otherf3b2.css]
[www.sali-group.com/uploads/202127152/small/60w-soldering-iron17017515164.jpg]
[www.sali-group.com/uploads/202127152/small/60w-soldering-iron17019716876.jpg]
[www.sali-group.com/uploads/202127152/small/60w-soldering-iron17024070991.jpg]
[www.sali-group.com/uploads/202127152/small/60w-soldering-iron17030183993.jpg]
[www.sali-group.com/Content/uploads/2021625764/20210204121910e9a0f6a915cd433786385db6f483001c.jpg]
[www.sali-group.com/Content/uploads/2021625764/20210204121910a03df08ac69a4a6ebe2def0c9bcc952a.jpg]
[www.sali-group.com/Content/uploads/2021625764/20210204121911321492d9023d43799e44f655fb3be847.jpg]
[www.sali-group.com/Content/uploads/2021625764/2021020412191160b39ece86714c67bc0f180b979a2a57.jpg]
[www.sali-group.com/Content/uploads/2021625764/2021020412191137c40baee1c04ee7a2cd587a7953d9e2.jpg]
[www.sali-group.com/Content/uploads/2021625764/202102041219122a56c46972a44209aa77371e8b69b980.jpg]
[www.sali-group.com/welding-tools/60w-soldering-iron.html]
[www.sali-group.com/uploads/202127152/40w-soldering-iron49042838971.jpg]
[www.sali-group.com/images/27152/otherc715.css]
[www.sali-group.com/uploads/202127152/small/40w-soldering-iron49243502246.jpg]
[www.sali-group.com/uploads/202127152/small/40w-soldering-iron49247574891.jpg]
[www.sali-group.com/uploads/202127152/small/40w-soldering-iron49253210302.jpg]
[www.sali-group.com/Content/uploads/2021625764/202102041151266ca1672ed07b460d822d922947898237.jpg]
[www.sali-group.com/Content/uploads/2021625764/202102041151270d56310bc90441a7852b0d25fdfee7fe.jpg]
[www.sali-group.com/Content/uploads/2021625764/2021020411512793fe8f36f8014a0c80a56a9d835fc77b.jpg]
[www.sali-group.com/Content/uploads/2021625764/20210204115128de3e018883ef4c87822eba8a322ec60a.jpg]
[www.sali-group.com/Content/uploads/2021625764/202102041151283c1947096f68474eaebc0de0e12987a0.jpg]
[www.sali-group.com/Content/uploads/2021625764/202102041151287cdef3220c9142ab95655d20f2202909.jpg]
[www.sali-group.com/welding-tools/40w-soldering-iron.html]
[www.sali-group.com/showroom/14-inch-green-super-thin-cutting-abrsive-discs/index.html]
[www.sali-group.com/images/27152/other1d0b.css]
[www.sali-group.com/showroom/180mm-cold-saw-blade-40-teeth/index.html]
[www.sali-group.com/images/27152/other1b4a.css]
[www.sali-group.com/images/27152/other36d0.css]
[www.sali-group.com/uploads/27152/sali-air-washing-gun4d088.jpg]
[www.sali-group.com/images/27152/other0251.css]
[www.sali-group.com/uploads/27152/small/sali-air-washing-gun5f5c4.jpg]
[www.sali-group.com/uploads/27152/small/sali-air-washing-gunb0ad4.jpg]
[www.sali-group.com/uploads/27152/small/sali-air-washing-guneacb7.jpg]
[www.sali-group.com/uploads/27152/small/sali-air-washing-gunae7c2.jpg]
[www.sali-group.com/uploads/27152/products/p202505081008145e054.jpg]
[www.sali-group.com/uploads/27152/products/p2025050810082208d81.jpg]
[www.sali-group.com/uploads/27152/products/p20250508100926094cb.jpg]
[www.sali-group.com/uploads/27152/products/p20250508100946e2e2e.jpg]
[www.sali-group.com/uploads/27152/products/p2025050810095964907.jpg]
[www.sali-group.com/air-tools/sali-air-washing-gun.html]
[www.sali-group.com/uploads/27152/tire-pressure-gauge6e1d8.jpg]
[www.sali-group.com/images/27152/other184f.css]
[www.sali-group.com/uploads/27152/small/tire-pressure-gaugede9ee.jpg]
[www.sali-group.com/uploads/27152/small/tire-pressure-gauge97445.jpg]
[www.sali-group.com/uploads/27152/small/tire-pressure-gauge1e2df.jpg]
[www.sali-group.com/uploads/27152/products/p20241128143330017c6.jpg]
[www.sali-group.com/uploads/27152/products/p20241128143351fe29b.jpg]
[www.sali-group.com/uploads/27152/products/p202411281434084875c.jpg]
[www.sali-group.com/uploads/27152/products/p2024112814364212d21.jpg]
[www.sali-group.com/uploads/27152/products/p2024112814370243621.jpg]
[www.sali-group.com/air-tools/tire-pressure-gauge.html]
[www.sali-group.com/uploads/202327152/quiet-air-compressor-50lfcd9851d-788b-4d48-aba5-b55b4ab932ed.jpg]
[www.sali-group.com/images/27152/otherceae.css]
[www.sali-group.com/uploads/202327152/small/quiet-air-compressor-50l1e51a075-da49-4d2f-b9c4-a8511e22d9f3.jpg]
[www.sali-group.com/uploads/202327152/small/quiet-air-compressor-50le629fd35-47c7-4a4f-849b-f3e5f398b03d.jpg]
[www.sali-group.com/uploads/202327152/small/quiet-air-compressor-50l6deb9bea-bbc6-47c6-a100-45f747f8f889.jpg]
[www.sali-group.com/uploads/202327152/small/quiet-air-compressor-50l4fd7e3bd-33f7-4e18-8531-e910b3a806dc.jpg]
[www.sali-group.com/uploads/202327152/small/quiet-air-compressor-50l29410d20-b52a-4404-96ba-ca38bca3712c.jpg]
[www.sali-group.com/Content/uploads/2023625764/20231218102251780820cd64f64599b7478ba6d387a322.png]
[www.sali-group.com/Content/uploads/2023625764/20231218102703fe74b21ecbe04c10a4b4bea07ab150d3.png]
[www.sali-group.com/Content/uploads/2023625764/2023121810274646a75a49f6c24b47a2d4b51304523e1e.png]
[www.sali-group.com/Content/uploads/2023625764/202312181028129cf0d456b010436eabfb66edcbd5b578.png]
[www.sali-group.com/Content/uploads/2023625764/20231218102921c17a749157cc459bb8693cec03bfed52.png]
[www.sali-group.com/Content/uploads/2023625764/2023121810301942c0fab5873e4372bd1005b7ea684605.png]
[www.sali-group.com/air-tools/quiet-air-compressor-50l.html]
[www.sali-group.com/uploads/202327152/quiet-air-compressor-30lf4c94476-b76b-4987-90e2-d71585f3404f.jpg]
[www.sali-group.com/images/27152/otherc827.css]
[www.sali-group.com/uploads/202327152/small/quiet-air-compressor-30l6a4486fd-b406-439c-b222-a68befc928fd.jpg]
[www.sali-group.com/uploads/202327152/small/quiet-air-compressor-30l8002761f-f596-483d-a788-336ece9f35ca.jpg]
[www.sali-group.com/uploads/202327152/small/quiet-air-compressor-30lb6c7e2af-5251-4fc4-b3a4-7956556d0b95.jpg]
[www.sali-group.com/uploads/202327152/small/quiet-air-compressor-30l74fe6967-5506-47ce-a9d6-fba3083a422f.jpg]
[www.sali-group.com/uploads/202327152/small/quiet-air-compressor-30lb55c8264-70f3-4e38-ad29-003e9a1baeea.jpg]
[www.sali-group.com/air-tools/quiet-air-compressor-30l.html]
[www.sali-group.com/uploads/202227152/pneumatic-steel-nail-gun-st6449415516427.jpg]
[www.sali-group.com/images/27152/other8acf.css]
[www.sali-group.com/uploads/202227152/small/pneumatic-steel-nail-gun-st6456359901391.jpg]
[www.sali-group.com/uploads/202227152/small/pneumatic-steel-nail-gun-st6456472244831.jpg]
[www.sali-group.com/uploads/202227152/small/pneumatic-steel-nail-gun-st6456473964031.jpg]
[www.sali-group.com/uploads/202227152/small/pneumatic-steel-nail-gun-st6456510214291.jpg]
[www.sali-group.com/uploads/202227152/small/pneumatic-steel-nail-gun-st6456486307666.jpg]
[www.sali-group.com/uploads/202227152/small/pneumatic-steel-nail-gun-st6456489589344.jpg]
[www.sali-group.com/Content/uploads/2022625764/20220704092744f6e493151ac647a2ab052a6c8c34de74.jpg]
[www.sali-group.com/Content/uploads/2022625764/20220704092841e3606313a0ba4c94b4dcec868ab09c1b.jpg]
[www.sali-group.com/Content/uploads/2022625764/2022070409294787b97b01d50c43579f92d3c9e56a9a40.jpg]
[www.sali-group.com/Content/uploads/2022625764/202207040930200d5c82cdd2df4a6eafc5926b78baa26f.jpg]
[www.sali-group.com/Content/uploads/2022625764/20220704093137dfa3b2e84c1a4e72afef7088888e85cc.jpg]
[www.sali-group.com/Content/uploads/2022625764/2022070409314574623dcb68734498aedb6b0cf800ec53.jpg]
[www.sali-group.com/air-tools/pneumatic-steel-nail-gun-st64.html]
[www.sali-group.com/uploads/202227152/electric-spary-gun55596749092.jpg]
[www.sali-group.com/images/27152/other1306.css]
[www.sali-group.com/Content/uploads/2022625764/20220512133117dadb210c5cbb49d59f50fdbee17cb410.jpg]
[www.sali-group.com/Content/uploads/2022625764/20220512133214dfb0c4d3ae6c4a5aa0af18366984a5ce.jpg]
[www.sali-group.com/Content/uploads/2022625764/20220512134002acbf6cd7055e414c82243e64bf9e2a67.png]
[www.sali-group.com/Content/uploads/2022625764/20220512140334f6a84b81e9f246c3864c511cba60fa97.jpg]
[www.sali-group.com/Content/uploads/2022625764/20220512140857abb9126603d64669a1fed091f447e2cb.jpg]
[cdn.seo.com.cn/Content/UEditor/themes/default/images/spacer.gif]
[www.sali-group.com/air-tools/electric-spary-gun.html]
[www.sali-group.com/uploads/202227152/sali-ultra-quiet-oil-free-air-compressor40016644247.jpg]
[www.sali-group.com/images/27152/other43b7.css]
[www.sali-group.com/uploads/202227152/small/sali-ultra-quiet-oil-free-air-compressor40287321267.jpg]
[www.sali-group.com/uploads/202227152/small/sali-ultra-quiet-oil-free-air-compressor40314195925.jpg]
[www.sali-group.com/uploads/202227152/small/sali-ultra-quiet-oil-free-air-compressor40289821178.jpg]
[www.sali-group.com/uploads/202227152/small/sali-ultra-quiet-oil-free-air-compressor40297789562.jpg]
[www.sali-group.com/uploads/202227152/small/sali-ultra-quiet-oil-free-air-compressor40300602193.jpg]
[www.sali-group.com/uploads/202227152/small/sali-ultra-quiet-oil-free-air-compressor40308102079.jpg]
[www.sali-group.com/Content/uploads/2022625764/2022033111433477f3a3dbde1b44f18a0b9246173298cb.jpg]
[www.sali-group.com/Content/uploads/2022625764/20220331114334f51657b27f9b40cd8cc1486a3fa1629c.jpg]
[www.sali-group.com/Content/uploads/2022625764/202203311143348b1b970dab4247f78734a9b2c9d23f79.jpg]
[www.sali-group.com/Content/uploads/2022625764/202203311143352ef688e0788d4ba28162cba98a808ccd.jpg]
[www.sali-group.com/Content/uploads/2022625764/2022033111433532e8bebf506b4323ab057b738e31028f.jpg]
[www.sali-group.com/air-tools/sali-ultra-quiet-oil-free-air-compressor.html]
[www.sali-group.com/uploads/202127152/sali-high-quality-air-spray-gun58180243515.jpg]
[www.sali-group.com/images/27152/other5bac.css]
[www.sali-group.com/uploads/202127152/small/sali-high-quality-air-spray-gun58358671318.jpg]
[www.sali-group.com/uploads/202127152/small/sali-high-quality-air-spray-gun58360775990.jpg]
[www.sali-group.com/uploads/202127152/small/sali-high-quality-air-spray-gun58377209150.jpg]
[www.sali-group.com/uploads/202127152/small/sali-high-quality-air-spray-gun58371032153.jpg]
[www.sali-group.com/Content/uploads/2021625764/20211105135851cc4a6cb11f4a4050b5c5b0522c63c8d3.jpg]
[www.sali-group.com/air-tools/sali-high-quality-air-spray-gun.html]
[www.sali-group.com/uploads/202127152/sali-oil-air-compressor-piston-compressor24203628013.jpg]
[www.sali-group.com/images/27152/other9d9b.css]
[www.sali-group.com/uploads/202127152/small/sali-oil-air-compressor-piston-compressor24518419712.jpg]
[www.sali-group.com/uploads/202127152/small/sali-oil-air-compressor-piston-compressor24524274759.jpg]
[www.sali-group.com/uploads/202127152/small/sali-oil-air-compressor-piston-compressor24530303319.jpg]
[www.sali-group.com/uploads/202127152/small/sali-oil-air-compressor-piston-compressor24540937371.jpg]
[www.sali-group.com/Content/uploads/2021625764/2021102210124488e263d7fc67443ebed0849ef972cca2.jpg]
[www.sali-group.com/Content/uploads/2021625764/202110221012449c076737fd31465bbee9e075433011f0.jpg]
[www.sali-group.com/Content/uploads/2021625764/20211022101849873fac656cc84972b402be82593079f5.jpg]
[www.sali-group.com/Content/uploads/2021625764/20211022101850e6ecfdcd0e9c492d8494dc0d62d55b56.jpg]
[www.sali-group.com/Content/uploads/2021625764/202110221022296efe946ab62a4b46afd8ee0326ad61fa.jpg]
[www.sali-group.com/air-tools/sali-oil-air-compressor-piston-compressor.html]
[www.sali-group.com/uploads/202127152/sali-portable-small-car-mounted-air-pump35125523488.jpg]
[www.sali-group.com/images/27152/other8964.css]
[www.sali-group.com/uploads/202127152/small/sali-portable-small-car-mounted-air-pump36519533486.jpg]
[www.sali-group.com/uploads/202127152/small/sali-portable-small-car-mounted-air-pump36526013611.jpg]
[www.sali-group.com/uploads/202127152/small/sali-portable-small-car-mounted-air-pump36551103578.jpg]
[www.sali-group.com/uploads/202127152/small/sali-portable-small-car-mounted-air-pump36562993472.jpg]
[www.sali-group.com/uploads/202127152/small/sali-portable-small-car-mounted-air-pump37041193593.jpg]
[www.sali-group.com/Content/uploads/2021625764/2021082709375605142fe67a6c49959739f5682eeca984.jpg]
[www.sali-group.com/Content/uploads/2021625764/2021082709381750edb407796c47478d7c6c929b56522a.jpg]
[www.sali-group.com/Content/uploads/2021625764/2021082709412763ab37bb19594283ac40ea6ca6814f84.jpg]
[www.sali-group.com/Content/uploads/2021625764/202108270940197c3b8e6b0082440fb863f83b8cbea90f.jpg]
[www.sali-group.com/air-tools/sali-portable-small-car-mounted-air-pump.html]
[www.sali-group.com/uploads/202127152/sali-8016a-air-stapler-nail-gun26464135391.jpg]
[www.sali-group.com/images/27152/other7dac.css]
[www.sali-group.com/uploads/202127152/small/sali-8016a-air-stapler-nail-gun26517659860.jpg]
[www.sali-group.com/uploads/202127152/small/sali-8016a-air-stapler-nail-gun26523743109.jpg]
[www.sali-group.com/uploads/202127152/small/sali-8016a-air-stapler-nail-gun26528598507.jpg]
[www.sali-group.com/uploads/202127152/small/sali-8016a-air-stapler-nail-gun26537364310.jpg]
[www.sali-group.com/Content/uploads/2021625764/20210618142720c3bccd6164af4c548770b8167c983b20.jpg]
[www.sali-group.com/Content/uploads/2021625764/202106181427210216d25ca06d44458c2cb1352f1c653d.jpg]
[www.sali-group.com/Content/uploads/2021625764/20210618142722955fcab4b2404b97bde4375839e7f267.jpg]
[www.sali-group.com/Content/uploads/2021625764/2021061814272472eea83eefa3476f82b09b3a298700a5.jpg]
[www.sali-group.com/Content/uploads/2021625764/202106181427247e363e21c288479494aeb07563413601.jpg]
[www.sali-group.com/air-tools/sali-8016a-air-stapler-nail-gun.html]
[www.sali-group.com/showroom/diamond-grinding-wheel-with-agglomerate/index.html]
[www.sali-group.com/images/27152/other71fe.css]
[www.sali-group.com/showroom/5-inch-black-grinding-wheel-with-2-nets/index.html]
[www.sali-group.com/images/27152/other3c6a.css]
[www.sali-group.com/showroom/4-in-performance-line-sg-cut-off-wheel/index.html]
[www.sali-group.com/images/27152/other73ac.css]
[www.sali-group.com/showroom/wheel-diam-metal-inox-grinding-wheel/index.html]
[www.sali-group.com/cordless/page-2/index.html]
[www.sali-group.com/images/27152/other1f4c.css]
[www.sali-group.com/images/27152/other5639.css]
[www.sali-group.com/uploads/27152/20v-cordless-combination-hammer-brushless55686.jpg]
[www.sali-group.com/images/27152/otherd9a3.css]
[www.sali-group.com/uploads/202527152/small/20v-cordless-combination-hammer-brushless513a31db-3181-4673-89ea-89f93896743e.jpg]
[www.sali-group.com/uploads/202527152/small/20v-cordless-combination-hammer-brushless4b0d601e-6da3-42ee-9ad6-3e9edc6aaa45.jpg]
[www.sali-group.com/uploads/202527152/small/20v-cordless-combination-hammer-brushlessf0985d8a-bbb5-4f2a-9c35-9c04f8325bc6.jpg]
[www.sali-group.com/uploads/202527152/small/20v-cordless-combination-hammer-brushless31d24316-886b-468a-b20e-e33d3aa034b7.jpg]
[www.sali-group.com/Content/uploads/2025625764/20250116142822eb6a5dad335d4d5ba8aa34d63a300d20.jpg]
[www.sali-group.com/Content/uploads/2025625764/20250116142951aa3b7810db49472c8719a072b7ffa2ed.jpg]
[www.sali-group.com/Content/uploads/2025625764/20250116142931cadb49bcd9de43c58c01ce2f61c37a26.jpg]
[www.sali-group.com/cordless/20v-cordless-combination-hammer-brushless.html]
[www.sali-group.com/uploads/27152/20v-cordless-drillf7360.jpg]
[www.sali-group.com/images/27152/other9e6d.css]
[www.sali-group.com/uploads/202027152/small/20v-cordless-drill33402476624.jpg]
[www.sali-group.com/uploads/202027152/small/20v-cordless-drill33403569958.jpg]
[www.sali-group.com/uploads/202027152/small/20v-cordless-drill33404829249.jpg]
[www.sali-group.com/uploads/202027152/small/20v-cordless-drill33405922818.jpg]
[www.sali-group.com/Content/uploads/2025625764/20250116113947bc3256b28ac4405ca86c5b3484cf17ec.jpg]
[www.sali-group.com/cordless/20v-cordless-drill.html]
[www.sali-group.com/uploads/27152/lithium-brushless-cordless-hammer-drill-13mme8831.jpg]
[www.sali-group.com/images/27152/otherd9f0.css]
[www.sali-group.com/uploads/202027152/small/lithium-brushless-cordless-hammer-drill-13mm45557087930.jpg]
[www.sali-group.com/uploads/27152/page/small/lithium-brushless-cordless-hammer-drill-13mmb09d4.jpg]
[www.sali-group.com/uploads/202027152/small/lithium-brushless-cordless-hammer-drill-13mm46262868374.jpg]
[www.sali-group.com/Content/uploads/2025625764/20250116111943a531ef849e264f998388225aad79182f.jpg]
[www.sali-group.com/Content/uploads/2025625764/202501161116429710ab13f21e4e9ea2d885170c25d5f6.jpg]
[www.sali-group.com/Content/uploads/2025625764/2025011611173142e07989f42c4e079bfbb00203d14912.jpg]
[www.sali-group.com/cordless/lithium-brushless-cordless-hammer-drill-13mm.html]
[www.sali-group.com/uploads/27152/lion-10mm-brushless-cordless-drillc829b.jpg]
[www.sali-group.com/images/27152/other93c7.css]
[www.sali-group.com/Content/uploads/2025625764/20250116105801ea12890c9d6545b797f645c1133e7d28.jpg]
[www.sali-group.com/Content/uploads/2025625764/20250116105808026fab862e7043fab2887f9090017a5d.jpg]
[www.sali-group.com/Content/uploads/2025625764/2025011610582548bcadfcb89e4635ae17418ce97d768d.jpg]
[www.sali-group.com/cordless/lion-10mm-brushless-cordless-drill.html]
[www.sali-group.com/uploads/27152/20v-cordless-angle-grinder-brushless26487.jpg]
[www.sali-group.com/images/27152/other838d.css]
[www.sali-group.com/uploads/202027152/small/20v-cordless-angle-grinder-brushless42308429564.jpg]
[www.sali-group.com/uploads/202027152/small/20v-cordless-angle-grinder-brushless42309679845.jpg]
[www.sali-group.com/uploads/202027152/small/20v-cordless-angle-grinder-brushless42310949322.jpg]
[www.sali-group.com/uploads/202027152/small/20v-cordless-angle-grinder-brushless42312199262.jpg]
[www.sali-group.com/Content/uploads/2020625764/20201110094137f1502b811e6d46f4a45ef423c9eb89f7.jpg]
[www.sali-group.com/Content/uploads/2020625764/202011100941555cd44ea88a484439affad414d6ac0c1a.jpg]
[www.sali-group.com/Content/uploads/2020625764/2020111009415787d6102817ef428f8823d3d27d3ca881.jpg]
[www.sali-group.com/Content/uploads/2020625764/202011100941599764be1583e343198493650b465c80e1.jpg]
[www.sali-group.com/Content/uploads/2020625764/202011100942069e9f1c2f3558454ca47ae9b8bd3bc41b.jpg]
[www.sali-group.com/Content/uploads/2020625764/202011100942098c7476672d224c9587a2af248af8c2d4.jpg]
[www.sali-group.com/cordless/20v-cordless-angle-grinder-brushless.html]
[www.sali-group.com/uploads/27152/12v-cordless-drill49b7c.jpg]
[www.sali-group.com/images/27152/other2ae8.css]
[www.sali-group.com/uploads/202027152/small/12v-cordless-drill29358672886.jpg]
[www.sali-group.com/Content/uploads/2020625764/202011100925253629d6bcc46040b5a99bbc5896293ff8.jpg]
[www.sali-group.com/Content/uploads/2020625764/202011100926340ab3bb570d3046449a0ebe4cd156f7d5.jpg]
[www.sali-group.com/Content/uploads/2020625764/20201110092637ea026b7c559245b49352c8bb4c085cec.jpg]
[www.sali-group.com/Content/uploads/2020625764/2020111009263963c37a4913424e87996acae792621d7f.jpg]
[www.sali-group.com/Content/uploads/2020625764/202011100926413df6fce9c51f4c42a2724799772649ea.jpg]
[www.sali-group.com/Content/uploads/2020625764/202011100926439dc801ddc7a1492a9d4c61c7fb573a5d.jpg]
[www.sali-group.com/cordless/12v-cordless-drill.html]
[www.sali-group.com/uploads/27152/china-cordless-leaf-blower-4002f4f84c.jpg]
[www.sali-group.com/images/27152/othercbad.css]
[www.sali-group.com/uploads/27152/small/china-cordless-leaf-blower-4002f6dc23.jpg]
[www.sali-group.com/uploads/27152/small/china-cordless-leaf-blower-4002fd04da.jpg]
[www.sali-group.com/uploads/27152/small/china-cordless-leaf-blower-4002f89fcd.jpg]
[www.sali-group.com/uploads/27152/small/china-cordless-leaf-blower-4002fe1fa6.jpg]
[www.sali-group.com/uploads/27152/products/p2024112110450252c0f.jpg]
[www.sali-group.com/uploads/27152/products/p20241121104912ff52c.jpg]
[www.sali-group.com/uploads/27152/products/p202411211050060dacb.jpg]
[www.sali-group.com/uploads/27152/products/p20241121105110f3820.jpg]
[www.sali-group.com/uploads/27152/products/p20241121105121e2409.jpg]
[www.sali-group.com/uploads/27152/products/p20241121105133adf15.jpg]
[www.sali-group.com/uploads/27152/products/p20241121105230298df.jpg]
[www.sali-group.com/uploads/27152/products/p20241121105240049a6.jpg]
[www.sali-group.com/uploads/27152/products/p20241121105251f6eba.jpg]
[www.sali-group.com/uploads/27152/products/p20241121105302e4ac2.jpg]
[www.sali-group.com/cordless/china-cordless-leaf-blower-4002f.html]
[www.sali-group.com/uploads/27152/china-cordless-jig-saw63e8d.jpg]
[www.sali-group.com/images/27152/other0be3.css]
[www.sali-group.com/uploads/27152/small/china-cordless-jig-sawb436c.jpg]
[www.sali-group.com/uploads/27152/small/china-cordless-jig-saw1f3f1.jpg]
[www.sali-group.com/uploads/27152/small/china-cordless-jig-sawe63c2.jpg]
[www.sali-group.com/uploads/27152/small/china-cordless-jig-saw4711d.jpg]
[www.sali-group.com/uploads/27152/small/china-cordless-jig-saw2fc07.jpg]
[www.sali-group.com/uploads/27152/small/china-cordless-jig-sawbf126.jpg]
[www.sali-group.com/uploads/27152/small/china-cordless-jig-saw176c9.jpg]
[www.sali-group.com/uploads/27152/products/p2024111111325240d7e.jpg]
[www.sali-group.com/uploads/27152/products/p202411111136354ebb7.jpg]
[www.sali-group.com/uploads/27152/products/p20241111113844fd816.jpg]
[www.sali-group.com/uploads/27152/products/p202411111139022e244.jpg]
[www.sali-group.com/uploads/27152/products/p20241111113818eceda.jpg]
[www.sali-group.com/cordless/china-cordless-jig-saw-8902.html]
[www.sali-group.com/uploads/27152/china-cordless-circular-saw-8185f64048.jpg]
[www.sali-group.com/images/27152/other917e.css]
[www.sali-group.com/uploads/27152/small/china-cordless-circular-saw-8185f0f3de.jpg]
[www.sali-group.com/uploads/27152/small/china-cordless-circular-saw-8185ff5adf.jpg]
[www.sali-group.com/uploads/27152/small/china-cordless-circular-saw-8185f5c7ba.jpg]
[www.sali-group.com/uploads/27152/small/china-cordless-circular-saw-8185f1cf43.jpg]
[www.sali-group.com/uploads/27152/small/china-cordless-circular-saw-8185f3c936.jpg]
[www.sali-group.com/uploads/27152/small/china-cordless-circular-saw-8185f69fe1.jpg]
[www.sali-group.com/uploads/27152/products/p20241102110837935d6.jpg]
[www.sali-group.com/uploads/27152/products/p20241102110922c0508.jpg]
[www.sali-group.com/uploads/27152/products/p20241102110931755a1.jpg]
[www.sali-group.com/cordless/china-cordless-circular-saw-8185f.html]
[www.sali-group.com/uploads/27152/cordless-impact-wrench-8202fa47d0.jpg]
[www.sali-group.com/images/27152/othere093.css]
[www.sali-group.com/uploads/202427152/small/cordless-impact-wrench-8202f8da108af-3bec-4215-a851-7c2e713c7f04.jpg]
[www.sali-group.com/uploads/202427152/small/cordless-impact-wrench-8202fa1acd18f-c26e-4b5a-85e2-bfe501d43363.jpg]
[www.sali-group.com/uploads/202427152/small/cordless-impact-wrench-8202f2f6d9314-088c-45dd-aba8-2a479211593e.jpg]
[www.sali-group.com/uploads/202427152/small/cordless-impact-wrench-8202f25d84e75-9674-4dcb-a477-8843d99588b0.jpg]
[www.sali-group.com/uploads/27152/products/p20240527100900c4d64.jpg]
[www.sali-group.com/uploads/27152/products/p20240527100918bd6d4.jpg]
[www.sali-group.com/uploads/27152/products/p20240527101415d131c.jpg]
[www.sali-group.com/uploads/27152/products/p20240527101424ea0cf.jpg]
[www.sali-group.com/uploads/27152/products/p20240527101445b425a.jpg]
[www.sali-group.com/uploads/27152/products/p202405271014564cd88.jpg]
[www.sali-group.com/cordless/cordless-impact-wrench-8202f.html]
[www.sali-group.com/showroom/20v-cordless-angle-grinder-brushless/index.html]
[www.sali-group.com/images/27152/otherf1c7.css]
[www.sali-group.com/images/27152/other4ab6.css]
[www.sali-group.com/uploads/27152/portable-gasoline-generator-800va3c6d6.jpg]
[www.sali-group.com/images/27152/other22bf.css]
[www.sali-group.com/uploads/27152/small/portable-gasoline-generator-800vaca9a1.jpg]
[www.sali-group.com/uploads/27152/small/portable-gasoline-generator-800va08ef7.jpg]
[www.sali-group.com/uploads/27152/small/portable-gasoline-generator-800va0f19d.jpg]
[www.sali-group.com/uploads/27152/small/portable-gasoline-generator-800va02f9e.jpg]
[www.sali-group.com/uploads/27152/products/p202502261131166625b.jpg]
[www.sali-group.com/uploads/27152/products/p202502261131252fdf7.jpg]
[www.sali-group.com/uploads/27152/products/p2025022611322800fb0.jpg]
[www.sali-group.com/uploads/27152/products/p20250226113244f3c7e.jpg]
[www.sali-group.com/uploads/27152/products/p20250226113302080d7.jpg]
[www.sali-group.com/uploads/27152/products/p20250226113329d7aff.jpg]
[www.sali-group.com/generator/portable-gasoline-generator-800va.html]
[www.sali-group.com/uploads/27152/disel-welding-generator9c322.jpg]
[www.sali-group.com/images/27152/other186f.css]
[www.sali-group.com/uploads/27152/small/disel-welding-generator0767e.jpg]
[www.sali-group.com/uploads/27152/small/disel-welding-generator2d80d.jpg]
[www.sali-group.com/uploads/27152/small/disel-welding-generator6c762.jpg]
[www.sali-group.com/uploads/27152/small/disel-welding-generator4f44c.jpg]
[www.sali-group.com/uploads/27152/small/disel-welding-generator40ad7.jpg]
[www.sali-group.com/uploads/27152/small/disel-welding-generator852fe.jpg]
[www.sali-group.com/uploads/27152/products/p202405051111128fbda.jpg]
[www.sali-group.com/uploads/27152/products/p202405051120333c2c2.jpg]
[www.sali-group.com/uploads/27152/products/p2024050511202348cd2.jpg]
[www.sali-group.com/uploads/27152/products/p202405051120501c6dc.jpg]
[www.sali-group.com/uploads/27152/products/p20240505112105b67f3.jpg]
[www.sali-group.com/uploads/27152/products/p20240505112118cc68d.jpg]
[www.sali-group.com/generator/disel-welding-generator.html]
[www.sali-group.com/showroom/jet-pump/index.html]
[www.sali-group.com/images/27152/other7b41.css]
[www.sali-group.com/showroom/igbt-welder/index.html]
[www.sali-group.com/images/27152/other9085.css]
[www.sali-group.com/images/27152/othere783.css]
[www.sali-group.com/uploads/202027152/peripheral-pump39230979455.jpg]
[www.sali-group.com/images/27152/other3348.css]
[www.sali-group.com/uploads/202027152/small/peripheral-pump39232250228.jpg]
[www.sali-group.com/uploads/202027152/small/peripheral-pump39233500114.jpg]
[www.sali-group.com/uploads/202027152/small/peripheral-pump39235062667.jpg]
[www.sali-group.com/uploads/202027152/small/peripheral-pump39236599586.jpg]
[www.sali-group.com/uploads/202027152/small/peripheral-pump39238021634.jpg]
[www.sali-group.com/uploads/202027152/small/peripheral-pump39239115399.jpg]
[www.sali-group.com/Content/uploads/2020625764/20201110103522acc35ff029794e89801eddbe109247b8.jpg]
[www.sali-group.com/Content/uploads/2020625764/202011101035560d10b7c77d714e608cc2943bce888d8a.jpg]
[www.sali-group.com/Content/uploads/2020625764/2020111010360635d761a97ff448fc9d6782bba0c56b31.jpg]
[www.sali-group.com/Content/uploads/2020625764/2020111010360983178df1f81249978ec418791aade46b.jpg]
[www.sali-group.com/Content/uploads/2020625764/202011101036113ef78cf6dfd94027a93e44f2b20e4c56.jpg]
[www.sali-group.com/water-pump/peripheral-pump.html]
[www.sali-group.com/uploads/202027152/jet-pump45186759066.jpg]
[www.sali-group.com/images/27152/othercdc0.css]
[www.sali-group.com/uploads/202027152/small/jet-pump45187852858.jpg]
[www.sali-group.com/uploads/202027152/small/jet-pump45189128774.jpg]
[www.sali-group.com/uploads/202027152/small/jet-pump45190222779.jpg]
[www.sali-group.com/uploads/202027152/small/jet-pump45191472948.jpg]
[www.sali-group.com/uploads/202027152/small/jet-pump45192410607.jpg]
[www.sali-group.com/Content/uploads/2020625764/20201110104355de805861c3d841cdab0fc9938440ef64.jpg]
[www.sali-group.com/Content/uploads/2020625764/202011101044202d43002ab2d045d6b7545f04b4188abb.jpg]
[www.sali-group.com/Content/uploads/2020625764/20201110104430aa186e730f8e4c50af6d74aa55e3ee9e.jpg]
[www.sali-group.com/Content/uploads/2020625764/20201110104431cd1b02c9af5a4d739b041eccddc34f7d.jpg]
[www.sali-group.com/Content/uploads/2020625764/2020111010443427cc40b9b6824f2888f9f9d7df1149bb.jpg]
[www.sali-group.com/water-pump/jet-pump.html]
[www.sali-group.com/uploads/202027152/centrifugal-pump50365676566.jpg]
[www.sali-group.com/images/27152/other997a.css]
[www.sali-group.com/uploads/202027152/small/centrifugal-pump50366770518.jpg]
[www.sali-group.com/uploads/202027152/small/centrifugal-pump50367552192.jpg]
[www.sali-group.com/uploads/202027152/small/centrifugal-pump50368645416.jpg]
[www.sali-group.com/uploads/202027152/small/centrifugal-pump50369739570.jpg]
[www.sali-group.com/uploads/202027152/small/centrifugal-pump50370999685.jpg]
[www.sali-group.com/uploads/202027152/small/centrifugal-pump50372249689.jpg]
[www.sali-group.com/uploads/202027152/small/centrifugal-pump50373343444.jpg]
[www.sali-group.com/uploads/202027152/small/centrifugal-pump50374593293.jpg]
[www.sali-group.com/uploads/202027152/small/centrifugal-pump50375988465.jpg]
[www.sali-group.com/uploads/202027152/small/centrifugal-pump50377082621.jpg]
[www.sali-group.com/Content/uploads/2020625764/2020111010490030f4e91837a4435f8154290d3b3be312.jpg]
[www.sali-group.com/Content/uploads/2020625764/2020111010493593261aa9fa7545e987812d5b8a02fcf9.jpg]
[www.sali-group.com/Content/uploads/2020625764/202011101049446c93526d94b54358b12272604aad1b1a.jpg]
[www.sali-group.com/Content/uploads/2020625764/202011101049466711e17a85c141dc93dd8dde3a9128b8.jpg]
[www.sali-group.com/Content/uploads/2020625764/20201110104948978c667ee7df47bb8a5f09a320429b88.jpg]
[www.sali-group.com/water-pump/centrifugal-pump.html]
[www.sali-group.com/uploads/202027152/self-priming-peripheral-pump55219692725.jpg]
[www.sali-group.com/images/27152/otherca63.css]
[www.sali-group.com/uploads/202027152/small/self-priming-peripheral-pump55230482639.jpg]
[www.sali-group.com/uploads/202027152/small/self-priming-peripheral-pump55231420440.jpg]
[www.sali-group.com/uploads/202027152/small/self-priming-peripheral-pump55232830901.jpg]
[www.sali-group.com/uploads/202027152/small/self-priming-peripheral-pump55234080229.jpg]
[www.sali-group.com/Content/uploads/2020625764/202011101054080907ee39c28f467ea649613250adb579.jpg]
[www.sali-group.com/Content/uploads/2020625764/202011101054307ef7df2787b34962b2d9d68e566bf4de.jpg]
[www.sali-group.com/Content/uploads/2020625764/20201110105438868fa5a6b4964360a3fc39925596e3c3.jpg]
[www.sali-group.com/Content/uploads/2020625764/20201110105439a6268ccf613f4e80a39bb00ef312fa28.jpg]
[www.sali-group.com/Content/uploads/2020625764/20201110105441969f9cd13d884728972eeb405c23142d.jpg]
[www.sali-group.com/water-pump/self-priming-peripheral-pump.html]
[www.sali-group.com/uploads/202027152/automatic-pump-control57462609698.jpg]
[www.sali-group.com/images/27152/otherdea4.css]
[www.sali-group.com/uploads/202027152/small/automatic-pump-control57463703386.jpg]
[www.sali-group.com/uploads/202027152/small/automatic-pump-control57464965691.jpg]
[www.sali-group.com/uploads/202027152/small/automatic-pump-control57465904234.jpg]
[www.sali-group.com/uploads/202027152/small/automatic-pump-control57466997093.jpg]
[www.sali-group.com/Content/uploads/2020625764/202011101056586980d535c31a43f980b83e4e89d829ec.jpg]
[www.sali-group.com/Content/uploads/2020625764/20201110105715000e4de039e849799a90027b8e53eb92.jpg]
[www.sali-group.com/Content/uploads/2020625764/20201110105717ccc05af34a1044ce828f3d720a17a7cb.jpg]
[www.sali-group.com/Content/uploads/2020625764/202011101057197374d64236fb4f36b851e5021943daab.jpg]
[www.sali-group.com/water-pump/automatic-pump-control.html]
[www.sali-group.com/uploads/202027152/gasoline-water-pump02418872715.jpg]
[www.sali-group.com/images/27152/other7a98.css]
[www.sali-group.com/uploads/202027152/small/gasoline-water-pump02420591234.jpg]
[www.sali-group.com/uploads/202027152/small/gasoline-water-pump02422322584.jpg]
[www.sali-group.com/uploads/202027152/small/gasoline-water-pump02423729240.jpg]
[www.sali-group.com/uploads/202027152/small/gasoline-water-pump02425135206.jpg]
[www.sali-group.com/Content/uploads/2020625764/202011101101279a4cbaa5dad44a5e83b5f0ed300e9325.jpg]
[www.sali-group.com/Content/uploads/2020625764/20201110110129186404c6721b4fd5a2325369fc2d85bf.jpg]
[www.sali-group.com/Content/uploads/2020625764/20201110110131962c88eb7c474ba0b26288dca0224a63.jpg]
[www.sali-group.com/Content/uploads/2020625764/202011101101331cff823e5404470ba9b433452c06850e.jpg]
[www.sali-group.com/Content/uploads/2020625764/202011101102001c1d955a7acf4959a2406cd72da42a4f.jpg]
[www.sali-group.com/Content/uploads/2020625764/202011101102035e88fdc7654c41d8befee18759ddd402.jpg]
[www.sali-group.com/Content/uploads/2020625764/20201110110205a175bda8fca8415280ca68178b6009c4.jpg]
[www.sali-group.com/Content/uploads/2020625764/20201110110207512d4ff4acc948798bb5f34a26432752.jpg]
[www.sali-group.com/Content/uploads/2020625764/202011101102090372f540b3c4437e93857bd715dfd635.jpg]
[www.sali-group.com/Content/uploads/2020625764/2020111011021107a3e6c66a1c4af0ae47e4473408f8bb.jpg]
[www.sali-group.com/water-pump/gasoline-water-pump.html]
[www.sali-group.com/showroom/water-pump/index.html]
[www.sali-group.com/images/27152/other3dc4.css]
[www.sali-group.com/showroom/centrifugal-pump/index.html]
[www.sali-group.com/images/27152/other8bdd.css]
[www.sali-group.com/images/27152/other2238.css]
[www.sali-group.com/uploads/202227152/sali-new-arrive-high-quality-gasoline-grass35163443258.jpg]
[www.sali-group.com/images/27152/other867f.css]
[www.sali-group.com/uploads/202227152/small/sali-new-arrive-high-quality-gasoline-grass35559069140.jpg]
[www.sali-group.com/uploads/202227152/small/sali-new-arrive-high-quality-gasoline-grass35562349506.jpg]
[www.sali-group.com/uploads/202227152/small/sali-new-arrive-high-quality-gasoline-grass35571880717.jpg]
[www.sali-group.com/uploads/202227152/small/sali-new-arrive-high-quality-gasoline-grass35569536951.jpg]
[www.sali-group.com/uploads/202227152/small/sali-new-arrive-high-quality-gasoline-grass35574068875.jpg]
[www.sali-group.com/uploads/202227152/small/sali-new-arrive-high-quality-gasoline-grass35590474427.jpg]
[www.sali-group.com/Content/uploads/2022625764/202203031538194f1349cdceb1403797489df033c834ba.jpg]
[www.sali-group.com/Content/uploads/2022625764/202203031538195b86b03dca8845b297c6d29001b0585e.jpg]
[www.sali-group.com/Content/uploads/2022625764/20220303153821046ec808c099481fa5bfc11329e21d2b.jpg]
[www.sali-group.com/Content/uploads/2022625764/202203031538224de573ae5ed846979f4b8ed314947ad8.jpg]
[www.sali-group.com/gardening-power-tools/sali-new-arrive-high-quality-gasoline-grass.html]
[www.sali-group.com/uploads/202127152/earth-auger-gasoline-drill-portable-gasoline59187564642.jpg]
[www.sali-group.com/images/27152/other7d3d.css]
[www.sali-group.com/uploads/202127152/small/earth-auger-gasoline-drill-portable-gasoline59290326200.jpg]
[www.sali-group.com/uploads/202127152/small/earth-auger-gasoline-drill-portable-gasoline59297586144.jpg]
[www.sali-group.com/uploads/202127152/small/earth-auger-gasoline-drill-portable-gasoline59309116497.jpg]
[www.sali-group.com/uploads/202127152/small/earth-auger-gasoline-drill-portable-gasoline59303686229.jpg]
[www.sali-group.com/uploads/202127152/small/earth-auger-gasoline-drill-portable-gasoline59314496452.jpg]
[www.sali-group.com/Content/uploads/2021625764/20211008135235b55b4d3a489d4304acc1898441a656d5.jpg]
[www.sali-group.com/Content/uploads/2021625764/20211008135414c90bc58f5f6a4fb08abf749393c84806.jpg]
[www.sali-group.com/Content/uploads/2021625764/20211008135508d056be19c14f437ea4725a0e72dc9f08.jpg]
[www.sali-group.com/Content/uploads/2021625764/202110081355086d50e6980bfc4bdab8e42e599cf17b2a.jpg]
[www.sali-group.com/Content/uploads/2021625764/2021100813551146bf0dddbe4b4a2e8ac873d3c0775fd4.jpg]
[www.sali-group.com/Content/uploads/2021625764/2021100813551163e922cf8e0f46dd89bb31fc66094ee9.jpg]
[www.sali-group.com/Content/uploads/2021625764/20211008135513911eb98297834f7d995a675d789f7a2d.jpg]
[www.sali-group.com/Content/uploads/2021625764/20211008135513b419f84c9448404daa2a2f78409f5567.jpg]
[www.sali-group.com/gardening-power-tools/earth-auger-gasoline-drill-portable-gasoline.html]
[www.sali-group.com/showroom/t27-aluminum-oxide-flap-disc/index.html]
[www.sali-group.com/showroom/9-in-grinding-wheel-for-metal-t27-type/index.html]
[www.sali-group.com/images/27152/other46fc.css]
[www.sali-group.com/images/27152/other8b4f.css]
[www.sali-group.com/showroom/5-inch-angle-grinder/index.html]
[www.sali-group.com/images/27152/othercb83.css]
[www.sali-group.com/showroom/american-combination-pliers/index.html]
[www.sali-group.com/images/27152/other1801.css]
[www.sali-group.com/showroom/flat-type-cut-off-wheel/index.html]
[www.sali-group.com/images/27152/other1c86.css]
[www.sali-group.com/images/27152/other20f6.css]
[www.sali-group.com/images/27152/other9029.css]
[www.sali-group.com/images/27152/othereba7.css]
[www.sali-group.com/images/27152/othera9f0.css]
[www.sali-group.com/images/27152/other2f02.css]
[www.sali-group.com/images/27152/other0d67.css]
[www.sali-group.com/images/27152/other9028.css]
[www.sali-group.com/images/27152/otherddb6.css]
[www.sali-group.com/uploads/27152/news/p20251202141838bf5852812.jpg]
[www.sali-group.com/uploads/27152/news/p2025120214201383b0aac2b.png]
[www.sali-group.com/uploads/27152/news/p20251202142105ba6882812.jpg]
[www.sali-group.com/uploads/27152/news/p20251202142157da3f02812.jpg]
[www.sali-group.com/news/sali-unveils-upgraded-cross-border-supply-chai-85316767.html]
[www.sali-group.com/news/sali-tools-responsibility-driven-philanthropy-85359789.html]
[www.sali-group.com/images/27152/other93b5.css]
[www.sali-group.com/images/27152/other1476.css]
[www.sali-group.com/uploads/27152/news/p20251115144116047732812.jpg]
[www.sali-group.com/uploads/27152/news/p2025111716103593b882812.jpg]
[www.sali-group.com/uploads/27152/news/p202511151446289bc702812.jpg]
[www.sali-group.com/news/sali-was-covered-by-ap-and-other-international-85304990.html]
[www.sali-group.com/images/27152/other5f01.css]
[www.sali-group.com/uploads/27152/news/p20251029152817757092812.jpg]
[www.sali-group.com/uploads/27152/news/p202510291528402ccb82812.jpg]
[www.sali-group.com/uploads/27152/news/p20251029152900171e52812.jpg]
[www.sali-group.com/news/sali-upgrades-production-line-with-new-cutting-85279459.html]
[www.sali-group.com/images/27152/other2b6c.css]
[www.sali-group.com/uploads/27152/news/p2025102315300962599c077.jpg]
[www.sali-group.com/uploads/27152/news/p20251023153032443fcc077.jpg]
[www.sali-group.com/uploads/27152/news/p2025102315465350ab2c077.jpg]
[www.sali-group.com/uploads/27152/news/p20251023153807c49b4c077.jpg]
[www.sali-group.com/news/sali-shines-at-the-138th-canton-fair-strength-85274107.html]
[www.sali-group.com/images/27152/othere1c8.css]
[www.sali-group.com/uploads/27152/news/p202509081538563c0fde10f.jpg]
[www.sali-group.com/uploads/27152/news/p20250908153916f77f6e10f.jpg]
[www.sali-group.com/uploads/27152/news/p20250908153950846f3e10f.jpg]
[www.sali-group.com/news/sali-unites-patriotism-global-vision-via-85213255.html]
[www.sali-group.com/images/27152/other9197.css]
[www.sali-group.com/uploads/27152/news/p202509091434501d2654dd7.jpg]
[www.sali-group.com/uploads/27152/news/p20250909143507ddfdee10f.jpg]
[www.sali-group.com/uploads/27152/news/p20250909143524ab997e10f.jpg]
[www.sali-group.com/news/sali-shake-hands-with-the-president-walk-with-85215413.html]
[www.sali-group.com/images/27152/otherd2f2.css]
[www.sali-group.com/uploads/27152/news/p2025092816045057f4f3fa7.jpg]
[www.sali-group.com/uploads/27152/news/p20250928174010e64603fa7.jpg]
[www.sali-group.com/uploads/27152/news/p20250928160556af1c83fa7.jpg]
[www.sali-group.com/news/sali-tools-shines-at-china-south-africa-expo-85254827.html]
[js01.v15cdn.com/modular3a26.js]
[www.sali-group.com/images/27152/otherda17.css]
[www.sali-group.com/uploads/27152/news/p2025093011042161ada2812.jpg]
[www.sali-group.com/news/the-138th-canton-fair-85258344.html]
[www.sali-group.com/images/27152/othercbd4.css]
[www.sali-group.com/news/mid-autumn-festival-wishes-from-sali-company-80816780.html]
[www.sali-group.com/news/sali-company-business-travel-76321621.html]
[www.sali-group.com/news/ramadan-mubarak-75931908.html]
[www.sali-group.com/newslist-2.html]
[www.sali-group.com/news/happy-woman-s-day-75678752.html]
[www.sali-group.com/images/27152/othera810.css]
[www.sali-group.com/news/eid-mubarak-78265273.html]
[www.sali-group.com/news/eid-mubarak-76557946.html]
[www.sali-group.com/news/dragon-boat-festival-78043283.html]
[www.sali-group.com/news/power-tools-big-promotion-72725393.html]
[www.sali-group.com/news/happy-chinese-new-year-spring-festival-74888669.html]
[www.sali-group.com/news/mid-autumn-festival-national-day-of-china-71399546.html]
[www.sali-group.com/news/happy-new-year-73768768.html]
[www.sali-group.com/newslist-3.html]
[www.sali-group.com/news/10-cartons-get-1-carton-free-free-free-58782238.html]
[www.sali-group.com/images/27152/other61cd.css]
[www.sali-group.com/news/ramadan-kareem-65817110.html]
[www.sali-group.com/news/eid-al-adha-68869729.html]
[www.sali-group.com/news/germany-cologne-hardware-exhibition-61350010.html]
[www.sali-group.com/news/happy-new-year-64122914.html]
[www.sali-group.com/newslist-4.html]
[www.sali-group.com/news/happy-one-month-to-althea-rhaine-59666632.html]
[www.sali-group.com/images/27152/otherbfcb.css]
[www.sali-group.com/news/sali-escorts-your-safety-55748203.html]
[www.sali-group.com/news/customer-feedback-55496817.html]
[www.sali-group.com/newslist-5.html]
[www.sali-group.com/newslist-8.html]
[www.sali-group.com/images/27152/other191a.css]
[www.sali-group.com/news/who-will-be-the-next-country-agent-54811238.html]
[www.sali-group.com/news/alibaba-website-live-show-schedule-54690253.html]
[www.sali-group.com/news/hello-march-54501845.html]
[www.sali-group.com/news/the-hot-delivery-season-has-begun-54310658.html]
[www.sali-group.com/news/happy-day-54082285.html]
[www.sali-group.com/news/happy-valentine-s-day-54029605.html]
[www.sali-group.com/news/hello-we-are-starting-working-today-53966688.html]
[www.sali-group.com/news/daily-53697640.html]
[www.sali-group.com/news/sali-notice-53617182.html]
[www.sali-group.com/newslist-6.html]
[www.sali-group.com/newslist-9.html]
[www.sali-group.com/images/27152/other0c78.css]
[www.sali-group.com/news/happy-laba-chinese-festival-53364512.html]
[www.sali-group.com/news/sali-double-faced-rubber-soft-hammer-53310682.html]
[www.sali-group.com/news/sali-make-customers-better-business-53302105.html]
[www.sali-group.com/news/new-year-s-business-53217121.html]
[www.sali-group.com/news/bench-grinder-will-coming-to-our-stock-soon-53053011.html]
[www.sali-group.com/news/new-product-bench-grinder-is-coming-online-soo-52969260.html]
[www.sali-group.com/news/wish-you-everything-is-fine-52916527.html]
[www.sali-group.com/news/marry-christmas-52885228.html]
[www.sali-group.com/news/end-of-year-container-52808942.html]
[www.sali-group.com/news/sali-plastic-cutting-pliers-52725726.html]
[www.sali-group.com/newslist-7.html]
[www.sali-group.com/newslist-10.html]
[www.sali-group.com/images/27152/other7ff1.css]
[www.sali-group.com/news/brief-introduction-of-grinding-wheel-39508585.html]
[www.sali-group.com/news/several-commonly-used-flocking-sandpaper-39508533.html]
[www.sali-group.com/news/the-use-process-of-grinding-wheel-39508498.html]
[www.sali-group.com/news/three-series-of-characteristics-of-abrasives-39508484.html]
[www.sali-group.com/news/performance-requirements-of-colorants-for-grin-39508477.html]
[www.sali-group.com/news/analysis-of-common-sense-of-abrasives-39508439.html]
[www.sali-group.com/news/explore-the-abrasives-commonly-used-in-grindin-39508402.html]
[www.sali-group.com/news/types-and-selection-methods-of-polishing-mater-39508384.html]
[www.sali-group.com/news/the-significance-of-abrasives-in-mechanical-pr-39508352.html]
[www.sali-group.com/newslist-12.html]
[www.sali-group.com/newslist-13.html]
[www.sali-group.com/newslist-14.html]
[www.sali-group.com/newslist-15.html]
[www.sali-group.com/newslist-16.html]
[www.sali-group.com/newslist-18.html]
[www.sali-group.com/newslist-17.html]
[www.sali-group.com/images/27152/other1139.css]
[www.sali-group.com/Content/uploads/2023625764/20230302101913471a23e6ad0a41f48afa8a693a3e1641.jpg]
[www.sali-group.com/Content/uploads/2023625764/202303021019540b4c41ee62354e5bbaaa4776ea8d8d38.jpg]
[www.sali-group.com/Content/uploads/2023625764/20230302102018787dc315c4654716a90f79635e04b9c7.jpg]
[www.sali-group.com/news/sali-9inch-cuttting-disc-230-2-22-2mm-65287818.html]
[www.sali-group.com/images/27152/other6f0b.css]
[www.sali-group.com/uploads/27152/news/p202501221059194ca5f.jpg]
[www.sali-group.com/news/2025-happy-new-year-84321357.html]
[www.sali-group.com/images/27152/other0281.css]
[www.sali-group.com/images/27152/otherc574.css]
[www.sali-group.com/uploads/27152/news/p2024092914421525382.jpg]
[www.sali-group.com/news/national-day-greetings-and-holiday-notice-from-81210990.html]
[www.sali-group.com/newslist-862627-2.html]
[www.sali-group.com/images/27152/other97d1.css]
[www.sali-group.com/newslist-862627-3.html]
[www.sali-group.com/images/27152/otherac80.css]
[www.sali-group.com/images/27152/other6856.css]
[www.sali-group.com/news/business-difficult-to-do-52626708.html]
[www.sali-group.com/news/sali-group-of-announcement-52489196.html]
[www.sali-group.com/news/sali-thanks-for-you-and-your-support-52378784.html]
[www.sali-group.com/news/sali-our-best-choice-52308494.html]
[www.sali-group.com/newslist-862627-4.html]
[www.sali-group.com/news/new-container-for-coustomer-52131173.html]
[www.sali-group.com/images/27152/other87d3.css]
[www.sali-group.com/news/good-feedback-from-australia-51893025.html]
[www.sali-group.com/news/about-temperature-51799549.html]
[www.sali-group.com/news/sali-provide-high-quality-products-create-51599354.html]
[www.sali-group.com/news/see-you-soon-51494518.html]
[www.sali-group.com/news/sali-go-go-go-51369775.html]
[www.sali-group.com/news/new-2-container-to-customer-51313170.html]
[www.sali-group.com/news/today-loading-one-container-to-customers-51198470.html]
[www.sali-group.com/news/efficient-work-51118444.html]
[www.sali-group.com/news/autumn-outing-50899943.html]
[www.sali-group.com/news/normal-day-50794386.html]
[www.sali-group.com/news/daily-of-sali-50739959.html]
[www.sali-group.com/news/supplier-visited-our-company-50693618.html]
[www.sali-group.com/newslist-862627-5.html]
[www.sali-group.com/newslist-862627-8.html]
[www.sali-group.com/images/27152/other8c54.css]
[www.sali-group.com/news/important-notice-50563522.html]
[www.sali-group.com/news/happy-day-50509517.html]
[www.sali-group.com/news/new-container-to-agent-50395128.html]
[www.sali-group.com/news/the-rise-in-oil-prices-50244150.html]
[www.sali-group.com/news/sali-our-best-chioce-50158335.html]
[www.sali-group.com/news/happy-work-began-50138115.html]
[www.sali-group.com/news/holiday-over-50116727.html]
[www.sali-group.com/news/happy-china-national-day-holiday-50116587.html]
[www.sali-group.com/news/national-day-i-wish-the-motherland-a-happy-bi-50116436.html]
[www.sali-group.com/news/new-container-to-our-agent-49846775.html]
[www.sali-group.com/news/happy-mid-autumn-festival-49761294.html]
[www.sali-group.com/news/load-a-new-container-to-kuwait-49671374.html]
[www.sali-group.com/newslist-862627-6.html]
[www.sali-group.com/newslist-862627-9.html]
[www.sali-group.com/images/27152/other8509.css]
[www.sali-group.com/news/typhoon-49525556.html]
[www.sali-group.com/news/loaded-three-containers-49468830.html]
[www.sali-group.com/news/sali-opens-up-new-markets-49378351.html]
[www.sali-group.com/news/sali-meeting-49304158.html]
[www.sali-group.com/news/sali-activity-49224528.html]
[www.sali-group.com/news/a-busy-day-48860224.html]
[www.sali-group.com/news/sali-will-visit-our-customer-48781481.html]
[www.sali-group.com/news/sali-live-end-48678333.html]
[www.sali-group.com/news/live-countdown-48579568.html]
[www.sali-group.com/news/sali-will-live-at-day-eleven-48344220.html]
[www.sali-group.com/news/careful-yourself-48302915.html]
[www.sali-group.com/newslist-862627-7.html]
[www.sali-group.com/news/container-successfully-reached-bangladesh-48267153.html]
[www.sali-group.com/images/27152/otheree88.css]
[www.sali-group.com/news/sali-new-warehouse-46489159.html]
[www.sali-group.com/news/water-conservancy-project-orders-46454744.html]
[www.sali-group.com/news/loaded-one-container-46381871.html]
[www.sali-group.com/news/the-company-happily-travels-together-46310129.html]
[www.sali-group.com/news/the-sali-brand-you-can-sed-the-with-2-colors-40113523.html]
[www.sali-group.com/news/today-we-installed-40gp-container-to-kuwait-40042679.html]
[www.sali-group.com/news/we-finish-the-overturn-as-rmb100-000-000-til-40004749.html]
[www.sali-group.com/newslist-862627-10.html]
[www.sali-group.com/images/27152/other024f.css]
[www.sali-group.com/news/20-gp-container-to-sri-lanka-39777443.html]
[www.sali-group.com/images/27152/other7fa5.css]
[www.sali-group.com/Content/uploads/2022625764/20220825104711097a12d4f09f4d22a95cc7c6d8dd85b9.jpg]
[www.sali-group.com/Content/uploads/2022625764/20220825105128d6de11105389490ba701f43fc75b49f9.jpg]
[www.sali-group.com/Content/uploads/2022625764/20220825105137b0ad551e3fe6476f8a436a4c865dff50.jpg]
[www.sali-group.com/Content/uploads/2022625764/202208251051441cb5c6692c6c4c71b2207c351b1ef852.jpg]
[www.sali-group.com/Content/uploads/2022625764/20220825105151c5ae792fcdf14e519d64243c3ba9b01d.jpg]
[www.sali-group.com/Content/uploads/2022625764/20220825105157d61f9c9fa2a542a28e1d96d50c489af5.jpg]
[www.sali-group.com/news/grinding-wheel-factory-production-process-60499325.html]
[www.sali-group.com/images/27152/other5652.css]
[www.sali-group.com/Content/uploads/2023625764/20230313163932b7d48cbdfb0144b2b576bf28b140b701.jpg]
[www.sali-group.com/news/sali-plastic-handle-scraper-65459969.html]
[www.sali-group.com/images/27152/otherdfa6.css]
[www.sali-group.com/Content/uploads/2022625764/20220415141412be267765ac8648298e6b3eb4fd8d4593.jpg]
[www.sali-group.com/news/cut-off-machine-which-one-is-your-favorite-55841944.html]
[www.sali-group.com/images/27152/otherda81.css]
[www.sali-group.com/Content/upload/2022625764/202206061722256816103.jpg]
[www.sali-group.com/Content/upload/2022625764/202206061722258131434.jpg]
[www.sali-group.com/Content/upload/2022625764/202206061723035702166.jpg]
[www.sali-group.com/Content/upload/2022625764/202206061723534723928.jpg]
[www.sali-group.com/Content/upload/2022625764/202206061723539081535.jpg]
[www.sali-group.com/Content/upload/2022625764/202206061723545253708.jpg]
[www.sali-group.com/news/electric-drill-2106p-6mm-400w-57774600.html]
[www.sali-group.com/images/27152/other5b6f.css]
[admin.seo.com.cn/Content/uploads/2022625764/202206091927158995ea44a3ad4284939ca01d2e0e2c5a.jpg]
[admin.seo.com.cn/Content/uploads/2022625764/202206091928095c13ddd9ce2947d7a84004e7de7096c1.jpg]
[admin.seo.com.cn/Content/uploads/2022625764/20220609192839f1c1300c318e428985bd6b52b66ff521.jpg]
[admin.seo.com.cn/Content/uploads/2022625764/20220609192909f7cae5e04bbf4411b69a547265ee58b4.jpg]
[admin.seo.com.cn/Content/uploads/2022625764/20220609192928ae4fe71ead744f4bbac6a2a9d8edc1d5.jpg]
[admin.seo.com.cn/Content/uploads/2022625764/20220609193003db47f0e170d64997ad7f94c5e93f1624.jpg]
[admin.seo.com.cn/Content/uploads/2022625764/202206091930178361da17e86d47c297f2bba133770b4d.jpg]
[admin.seo.com.cn/Content/uploads/2022625764/202206091930279021db426ab1405ea126d7e6cf32669a.jpg]
[www.sali-group.com/news/garden-shear-tools-57924303.html]
[www.sali-group.com/news/sali-rubber-hammer-55121315.html]
[www.sali-group.com/Content/uploads/2022625764/20220423094800273f1ac1475f4585a46d6683f1ddca2b.jpg]
[www.sali-group.com/Content/uploads/2022625764/20220423094800feb87b4059ba4a18a3e412eeff457384.jpg]
[www.sali-group.com/Content/uploads/2022625764/202204230948007c0b7a00ab354d4aa6f86638da22673b.jpg]
[www.sali-group.com/news/sali-products-once-you-try-will-love-them-56041503.html]
[www.sali-group.com/Content/uploads/2021625764/202111191421322f90c54a02bf4d9595adcefd8f39139d.jpg]
[www.sali-group.com/news/new-type-coming-soon-51992339.html]
[www.sali-group.com/news/will-rise-in-price-51680847.html]
[www.sali-group.com/news/bow-saw-51525999.html]
[www.sali-group.com/images/27152/otheraef8.css]
[www.sali-group.com/Content/uploads/2022625764/20220117113227ad13f97709c949379132e9187589e828.jpg]
[www.sali-group.com/Content/uploads/2022625764/20220117113227f4f6d3e424884c5dbb4e6aac683f25c9.jpg]
[www.sali-group.com/news/new-item-wire-brush-set-is-coming-53563789.html]
[www.sali-group.com/images/27152/other5eb2.css]
[www.sali-group.com/Content/uploads/2022625764/202201131426088bb824843022402cad4ffcb1563a4241.jpg]
[www.sali-group.com/news/the-use-of-garden-lopper-53460449.html]
[www.sali-group.com/images/27152/other251f.css]
[www.sali-group.com/Content/uploads/2022625764/20220413133318ef13e893c9d74dfc9919ed4f69022461.jpg]
[www.sali-group.com/Content/uploads/2022625764/2022041313322147878578aa6b4b63a3be497c5d328fe2.jpg]
[www.sali-group.com/Content/uploads/2022625764/20220413133221c0412407f1a647739b46db7abfdb1f9a.jpg]
[www.sali-group.com/Content/uploads/2022625764/20220413133222dd0ac73332174748abbad3d30e6bba22.jpg]
[admin.seo.com.cn/Content/uploads/2022625764/202204131332221e5b161d4843432c81aef0b9d6826aa7.jpg]
[www.sali-group.com/news/sali-cutting-disc-4-inch-high-quanlity-55773918.html]
[www.sali-group.com/images/27152/other8333.css]
[www.sali-group.com/news/pruning-saw-new-items-52246976.html]
[www.sali-group.com/news/sali-diamond-hole-saw-drill-bit-52189610.html]
[www.sali-group.com/news/sds-drill-bit-out-of-stock-now-52062700.html]
[www.sali-group.com/news/new-products-are-waiting-for-you-51450608.html]
[www.sali-group.com/newslist-862628-2.html]
[www.sali-group.com/news/washer-50988447.html]
[www.sali-group.com/images/27152/other68f8.css]
[www.sali-group.com/news/earth-auger-information-50659081.html]
[www.sali-group.com/news/air-compressor-flow-50639899.html]
[www.sali-group.com/news/certificate-of-origin-50468176.html]
[www.sali-group.com/news/portable-earth-auger-knowladge-50314035.html]
[www.sali-group.com/news/new-arrive-products-is-coming-49956898.html]
[www.sali-group.com/news/paint-roll-brush-tool-set-49595538.html]
[www.sali-group.com/news/good-look-of-cutting-disc-52411853.html]
[www.sali-group.com/news/diamond-soft-grinding-sheet-49145619.html]
[www.sali-group.com/news/portable-air-compressor-49044477.html]
[www.sali-group.com/news/vehicle-mounted-air-pump-48776846.html]
[www.sali-group.com/news/sali-new-arrive-en-stock-48204247.html]
[www.sali-group.com/news/sali-measuring-tape-47964326.html]
[www.sali-group.com/newslist-862628-3.html]
[www.sali-group.com/news/offer-sheet-47525173.html]
[www.sali-group.com/images/27152/other0950.css]
[www.sali-group.com/news/new-products-47438167.html]
[www.sali-group.com/news/warehouse-inventory-46707649.html]
[www.sali-group.com/news/price-adjustment-40240780.html]
[www.sali-group.com/news/today-we-commend-you-the-jig-saw-40079132.html]
[www.sali-group.com/news/we-enlarge-high-press-washer-soldering-iron-40004861.html]
[www.sali-group.com/news/the-quotation-expired-time-is-7-days-40004796.html]
[www.sali-group.com/news/today-we-commend-you-the-li-on-power-tool-seri-40004729.html]
[www.sali-group.com/news/here-is-sali-update-catalogue-for-hand-tool-fo-40004439.html]
[www.sali-group.com/news/today-we-commend-you-new-items-as-electric-pla-40004429.html]
[www.sali-group.com/news/today-we-introduce-you-sali-polisher-39899311.html]
[www.sali-group.com/news/sali-drill-chuck-39861882.html]
[www.sali-group.com/newslist-862628-4.html]
[www.sali-group.com/news/new-product-high-pressure-washer-39803105.html]
[www.sali-group.com/news/selection-of-alloy-saw-blade-base-39510116.html]
[www.sali-group.com/news/classification-of-diamond-cutting-discs-39509983.html]
[www.sali-group.com/news/manufacturing-process-of-diamond-cutting-disc-39509935.html]
[www.sali-group.com/news/characteristics-of-diamond-grinding-wheels-39509865.html]
[www.sali-group.com/news/the-structure-of-diamond-grinding-wheel-39509841.html]
[www.sali-group.com/news/cutting-parameters-of-diamond-saw-blades-39509667.html]
[www.sali-group.com/news/process-classification-of-diamond-saw-blades-39509508.html]
[www.sali-group.com/news/definition-of-diamond-saw-blade-39509427.html]
[www.sali-group.com/news/cleaning-method-of-grinding-wheel-39509316.html]
[www.sali-group.com/news/different-types-of-grinding-wheels-39508892.html]
[www.sali-group.com/newslist-862628-5.html]
[www.sali-group.com/news/the-role-and-characteristics-of-the-grinding-w-39508588.html]
[www.sali-group.com/newslist-862628-6.html]
[www.sali-group.com/images/27152/otherdf91.css]
[www.sali-group.com/images/27152/other3f8d.css]
[www.sali-group.com/images/27152/othere783-2.css]
[www.sali-group.com/uploads/27152/news/p2025032209113417cb2.jpg]
[www.sali-group.com/news/shanghai-hardware-exhibition-75932300.html]
[www.sali-group.com/news/137th-canton-fair-84987522.html]
[www.sali-group.com/images/27152/other0ca6.css]
[www.sali-group.com/images/27152/otherca7a.css]
[www.sali-group.com/uploads/27152/news/p20250321172215449ad.jpg]
[www.sali-group.com/news/2025-shanghai-hardware-exhibition-84960428.html]
[www.sali-group.com/images/27152/other29b7.css]
[www.sali-group.com/uploads/27152/news/p202410111715517396b.jpg]
[www.sali-group.com/news/136th-hardware-tools-canton-fair-81426704.html]
[www.sali-group.com/images/27152/other3462.css]
[www.sali-group.com/uploads/27152/news/p202404131447345efb1.jpg]
[www.sali-group.com/news/135th-canton-fair-76659009.html]
[www.sali-group.com/images/27152/other6ecf.css]
[www.sali-group.com/Content/uploads/2023625764/20230504141348bf416dbad00c4c239b095c27754da448.jpg]
[www.sali-group.com/news/china-international-hardware-fair-67238460.html]
[www.sali-group.com/images/27152/other864b.css]
[www.sali-group.com/Content/uploads/2023625764/2023040118132500d4a4bb69bd406585f8bdd0be49d82b.jpg]
[www.sali-group.com/news/brazilian-exhibition-66153068.html]
[www.sali-group.com/images/27152/other24c1.css]
[www.sali-group.com/Content/uploads/2023625764/2023032510365297e8f0348aad48d0beb86c64640334f5.jpg]
[www.sali-group.com/news/spring-canton-fair-65916327.html]
[www.sali-group.com/images/27152/other1af8.css]
[www.sali-group.com/Content/uploads/2023625764/2023100614364400b1f453cad64fe88ddfc4d8e55e3acb.jpg]
[www.sali-group.com/news/134th-canton-fair-71472675.html]
[www.sali-group.com/images/27152/other74bb.css]
[www.sali-group.com/Content/uploads/2023625764/2023050414100656f085c1e5df40d883fddf950f266a39.jpg]
[www.sali-group.com/news/china-international-hardware-fair-67238457.html]
[www.sali-group.com/images/27152/other326f.css]
[www.sali-group.com/news/sali-tools-in-egypt-exhibition-52390803.html]
[www.sali-group.com/news/china-import-and-export-fair-50450725.html]
[www.sali-group.com/news/dubai-exhibition-50051733.html]
[www.sali-group.com/newslist-862631-2.html]
[www.sali-group.com/images/27152/otherfd92.css]
[www.sali-group.com/news/the-last-day-of-shanghai-fair-sali-is-always-47046881.html]
[www.sali-group.com/news/sali-brand-african-business-journey-82813201.html]
[www.sali-group.com/images/27152/othera80c.css]
[www.sali-group.com/images/27152/othere581.css]
[www.sali-group.com/Content/uploads/2022625764/20221020105431b197fa493f144f7eaed01f4ccff66f77.jpg]
[www.sali-group.com/news/sali-shop-in-turkmenistan-61847824.html]
[www.sali-group.com/images/27152/otherf8b0.css]
[www.sali-group.com/Content/uploads/2022625764/20221013102436a78f585a8af64a01b20f4682203e42d7.jpg]
[www.sali-group.com/Content/uploads/2022625764/20221013102440f6ce9f9ed977435d9dcd346291398583.jpg]
[www.sali-group.com/Content/uploads/2022625764/202210131025215037a1bb258045368ccd9e2d01e13522.jpg]
[www.sali-group.com/Content/uploads/2022625764/20221013102526a20e855a1697469db6245a93ab3fa464.jpg]
[www.sali-group.com/news/sali-shop-in-congo-61617892.html]
[www.sali-group.com/images/27152/otherde61.css]
[www.sali-group.com/news/3-and-5-pcs-wire-brush-55046885.html]
[www.sali-group.com/images/27152/otherbe51.css]
[www.sali-group.com/news/welding-machine-hand-use-56302732.html]
[www.sali-group.com/images/27152/other2d9f.css]
[www.sali-group.com/news/sali-cut-off-machine-video-55640132.html]
[www.sali-group.com/images/27152/otherc6b4.css]
[www.sali-group.com/news/car-washer-video-55467317.html]
[www.sali-group.com/images/27152/othereb99.css]
[www.sali-group.com/news/fiber-disc-use-video-55306189.html]
[www.sali-group.com/images/27152/other612c.css]
[www.sali-group.com/news/sali-screwdriver-bits-with-magnet-circle-55208907.html]
[www.sali-group.com/images/27152/otherd1ae.css]
[www.sali-group.com/news/ohhhhhh-look-what-is-that-54986275.html]
[www.sali-group.com/images/27152/other8ff0.css]
[www.sali-group.com/images/27152/other247a.css]
[www.sali-group.com/images/27152/vedio.css]
[www.sali-group.com/images/27152/other3020.css]
[www.sali-group.com/images/27152/other772c.css]
[www.sali-group.com/images/27152/other9724.css]
[www.sali-group.com/images/27152/contact-us.css]
[www.sali-group.com/images/27152/other2ed3.css]
[www.sali-group.com/images/27152/other5659.css]
[www.sali-group.com/images/27152/otherb626.css]
[www.sali-group.com/images/27152/otherdd9f.css]
[www.sali-group.com/images/27152/otherd631.css]
[www.sali-group.com/images/27152/other6acc.css]
[www.sali-group.com/images/27152/othere561.css]
[www.sali-group.com/images/27152/other46f8.css]
[js01.v15cdn.com/ivpcount.js]
[www.sali-group.com/info/pu-foma-103080648.html]
[www.sali-group.com/images/27152/other4d2c.css]
[www.sali-group.com/Content/uploads/2023625764/202309211135551802fe4abb994c3e977e0aad27c8dc90.jpg]
[www.sali-group.com/Content/uploads/2023625764/2023092111371081daa1c081064d649eaf52817a75bc2e.jpg]
[www.sali-group.com/info/flap-disc-87250714.html]
[www.sali-group.com/images/27152/other3bef.css]
[www.sali-group.com/Content/uploads/2023625764/20230808160501aaf3730d7f8c49299a8805f4f9630959.jpg]
[www.sali-group.com/info/hydraulic-crimping-tool-85310830.html]
[www.sali-group.com/images/27152/other3463.css]
[www.sali-group.com/Content/uploads/2023625764/2023072615243443fdac2545014cf7b52b2d3bf4636133.jpg]
[www.sali-group.com/info/tct-alloy-saw-blade-84754200.html]
[www.sali-group.com/images/27152/otherf144.css]
[www.sali-group.com/Content/uploads/2023625764/20230512110011d115620b4a8d466d9580c487c9e3f3e1.jpg]
[www.sali-group.com/Content/uploads/2023625764/20230512110049bdc4129d1c3744f9a146e448be6806b6.jpg]
[www.sali-group.com/info/sali-brand-twisted-crimped-wire-cup-brush-82039462.html]
[www.sali-group.com/images/27152/other5d79.css]
[www.sali-group.com/Content/uploads/2023625764/202304041435501ad7b6640f46437e8e5a30d04fad84e6.jpg]
[www.sali-group.com/info/peripheral-pump-qb-80772654.html]
[www.sali-group.com/info/sali-diamond-saw-blades-80135259.html]
[www.sali-group.com/images/27152/otherc2c2.css]
[www.sali-group.com/images/27152/other068e.css]
[www.sali-group.com/Content/uploads/2023625764/20230313165317e1c473185519477899da03cc761f44a8.jpg]
[www.sali-group.com/Content/uploads/2023625764/20230313165323378d0229323040fc9be4128a5917397c.jpg]
[www.sali-group.com/Content/uploads/2023625764/20230313165220e547479da0b14012909adf617fab728e.jpg]
[www.sali-group.com/Content/uploads/2023625764/2023031316560439c4a81cb1954a099891ced8b03bb233.jpg]
[www.sali-group.com/info/which-paint-tool-is-the-most-popular-80014281.html]
[www.sali-group.com/images/27152/otherc5c1.css]
[www.sali-group.com/Content/uploads/2023625764/202303090951428ac60721a570401da9194185d46f57dd.jpg]
[www.sali-group.com/info/the-future-trend-of-lithium-battery-products-79872746.html]
[www.sali-group.com/info/metal-and-inox-cutitng-disc-79864687.html]
[www.sali-group.com/images/27152/otherc648.css]
[www.sali-group.com/images/27152/other0502.css]
[www.sali-group.com/Content/uploads/2022625764/20221025101428606b638559f1465daa0527e30a659824.jpg]
[www.sali-group.com/Content/uploads/2022625764/20221025105333b66c57fcfb20484c89ddbbcb650ffe45.jpg]
[www.sali-group.com/Content/uploads/2022625764/2022102511083848f0655d06f540289361e678134a7459.jpg]
[www.sali-group.com/Content/uploads/2022625764/202210251108465a6aca5cc51447228e17eb21d5a17a69.jpg]
[www.sali-group.com/Content/uploads/2022625764/20221025110853b027d805b591474099c216bbd6a13003.jpg]
[www.sali-group.com/Content/uploads/2022625764/202210251109180451b3e2b8e242458ace9d9fdf226cb7.jpg]
[www.sali-group.com/Content/uploads/2022625764/2022102511093157685f9e21944a268195e07fd5adf064.jpg]
[www.sali-group.com/Content/uploads/2022625764/20221025110951b4273c0d849744ada0ff036b00c12c8e.jpg]
[www.sali-group.com/info/screwdriver-76292680.html]
[www.sali-group.com/images/27152/otherd8e2.css]
[www.sali-group.com/Content/uploads/2022625764/20220824160352eba7032678104c1baa81fdce548317d1.jpg]
[www.sali-group.com/Content/uploads/2022625764/20220824160816af922e610f7b4e8a8d9b6b1968025bdc.jpg]
[www.sali-group.com/Content/uploads/2022625764/20220824160824c85b5cb1e28d4f3d8026eaf39aecd560.jpg]
[www.sali-group.com/Content/uploads/2022625764/202208241608325861db6e58ee4a56b881ef635c0b2526.jpg]
[www.sali-group.com/Content/uploads/2022625764/20220824160840372672e1d1bd4e4b9513781e518cb62d.jpg]
[www.sali-group.com/info/ratchet-wrench-74347182.html]
[www.sali-group.com/info/page/2/index.html]
[www.sali-group.com/images/27152/othere275.css]
[www.sali-group.com/images/27152/otherd685.css]
[www.sali-group.com/info/utility-knife-67009446.html]
[www.sali-group.com/info/the-force-on-the-tape-measure-66697223.html]
[www.sali-group.com/info/loppers-66113285.html]
[www.sali-group.com/info/page/3/index.html]
[www.sali-group.com/info/how-to-use-air-pressure-65992002.html]
[www.sali-group.com/images/27152/other7d5d.css]
[www.sali-group.com/info/sali-plastic-cutting-pliers-65132996.html]
[www.sali-group.com/info/the-drill-chuck-64948991.html]
[www.sali-group.com/info/where-can-i-use-to-cutting-disc-64876460.html]
[www.sali-group.com/info/hand-tools-3-way-staple-nail-gun-64859519.html]
[www.sali-group.com/info/what-is-abrasive-disc-64846479.html]
[www.sali-group.com/info/household-hand-tools-set-feature-64756501.html]
[www.sali-group.com/info/page/4/index.html]
[www.sali-group.com/info/advantages-and-applications-of-pruning-saws-64664675.html]
[www.sali-group.com/images/27152/other6930.css]
[www.sali-group.com/info/sali-diamond-hole-saw-drill-bit-64478153.html]
[www.sali-group.com/info/the-future-of-sds-drill-bits-64328802.html]
[www.sali-group.com/info/wrench-have-how-many-type-64257121.html]
[www.sali-group.com/info/cp34-sandpaper-advantage-64165588.html]
[www.sali-group.com/info/cp35-sandpaper-64061465.html]
[www.sali-group.com/info/wire-pliers-63815864.html]
[www.sali-group.com/info/what-are-garden-tools-63724486.html]
[www.sali-group.com/info/page/5/index.html]
[www.sali-group.com/info/hacksaw-63678526.html]
[www.sali-group.com/images/27152/othera50b.css]
[www.sali-group.com/info/page/8/index.html]
[www.sali-group.com/info/grease-gun-63419335.html]
[www.sali-group.com/info/what-is-fiber-wheel-63341362.html]
[www.sali-group.com/info/hole-cutter-63201874.html]
[www.sali-group.com/info/pipe-wrench-63111048.html]
[www.sali-group.com/info/daily-protection-work-after-air-compressor-62940414.html]
[www.sali-group.com/info/air-compressor-selection-62813042.html]
[www.sali-group.com/info/page/6/index.html]
[www.sali-group.com/info/vulcanized-fiber-sheet-62683489.html]
[www.sali-group.com/images/27152/other6a36.css]
[www.sali-group.com/info/page/9/index.html]
[www.sali-group.com/info/ratchet-spanner-62646222.html]
[www.sali-group.com/info/bakelite-milling-machine-engraving-machine-t-62618723.html]
[www.sali-group.com/info/industry-knowledge-of-locking-pliers-62538463.html]
[www.sali-group.com/info/portable-earth-auger-62440151.html]
[www.sali-group.com/info/manual-ceramic-cutting-machine-62350666.html]
[www.sali-group.com/info/working-principle-of-generator-62242866.html]
[www.sali-group.com/info/the-lawn-cutter-62242713.html]
[www.sali-group.com/info/angle-grinder-use-attention-62197593.html]
[www.sali-group.com/info/page/7/index.html]
[www.sali-group.com/info/ground-drilling-62121452.html]
[www.sali-group.com/info/page/10/index.html]
[www.sali-group.com/images/27152/other4ef9.css]
[www.sali-group.com/info/advantages-of-electroplated-diamond-grinding-w-51082694.html]
[www.sali-group.com/info/uses-of-diamond-grinding-wheels-51082634.html]
[www.sali-group.com/info/classification-of-diamond-grinding-wheels-51082500.html]
[www.sali-group.com/info/application-range-of-diamond-saw-blade-51082398.html]
[www.sali-group.com/info/influencing-factors-of-diamond-saw-blades-51082372.html]
[www.sali-group.com/info/page/16/index.html]
[www.sali-group.com/info/the-life-and-sharpness-of-diamond-saw-blades-51082211.html]
[www.sali-group.com/info/page/12/index.html]
[www.sali-group.com/info/page/11/index.html]
[www.sali-group.com/images/27152/otherebb0.css]
[www.sali-group.com/info/page/14/index.html]
[www.sali-group.com/info/page/15/index.html]
[www.sali-group.com/info/how-does-the-cutting-machine-change-the-cuttin-68805792.html]
[www.sali-group.com/images/27152/otherc21b.css]
[www.sali-group.com/info/page/13/index.html]
[www.sali-group.com/images/27152/othera17b.css]
[www.sali-group.com/Content/uploads/2022625764/20220413134656c4a8fb2d596d46fab12a7e2d4bc41aae.jpg]
[www.sali-group.com/Content/uploads/2022625764/202204131347128b8d4e67ffc84691ad775cefd013451f.jpg]
[www.sali-group.com/info/why-is-tct-saw-blade-called-tct-saw-blade-68744820.html]
[www.sali-group.com/info/cutting-disc-cut-video-67723297.html]
[www.sali-group.com/images/27152/otherd59b.css]
[www.sali-group.com/info/what-is-a-wire-wheel-66271582.html]
[www.sali-group.com/images/27152/other0d58.css]
[www.sali-group.com/info/the-advantage-of-wire-brush-set-66216660.html]
[www.sali-group.com/images/27152/otherd272.css]
[www.sali-group.com/info/what-is-carbon-brush-65383059.html]
[www.sali-group.com/images/27152/othercc04.css]
[www.sali-group.com/images/27152/othere89e.css]
[www.sali-group.com/Content/uploads/2021625764/20211224135454b07737a303a0406699ac6f156e575fca.jpg]
[www.sali-group.com/Content/uploads/2021625764/20211224135455ecff44b7d0fe4146b4f3b2c1b2d954a8.jpg]
[www.sali-group.com/Content/uploads/2021625764/20211224135455c4a5a866d1044bbcb307f399f3927309.jpg]
[www.sali-group.com/info/new-color-and-super-plus-cutting-disc-65302865.html]
[www.sali-group.com/images/27152/other49ac.css]
[www.sali-group.com/info/diamond-soft-grinding-sheet-61280427.html]
[www.sali-group.com/info/457138/page/2/index.html]
[www.sali-group.com/info/wire-brush-knowledge-60317420.html]
[www.sali-group.com/images/27152/otherdb56.css]
[www.sali-group.com/info/sandpaper-59877643.html]
[www.sali-group.com/info/resin-powder-59829832.html]
[www.sali-group.com/info/flap-dias-59671983.html]
[www.sali-group.com/info/knowledge-of-grinding-wheels-58945262.html]
[www.sali-group.com/info/certificate-of-origin-58886187.html]
[www.sali-group.com/info/disc-shape-58847997.html]
[www.sali-group.com/info/sandpaper-sheets-58689113.html]
[www.sali-group.com/info/tct-saw-blades-58457445.html]
[www.sali-group.com/info/why-the-color-of-the-cutting-disc-semi-finishe-58075853.html]
[www.sali-group.com/info/5-inch-aluminum-fiber-disc-sell-more-to-india-58035840.html]
[www.sali-group.com/info/storage-and-transportation-of-grinding-wheels-57761831.html]
[www.sali-group.com/info/457138/page/3/index.html]
[www.sali-group.com/info/twist-drill-56019533.html]
[www.sali-group.com/images/27152/other02ba.css]
[www.sali-group.com/info/problems-of-resin-grinding-wheel-products-and-55386764.html]
[www.sali-group.com/info/introduction-to-the-safe-use-of-sali-resin-gri-55386565.html]
[www.sali-group.com/info/sali-grinding-wheel-production-process-55386486.html]
[www.sali-group.com/info/sali-grinding-wheel-product-classification-55386244.html]
[www.sali-group.com/info/sali-resin-grinding-wheel-product-knowledge-in-55349800.html]
[www.sali-group.com/info/sali-cutting-disc-52399279.html]
[www.sali-group.com/info/cutoff-wheel-manufacturer-in-china-52310666.html]
[www.sali-group.com/info/sali-attitude-about-business-52164742.html]
[www.sali-group.com/info/grinding-tools-are-referred-to-as-abrasives-51781010.html]
[www.sali-group.com/info/instructions-for-using-alloy-saw-blades-51084307.html]
[www.sali-group.com/info/the-tooth-angle-of-alloy-saw-blade-51084247.html]
[www.sali-group.com/info/457138/page/4/index.html]
[www.sali-group.com/info/precautions-for-the-use-of-diamond-grinding-wh-51084061.html]
[www.sali-group.com/images/27152/other43a9.css]
[www.sali-group.com/info/thickness-of-alloy-saw-blade-51083715.html]
[www.sali-group.com/info/selection-of-alloy-saw-blade-diameter-51083622.html]
[www.sali-group.com/info/saw-blade-installation-requirements-51083543.html]
[www.sali-group.com/info/saw-blade-maintenance-method-51083325.html]
[www.sali-group.com/info/precautions-for-the-use-of-saw-blades-51083255.html]
[www.sali-group.com/info/basic-requirements-for-using-saw-blades-51083068.html]
[www.sali-group.com/info/linear-speed-of-diamond-cutting-disc-51082865.html]
[www.sali-group.com/info/processing-range-of-diamond-cutting-disc-51082798.html]
[www.sali-group.com/info/457138/page/5/index.html]
[www.sali-group.com/info/457138/page/6/index.html]
[www.sali-group.com/images/27152/other17b4.css]
[www.sali-group.com/info/single-layer-brazed-diamond-grinding-wheel-51082773.html]
[www.sali-group.com/images/27152/other78a9.css]
[www.sali-group.com/Content/uploads/2022625764/20220729154952f5f535d9a2f54346b698cb80049f0b19.jpg]
[www.sali-group.com/Content/uploads/2022625764/20220729155021f24775a6de9c472b912ecc0ae29fbf35.jpg]
[www.sali-group.com/Content/uploads/2022625764/20220729155021f24e5035d4b345219209df13b09f6587.jpg]
[www.sali-group.com/Content/uploads/2022625764/2022072915502198ac386ce00748ce84b05c59cfef3e6c.jpg]
[www.sali-group.com/info/allen-key-hex-wrench-sali-hex-key-set-73507679.html]
[www.sali-group.com/images/27152/other870f.css]
[www.sali-group.com/Content/upload/2022625764/202207091159268157330.jpg]
[www.sali-group.com/Content/upload/2022625764/202207091159273172127.jpg]
[www.sali-group.com/Content/upload/2022625764/202207091159289571182.jpg]
[www.sali-group.com/Content/upload/2022625764/202207091159292926427.jpg]
[www.sali-group.com/Content/upload/2022625764/202207091159305498359.jpg]
[www.sali-group.com/Content/upload/2022625764/202207091159313368463.jpg]
[www.sali-group.com/Content/upload/2022625764/202207091159316754959.jpg]
[www.sali-group.com/Content/upload/2022625764/202207091159327697058.jpg]
[www.sali-group.com/Content/upload/2022625764/202207091159327353542.jpg]
[www.sali-group.com/Content/upload/2022625764/202207091159337010026.jpg]
[www.sali-group.com/Content/upload/2022625764/202207091159334909848.jpg]
[www.sali-group.com/Content/upload/2022625764/202207091159347608609.jpg]
[www.sali-group.com/Content/upload/2022625764/202207091159341494338.jpg]
[www.sali-group.com/Content/upload/2022625764/202207091159354880835.jpg]
[www.sali-group.com/Content/upload/2022625764/202207091159359837025.jpg]
[www.sali-group.com/Content/upload/2022625764/202207091159368992743.jpg]
[www.sali-group.com/Content/upload/2022625764/202207091159374635135.jpg]
[www.sali-group.com/Content/upload/2022625764/202207091159375764202.jpg]
[www.sali-group.com/Content/upload/2022625764/202207091159382692208.jpg]
[www.sali-group.com/Content/upload/2022625764/202207091159385891735.jpg]
[www.sali-group.com/Content/upload/2022625764/202207091159383320508.jpg]
[www.sali-group.com/info/sali-pruning-saw-72817951.html]
[www.sali-group.com/images/27152/other6d65.css]
[www.sali-group.com/Content/uploads/2022625764/202206091927158995ea44a3ad4284939ca01d2e0e2c5a.jpg]
[www.sali-group.com/Content/uploads/2022625764/202206091928095c13ddd9ce2947d7a84004e7de7096c1.jpg]
[www.sali-group.com/Content/uploads/2022625764/20220609192839f1c1300c318e428985bd6b52b66ff521.jpg]
[www.sali-group.com/Content/uploads/2022625764/20220609192909f7cae5e04bbf4411b69a547265ee58b4.jpg]
[www.sali-group.com/Content/uploads/2022625764/20220609192928ae4fe71ead744f4bbac6a2a9d8edc1d5.jpg]
[www.sali-group.com/Content/uploads/2022625764/20220609193003db47f0e170d64997ad7f94c5e93f1624.jpg]
[www.sali-group.com/Content/uploads/2022625764/202206091930178361da17e86d47c297f2bba133770b4d.jpg]
[www.sali-group.com/Content/uploads/2022625764/202206091930279021db426ab1405ea126d7e6cf32669a.jpg]
[www.sali-group.com/info/garden-shear-to-o-l-s-71409534.html]
[www.sali-group.com/info/use-the-wire-stripper-carefully-68024808.html]
[www.sali-group.com/images/27152/other38a5.css]
[www.sali-group.com/info/what-is-the-difference-between-a-rubber-hammer-67949736.html]
[www.sali-group.com/images/27152/other18a7.css]
[www.sali-group.com/info/sali-hacksaw-blade-super-high-quanlity-67786618.html]
[www.sali-group.com/images/27152/other068f.css]
[www.sali-group.com/images/27152/other11cd.css]
[www.sali-group.com/Content/uploads/2022625764/20220312105324e75467c1835c4322acc1ab0be3c72b31.jpg]
[www.sali-group.com/info/what-is-screwdriver-bits-with-magnet-circle-67551811.html]
[www.sali-group.com/info/457139/page/2/index.html]
[www.sali-group.com/images/27152/other75d8.css]
[www.sali-group.com/images/27152/other9b49.css]
[www.sali-group.com/info/precautions-for-the-use-of-roller-brush-61929270.html]
[www.sali-group.com/info/the-tape-measure-61836469.html]
[www.sali-group.com/info/precautions-for-tape-61755388.html]
[www.sali-group.com/info/paint-roll-brush-61682218.html]
[www.sali-group.com/info/socket-61631023.html]
[www.sali-group.com/info/sali-painting-roll-brush-61528061.html]
[www.sali-group.com/info/wrench-sets-61178931.html]
[www.sali-group.com/info/457139/page/3/index.html]
[www.sali-group.com/info/screwdriver-recommed-60417511.html]
[www.sali-group.com/images/27152/other4f59.css]
[www.sali-group.com/info/socket-set-60055059.html]
[www.sali-group.com/info/sockets-set-60009885.html]
[www.sali-group.com/info/aviation-snip-59928094.html]
[www.sali-group.com/info/utility-knife-59469723.html]
[www.sali-group.com/info/hexagon-wrench-59385287.html]
[www.sali-group.com/info/woodworking-chisels-knowledge-59365819.html]
[www.sali-group.com/info/sali-hand-tools-set-with-box-59335202.html]
[www.sali-group.com/info/the-electric-drill-16mm-tree-handle-59257754.html]
[www.sali-group.com/info/manual-riveting-machine-59092396.html]
[www.sali-group.com/info/allen-wrench-set-hex-key-set-58175910.html]
[www.sali-group.com/info/the-main-points-of-knowledge-of-tooth-grinding-56962617.html]
[www.sali-group.com/info/457139/page/4/index.html]
[www.sali-group.com/info/pull-rivet-gun-56827134.html]
[www.sali-group.com/images/27152/otherdbd2.css]
[www.sali-group.com/info/utility-knife-56714352.html]
[www.sali-group.com/info/pliers-56602743.html]
[www.sali-group.com/info/adjustable-wrench-55905742.html]
[www.sali-group.com/info/tape-measure-55795713.html]
[www.sali-group.com/info/457139/page/5/index.html]
[www.sali-group.com/images/27152/other7214.css]
[www.sali-group.com/info/spirit-level-55795172.html]
[www.sali-group.com/info/what-is-handhold-welding-machine-69621538.html]
[www.sali-group.com/images/27152/other9b3f.css]
[www.sali-group.com/info/note-on-the-use-of-marble-machine-66636097.html]
[www.sali-group.com/images/27152/other6e07.css]
[www.sali-group.com/info/why-do-you-need-to-remember-to-match-stator-an-65467189.html]
[www.sali-group.com/images/27152/otherf821.css]
[www.sali-group.com/info/grinder-machine-65223160.html]
[www.sali-group.com/images/27152/other7325.css]
[www.sali-group.com/info/precautions-for-the-use-of-electric-soldering-65042895.html]
[www.sali-group.com/images/27152/othera267.css]
[www.sali-group.com/info/scroll-saw-s-sweep-saw-feature-64402957.html]
[www.sali-group.com/images/27152/othere829.css]
[www.sali-group.com/info/sali-bow-saw-63933698.html]
[www.sali-group.com/images/27152/other0a0c.css]
[www.sali-group.com/images/27152/otherd007.css]
[www.sali-group.com/Content/uploads/2021625764/202111151436188019331d42464b9087536eccdce9bfb1.jpg]
[www.sali-group.com/Content/uploads/2021625764/2021111514363490f4396ce52b42579d38f122db49a331.jpg]
[www.sali-group.com/info/precautions-before-chainsaws-start-working-63755740.html]
[www.sali-group.com/info/electric-soldering-iron-soldering-iron-63497602.html]
[www.sali-group.com/images/27152/otherc669.css]
[www.sali-group.com/info/daily-maintenance-of-angle-mill-62991001.html]
[www.sali-group.com/images/27152/other3eec.css]
[www.sali-group.com/info/preparation-of-chainsaw-before-use-62882610.html]
[www.sali-group.com/images/27152/other6f8a.css]
[www.sali-group.com/info/the-difference-and-application-of-lawn-mower-62754507.html]
[www.sali-group.com/images/27152/other3bcb.css]
[www.sali-group.com/images/27152/othercbfb.css]
[www.sali-group.com/info/demolition-hammer-61446266.html]
[www.sali-group.com/info/gasoline-generator-59560537.html]
[www.sali-group.com/info/gasoline-chian-saw-58786891.html]
[www.sali-group.com/info/gasoline-generator-58546876.html]
[www.sali-group.com/info/points-needed-when-purchasing-drill-products-58266930.html]
[www.sali-group.com/info/457140/page/2/index.html]
[www.sali-group.com/info/the-main-difference-between-hand-drills-impac-58222662.html]
[www.sali-group.com/images/27152/othera57c.css]
[www.sali-group.com/info/aircraft-electric-drill-58142412.html]
[www.sali-group.com/info/355b-cutting-machine-57261490.html]
[www.sali-group.com/info/marble-machine-57205950.html]
[www.sali-group.com/info/hot-melt-glue-gun-56963235.html]
[www.sali-group.com/info/how-to-protect-the-lithium-battery-55270842.html]
[www.sali-group.com/info/maintenance-method-of-angle-grinder-51084593.html]
[www.sali-group.com/info/457140/page/3/index.html]
[www.sali-group.com/images/27152/othera9d3.css]
[www.sali-group.com/info/operating-rules-of-angle-grinder-51084458.html]
[www.sali-group.com/images/27152/other5f31.css]
[www.sali-group.com/Content/uploads/2021625764/20211110135033bd6fb9a110354eddbebc01040cd1ada4.jpg]
[www.sali-group.com/info/lithium-electric-wrench-63597084.html]
[www.sali-group.com/info/precautions-for-lithium-batteries-62842766.html]
[www.sali-group.com/images/27152/other124c.css]
[www.sali-group.com/info/the-composition-of-the-lithium-battery-wrench-59158483.html]
[www.sali-group.com/images/27152/otherb1d3.css]
[www.sali-group.com/info/basic-knowledge-of-lithium-battery-wrenches-59121144.html]
[www.sali-group.com/images/27152/otherb5f5.css]
[www.sali-group.com/info/cordless-drill-operation-57997156.html]
[www.sali-group.com/images/27152/other49c4.css]
[www.sali-group.com/info/lithium-batteries-57923422.html]
[www.sali-group.com/images/27152/otherb9b4.css]
[www.sali-group.com/info/as-li-battery-series-developing-51479971.html]
[www.sali-group.com/images/27152/other553f.css]
[www.sali-group.com/images/27152/other7d8d.css]
[www.sali-group.com/info/principle-of-centrifugal-water-pump-62279420.html]
[www.sali-group.com/images/27152/otherf494.css]
[www.sali-group.com/info/high-pressure-water-pump-62263740.html]
[www.sali-group.com/images/27152/other8b53.css]
[www.sali-group.com/info/the-deep-water-pump-62242737.html]
[www.sali-group.com/images/27152/otheree04.css]
[www.sali-group.com/info/water-pump-matters-needing-attention-62005741.html]
[www.sali-group.com/images/27152/otherc68c.css]
[www.sali-group.com/images/27152/otherbab2.css]
[www.sali-group.com/Content/uploads/2021625764/2021072413382770ee7f5616d84661bf07a9feb4f6b3f5.jpg]
[www.sali-group.com/info/gasoline-water-pumps-59590474.html]
[www.sali-group.com/images/27152/other63f4.css]
[www.sali-group.com/images/27152/otherd8de.css]
[www.sali-group.com/Content/uploads/2022625764/20220606175414eff572a2fc0546d9b4b060c8614610bc.png]
[www.sali-group.com/Content/uploads/2022625764/2022060617571666e658b91cb94ec1bb608426ac5ab274.png]
[www.sali-group.com/info/welding-machine-knowledge-mma-tig-mig-71264631.html]
[www.sali-group.com/info/maintenance-of-welding-machine-66761607.html]
[www.sali-group.com/images/27152/other417a.css]
[www.sali-group.com/info/dc-inverter-welder-mma-200-mma-65685659.html]
[www.sali-group.com/images/27152/otherd2f3.css]
[www.sali-group.com/images/27152/other94eb.css]
[www.sali-group.com/Content/uploads/2021625764/20210809162049fca0acfe299846549076a83552166282.jpg]
[www.sali-group.com/info/mma-with-tig-welding-machine-60105881.html]
[www.sali-group.com/images/27152/other90f4.css]
[www.sali-group.com/info/whether-stainless-steel-will-rust-67868531.html]
[www.sali-group.com/images/27152/othercffd.css]
[www.sali-group.com/images/27152/otherf31d.css]
[www.sali-group.com/Content/uploads/2022625764/202203091504003f3c5d1f580f4c5d81d1b200b0d1f797.jpg]
[www.sali-group.com/info/what-is-abs-67417591.html]
[www.sali-group.com/images/27152/otheref6a.css]
[www.sali-group.com/Content/uploads/2022625764/20220121105110952eaedaadeb41569915e61fe5a29b12.jpg]
[www.sali-group.com/info/what-is-shipping-pallet-66321988.html]
[www.sali-group.com/images/27152/other1647.css]
[www.sali-group.com/Content/uploads/2020625764/202012171530011149c9af8f4e4612bf5e33c240ca558e.jpg]
[www.sali-group.com/Content/uploads/2020625764/20201217153111a85be3bf9a9e491a801446adf60a958d.jpg]
[www.sali-group.com/Content/uploads/2020625764/202012171531477408b5947922466aa67151462c7f6642.jpg]
[www.sali-group.com/Content/uploads/2020625764/2020121715320162abf93125e84c7a863ca8b8fbaff1b2.jpg]
[www.sali-group.com/Content/uploads/2020625764/20201217153209958cd3aa2aa24be4b16e981a1e83a19b.jpg]
[www.sali-group.com/info/purchasing-situation-is-changing-52274640.html]
[www.sali-group.com/images/27152/other1aca.css]
[www.sali-group.com/Content/uploads/2020625764/202011261227560496db21eefa4dccb1be30d3b2d25645.jpg]
[www.sali-group.com/Content/uploads/2020625764/20201126122804bc317a78b3a44de9b12388b32ceff7b2.jpg]
[www.sali-group.com/Content/uploads/2020625764/20201126122815c247c9c54ccc428495ceb28f31a16f65.jpg]
[www.sali-group.com/info/here-please-find-the-update-hand-tool-catalogu-51579006.html]
[www.sali-group.com/images/27152/other8628.css]
[www.sali-group.com/Content/uploads/2020625764/20201125164702d2dd3c9dc10b4d62be03fcfe585b8d41.jpg]
[www.sali-group.com/Content/uploads/2020625764/20201125164705046bec77222648ae96fdf6a2ced2fa0e.jpg]
[www.sali-group.com/Content/uploads/2020625764/2020112516471033db3dc103724ea09d170b2a0c0cb9a3.jpg]
[www.sali-group.com/info/here-we-divide-into-uk-plug-and-europe-plug-51551534.html]
[www.sali-group.com/info/the-exhange-1-usd-6-57rmb-51479738.html]
[www.sali-group.com/images/27152/other899e.css]
[www.sali-group.com/info/the-exchange-is-keeping-reducing-51390042.html]
[www.sali-group.com/images/27152/otherda66.css]
[www.sali-group.com/info/update-news-here-for-the-material-51362298.html]
[www.sali-group.com/images/27152/other0f6e.css]
[www.sali-group.com/info/china-and-japan-has-new-policy-about-the-tax-51327876.html]
[www.sali-group.com/images/27152/otherbdbe.css]
[www.sali-group.com/images/27152/otherd0d9.css]
[www.sali-group.com/Content/uploads/2020625764/20201116172357536233859a994c0cbca0dc4dff41f580.jpg]
[www.sali-group.com/Content/uploads/2020625764/20201116172359d02ba18fe3fb47a0b9d94e4524bb2bc6.jpg]
[www.sali-group.com/Content/uploads/2020625764/202011161724014f2302df0a83466691ae2c75fd192bd6.jpg]
[www.sali-group.com/Content/uploads/2020625764/20201116172403989d7323d0d24ba794086d6f87d6300a.jpg]
[www.sali-group.com/Content/uploads/2020625764/202011161724073833c96aebf14ff4a565e35129ca1925.jpg]
[www.sali-group.com/Content/uploads/2020625764/2020111617240871b8fd22c4b7415bb49b41eb256fd7aa.jpg]
[www.sali-group.com/Content/uploads/2020625764/202011161724090191984a38fe4725a4d2aa91688c8616.jpg]
[www.sali-group.com/info/rising-prices-of-aluminum-raw-materials-51297460.html]
[www.sali-group.com/images/27152/other5c87.css]
[www.sali-group.com/uploads/202027152/grinder-abrasives27517141067.jpg]
[www.sali-group.com/images/27152/other5bfa.css]
[www.sali-group.com/uploads/202027152/small/grinder-abrasives33265442072.jpg]
[www.sali-group.com/uploads/202027152/small/grinder-abrasives28054003180.jpg]
[www.sali-group.com/uploads/202027152/small/grinder-abrasives33283259862.jpg]
[www.sali-group.com/uploads/202027152/small/grinder-abrasives10116022665.jpg]
[www.sali-group.com/Content/uploads/2020625764/2020110611351190b19684465448c8b39133df00b1a68b.jpg]
[www.sali-group.com/Content/uploads/2020625764/20201106110515217b907608cc40d882d9c49f5e5a7d4e.jpg]
[www.sali-group.com/Content/uploads/2020625764/2020110611104475e39056c57149a2a0c2f1aff83e4f05.jpg]
[www.sali-group.com/Content/uploads/2020625764/20201106110520164007236a7042c791e355bd2c37ae5d.jpg]
[www.sali-group.com/Content/uploads/2020625764/2020110611052374e7d63556cb431ab8c9b9f9584011d6.jpg]
[www.sali-group.com/Content/uploads/2020625764/20201106110526ddeebde1d78942d4bbca786856556e5d.jpg]
[www.sali-group.com/bonded-abrasives/grinding-wheel-for-metal/grinder-abrasives.html]
[www.sali-group.com/uploads/202027152/4-in-green-flexible-grinding-wheel-for-inox51303913569.jpg]
[www.sali-group.com/images/27152/othereb3c.css]
[www.sali-group.com/uploads/202027152/small/4-in-green-flexible-grinding-wheel-for-inox51452455531.jpg]
[www.sali-group.com/uploads/202027152/small/4-in-green-flexible-grinding-wheel-for-inox52030890157.jpg]
[www.sali-group.com/uploads/202027152/small/4-in-green-flexible-grinding-wheel-for-inox52062023067.jpg]
[www.sali-group.com/uploads/202027152/small/4-in-green-flexible-grinding-wheel-for-inox52079846007.jpg]
[www.sali-group.com/Content/uploads/2020625764/2020110913545048786093a99541048c9c9249ea499547.jpg]
[www.sali-group.com/bonded-abrasives/flexible-grinding-wheel-for-inox/4-in-green-flexible-grinding-wheel-for-inox.html]
[www.sali-group.com/uploads/202027152/sg-inox-grinder-abrasives50429032857.jpg]
[www.sali-group.com/images/27152/othere655.css]
[www.sali-group.com/uploads/202027152/small/sg-inox-grinder-abrasives51130094971.jpg]
[www.sali-group.com/uploads/202027152/small/sg-inox-grinder-abrasives44480578244.jpg]
[www.sali-group.com/uploads/202027152/small/sg-inox-grinder-abrasives44481828588.jpg]
[www.sali-group.com/uploads/202027152/small/sg-inox-grinder-abrasives44482765958.jpg]
[www.sali-group.com/Content/uploads/2020625764/20201109142848ab97fe784bc44df88a47c40c51a62cce.jpg]
[www.sali-group.com/bonded-abrasives/grinding-wheel-for-inox/sg-inox-grinder-abrasives.html]
[www.sali-group.com/uploads/202027152/flap-disc-wheel-for-angle-grinder52089961602.jpg]
[www.sali-group.com/images/27152/othera001.css]
[www.sali-group.com/uploads/202027152/small/flap-disc-wheel-for-angle-grinder18168392871.jpg]
[www.sali-group.com/uploads/202027152/small/flap-disc-wheel-for-angle-grinder18169632707.jpg]
[www.sali-group.com/uploads/202027152/small/flap-disc-wheel-for-angle-grinder18170727021.jpg]
[www.sali-group.com/uploads/202027152/small/flap-disc-wheel-for-angle-grinder52289970466.jpg]
[www.sali-group.com/Content/uploads/2020625764/2020110915171858c3a4b7c34a41aeb6905232cb8c941d.jpg]
[www.sali-group.com/Content/uploads/2020625764/202011091517191fb52a18edc94f119001c6978011438a.jpg]
[www.sali-group.com/bonded-abrasives/flap-disc/flap-disc-wheel-for-angle-grinder.html]
[www.sali-group.com/images/27152/otherf8ff.css]
[www.sali-group.com/uploads/202027152/4-inch-t42-grinding-wheel-for-metal12365326501.jpg]
[www.sali-group.com/images/27152/other341e.css]
[www.sali-group.com/uploads/202027152/small/4-inch-t42-grinding-wheel-for-metal27588551694.jpg]
[www.sali-group.com/uploads/202027152/small/4-inch-t42-grinding-wheel-for-metal57332956094.jpg]
[www.sali-group.com/uploads/202027152/small/4-inch-t42-grinding-wheel-for-metal57334206881.jpg]
[www.sali-group.com/uploads/202027152/small/4-inch-t42-grinding-wheel-for-metal46505636404.jpg]
[www.sali-group.com/Content/uploads/2020625764/202011051433353a117c1b204947c79e7d6b38752156ae.jpg]
[www.sali-group.com/bonded-abrasives/grinding-wheel-for-metal/4-inch-t42-grinding-wheel-for-metal.html]
[www.sali-group.com/uploads/202127152/a37-aluminum-oxide-and-latex-paper12042903318.jpg]
[www.sali-group.com/images/27152/otherffcf.css]
[www.sali-group.com/uploads/202127152/small/a37-aluminum-oxide-and-latex-paper12194909959.jpg]
[www.sali-group.com/Content/uploads/2021625764/20210203172119e10183c3392e4893acf13481ef14b6d5.jpg]
[www.sali-group.com/Content/uploads/2021625764/20210203172119bad4e47a1b9541d1b0077397efd762f1.jpg]
[www.sali-group.com/bonded-abrasives/sand-paper/a37-aluminum-oxide-and-latex-paper.html]
[www.sali-group.com/uploads/202127152/cp35-silicon-carbide-and-latex-paper55517537430.jpg]
[www.sali-group.com/images/27152/other4878.css]
[www.sali-group.com/uploads/202127152/small/cp35-silicon-carbide-and-latex-paper56086142830.jpg]
[www.sali-group.com/uploads/202127152/small/cp35-silicon-carbide-and-latex-paper56091778527.jpg]
[www.sali-group.com/uploads/202127152/small/cp35-silicon-carbide-and-latex-paper56098185606.jpg]
[www.sali-group.com/uploads/202127152/small/cp35-silicon-carbide-and-latex-paper56114456334.jpg]
[www.sali-group.com/Content/uploads/2021625764/202102031708481f145bb5225744d496211c3377f3c1b4.jpg]
[www.sali-group.com/Content/uploads/2021625764/20210203170849d810cbd09d5c48bc8d179f00c7cffdbb.jpg]
[www.sali-group.com/Content/uploads/2021625764/2021020317084941ed81620db94951b9dcbe9f636f112f.jpg]
[www.sali-group.com/bonded-abrasives/sand-paper/cp35-silicon-carbide-and-latex-paper.html]
[www.sali-group.com/uploads/202027152/7-inch-aluminum-oxide-fiber-disc07294200030.jpg]
[www.sali-group.com/images/27152/other33cf.css]
[www.sali-group.com/uploads/202027152/small/7-inch-aluminum-oxide-fiber-disc07460727655.jpg]
[www.sali-group.com/uploads/202027152/small/7-inch-aluminum-oxide-fiber-disc07463071987.jpg]
[www.sali-group.com/uploads/202027152/small/7-inch-aluminum-oxide-fiber-disc07478872024.jpg]
[www.sali-group.com/uploads/202027152/small/7-inch-aluminum-oxide-fiber-disc07482778989.jpg]
[www.sali-group.com/bonded-abrasives/fiber-disc/7-inch-aluminum-oxide-fiber-disc.html]
[www.sali-group.com/uploads/202027152/red-flexibe-ginding-disc-grit-30-grit-60-a3056304062702.jpg]
[www.sali-group.com/images/27152/other0418.css]
[www.sali-group.com/uploads/202027152/small/red-flexibe-ginding-disc-grit-30-grit-60-a3056360878246.jpg]
[www.sali-group.com/uploads/202027152/small/red-flexibe-ginding-disc-grit-30-grit-60-a3056364211691.jpg]
[www.sali-group.com/uploads/202027152/small/red-flexibe-ginding-disc-grit-30-grit-60-a3056378922163.jpg]
[www.sali-group.com/uploads/202027152/small/red-flexibe-ginding-disc-grit-30-grit-60-a3056382038845.jpg]
[www.sali-group.com/Content/uploads/2020625764/20201109135831e6b575e391df4dd78d156cc2d49d7b22.jpg]
[www.sali-group.com/bonded-abrasives/flexible-grinding-wheel-for-inox/red-flexibe-ginding-disc-grit-30-grit-60-a30.html]
[www.sali-group.com/uploads/202027152/flat-type-cut-off-wheel24299812504.jpg]
[www.sali-group.com/images/27152/other62f1.css]
[www.sali-group.com/uploads/202027152/small/flat-type-cut-off-wheel15366509272.jpg]
[www.sali-group.com/uploads/202027152/small/flat-type-cut-off-wheel15370883406.jpg]
[www.sali-group.com/uploads/202027152/small/flat-type-cut-off-wheel15382923669.jpg]
[www.sali-group.com/uploads/202027152/small/flat-type-cut-off-wheel15386379559.jpg]
[www.sali-group.com/Content/uploads/2020625764/202011091418066bee30786f82404faf4767020b73e3da.jpg]
[www.sali-group.com/bonded-abrasives/cutting-disc-for-inox/flat-type-cut-off-wheel.html]
[www.sali-group.com/images/27152/otherca6c.css]
[www.sali-group.com/uploads/202027152/4-5-inch-t42-grinding-disc-for-iron13251267316.jpg]
[www.sali-group.com/images/27152/otherfeb3.css]
[www.sali-group.com/uploads/202027152/small/4-5-inch-t42-grinding-disc-for-iron02091108769.jpg]
[www.sali-group.com/uploads/202027152/small/4-5-inch-t42-grinding-disc-for-iron02097836301.jpg]
[www.sali-group.com/uploads/202027152/small/4-5-inch-t42-grinding-disc-for-iron02099555036.jpg]
[www.sali-group.com/uploads/202027152/small/4-5-inch-t42-grinding-disc-for-iron58386336603.jpg]
[www.sali-group.com/Content/uploads/2020625764/20201106110514fc6ede57556243fda2f5d8792dd6f7af.jpg]
[www.sali-group.com/bonded-abrasives/grinding-wheel-for-metal/4-5-inch-t42-grinding-disc-for-iron.html]
[www.sali-group.com/uploads/202327152/9-inch-hot-sell-in-africa-cutting-disc3f4802c0-c200-4f61-bc58-78433b8765bf.jpg]
[www.sali-group.com/images/27152/othere4cf.css]
[www.sali-group.com/uploads/202327152/small/9-inch-hot-sell-in-africa-cutting-disc2ce88bb0-fe3c-452c-8a5e-62950c24579b.jpg]
[www.sali-group.com/uploads/202327152/small/9-inch-hot-sell-in-africa-cutting-disc587369bf-085f-4f5d-ba0e-89e53a3679d7.jpg]
[www.sali-group.com/uploads/202327152/small/9-inch-hot-sell-in-africa-cutting-disc0567988b-1f90-49d4-a897-08c9845c77e8.jpg]
[www.sali-group.com/uploads/202327152/small/9-inch-hot-sell-in-africa-cutting-discaeac534d-c5af-4fb7-be0e-a373d6617869.jpg]
[www.sali-group.com/Content/ue/themes/default/images/spacer.gif]
[www.sali-group.com/bonded-abrasives/cutting-disc-for-metal/9-inch-hot-sell-in-africa-cutting-disc.html]
[www.sali-group.com/uploads/202027152/china-cutting-wheel-355mm30053169729.jpg]
[www.sali-group.com/images/27152/other6003.css]
[www.sali-group.com/uploads/202027152/small/china-cutting-wheel-355mm29280201555.jpg]
[www.sali-group.com/uploads/202027152/small/china-cutting-wheel-355mm29282701578.jpg]
[www.sali-group.com/uploads/202027152/small/china-cutting-wheel-355mm30085857114.jpg]
[www.sali-group.com/uploads/202027152/small/china-cutting-wheel-355mm28286697234.jpg]
[www.sali-group.com/Content/uploads/2020625764/2020110913320410708079d3784619821549553e49ff5f.jpg]
[www.sali-group.com/bonded-abrasives/cutting-disc-for-metal/china-cutting-wheel-355mm.html]
[www.sali-group.com/uploads/202027152/4-in-performance-line-sg-cut-off-wheel23099648931.jpg]
[www.sali-group.com/images/27152/other8ab8.css]
[www.sali-group.com/uploads/202027152/small/4-in-performance-line-sg-cut-off-wheel03492237109.jpg]
[www.sali-group.com/uploads/202027152/small/4-in-performance-line-sg-cut-off-wheel53308728142.jpg]
[www.sali-group.com/uploads/202027152/small/4-in-performance-line-sg-cut-off-wheel53309820588.jpg]
[www.sali-group.com/uploads/202027152/small/4-in-performance-line-sg-cut-off-wheel53310914309.jpg]
[www.sali-group.com/Content/uploads/2021625764/202110160925581ee4449f82ec440c89c3a0ef4bb2e5c7.jpg]
[www.sali-group.com/bonded-abrasives/cutting-disc-for-inox/4-in-performance-line-sg-cut-off-wheel.html]
[www.sali-group.com/images/27152/other0063.css]
[www.sali-group.com/uploads/202027152/4-1-2-in-type-1-aluminum-oxide-abrasive19486408103.jpg]
[www.sali-group.com/images/27152/other9e80.css]
[www.sali-group.com/uploads/202027152/small/4-1-2-in-type-1-aluminum-oxide-abrasive22296431881.jpg]
[www.sali-group.com/uploads/202027152/small/4-1-2-in-type-1-aluminum-oxide-abrasive22301900655.jpg]
[www.sali-group.com/uploads/202027152/small/4-1-2-in-type-1-aluminum-oxide-abrasive22312856668.jpg]
[www.sali-group.com/uploads/202027152/small/4-1-2-in-type-1-aluminum-oxide-abrasive22317553754.jpg]
[www.sali-group.com/Content/uploads/2020625764/2020110913240851c2b6d2aa90499cafa28d71a3a63a88.jpg]
[www.sali-group.com/bonded-abrasives/cutting-disc-for-metal/4-1-2-in-type-1-aluminum-oxide-abrasive.html]
[www.sali-group.com/uploads/202027152/inox-wheel-grit-a-60-sgp29581600007.jpg]
[www.sali-group.com/images/27152/otherdf54.css]
[www.sali-group.com/uploads/202027152/small/inox-wheel-grit-a-60-sgp47544670205.jpg]
[www.sali-group.com/uploads/202027152/small/inox-wheel-grit-a-60-sgp47545909393.jpg]
[www.sali-group.com/uploads/202027152/small/inox-wheel-grit-a-60-sgp47547159413.jpg]
[www.sali-group.com/Content/uploads/2020625764/202011091440064e15ab578b1c4ca4a2018091b975607c.jpg]
[www.sali-group.com/bonded-abrasives/grinding-wheel-for-inox/inox-wheel-grit-a-60-sgp.html]
[www.sali-group.com/uploads/202027152/9-in-hard-density-grade-industrial-disc26404670238.jpg]
[www.sali-group.com/images/27152/other9ccd.css]
[www.sali-group.com/uploads/202027152/small/9-in-hard-density-grade-industrial-disc56490867572.jpg]
[www.sali-group.com/uploads/202027152/small/9-in-hard-density-grade-industrial-disc57290370200.jpg]
[www.sali-group.com/uploads/202027152/small/9-in-hard-density-grade-industrial-disc57291464492.jpg]
[www.sali-group.com/uploads/202027152/small/9-in-hard-density-grade-industrial-disc57292714458.jpg]
[www.sali-group.com/Content/uploads/2020625764/202011091458448ed0cf99dde34589892e7f006372c042.jpg]
[www.sali-group.com/bonded-abrasives/grinding-wheel-for-stone/9-in-hard-density-grade-industrial-disc.html]
[www.sali-group.com/uploads/202027152/80-grit-7-8-inch-center-hole-type-27-flap24342313415.jpg]
[www.sali-group.com/images/27152/other0c5c.css]
[www.sali-group.com/uploads/202027152/small/80-grit-7-8-inch-center-hole-type-27-flap24343719343.jpg]
[www.sali-group.com/uploads/202027152/small/80-grit-7-8-inch-center-hole-type-27-flap24344656748.jpg]
[www.sali-group.com/uploads/202027152/small/80-grit-7-8-inch-center-hole-type-27-flap24345750959.jpg]
[www.sali-group.com/Content/uploads/2020625764/20201109152337b12ba88b9e1547d4b06dbeab931ba9b0.jpg]
[www.sali-group.com/Content/uploads/2020625764/20201109152339b2ee079eaf544de4a90edcf12b1a1a97.jpg]
[www.sali-group.com/bonded-abrasives/flap-disc/80-grit-7-8-inch-center-hole-type-27-flap.html]
[www.sali-group.com/images/27152/other5a44.css]
[www.sali-group.com/uploads/202027152/dc-welding-machine53346594666.jpg]
[www.sali-group.com/images/27152/other96cc.css]
[www.sali-group.com/uploads/202027152/small/dc-welding-machine53347844923.jpg]
[www.sali-group.com/uploads/202027152/small/dc-welding-machine53348782846.jpg]
[www.sali-group.com/uploads/202027152/small/dc-welding-machine53349720022.jpg]
[www.sali-group.com/uploads/202027152/small/dc-welding-machine53350657477.jpg]
[www.sali-group.com/Content/uploads/2020625764/2020111009520598e160e5c71440ea9037ae84e15a1d31.jpg]
[www.sali-group.com/Content/uploads/2020625764/20201110095256a37358ed131643cc892d63837cea5c0a.jpg]
[www.sali-group.com/Content/uploads/2020625764/202011100952581ed42f32c758447d8a60f73b2cc541cf.jpg]
[www.sali-group.com/welding-tools/dc-welding-machine.html]
[www.sali-group.com/uploads/202027152/inverter-electric-welding-machine58304307251.jpg]
[www.sali-group.com/images/27152/othera5f2.css]
[www.sali-group.com/uploads/202027152/small/inverter-electric-welding-machine58305356596.jpg]
[www.sali-group.com/uploads/202027152/small/inverter-electric-welding-machine58306450341.jpg]
[www.sali-group.com/uploads/202027152/small/inverter-electric-welding-machine58307389217.jpg]
[www.sali-group.com/uploads/202027152/small/inverter-electric-welding-machine58308481599.jpg]
[www.sali-group.com/Content/uploads/2020625764/20201110095508313d11f7f29a4d9da0287d496edc47fa.jpg]
[www.sali-group.com/Content/uploads/2020625764/20201110095539efbd9ae713b14ded88ee5b7673dd1ddb.jpg]
[www.sali-group.com/Content/uploads/2020625764/20201110095541cca167f6b27241a6b345c269fbab2d22.jpg]
[www.sali-group.com/welding-tools/inverter-electric-welding-machine.html]
[www.sali-group.com/images/27152/other33fa.css]
[www.sali-group.com/uploads/202027152/6mm-thickness-metal-disc16588086789.jpg]
[www.sali-group.com/images/27152/otherea91.css]
[www.sali-group.com/uploads/202027152/small/6mm-thickness-metal-disc48483911521.jpg]
[www.sali-group.com/uploads/202027152/small/6mm-thickness-metal-disc16252198570.jpg]
[www.sali-group.com/uploads/202027152/small/6mm-thickness-metal-disc17262677777.jpg]
[www.sali-group.com/uploads/202027152/small/6mm-thickness-metal-disc17263771513.jpg]
[www.sali-group.com/Content/uploads/2020625764/2020110611434699f4cee60563410b834f5e5c2715b9b6.jpg]
[www.sali-group.com/bonded-abrasives/grinding-wheel-for-metal/6mm-thickness-metal-disc.html]
[www.sali-group.com/uploads/202127152/wp43-white-aluminum-oxide-and-latex-papaer22423688750.jpg]
[www.sali-group.com/images/27152/other0383.css]
[www.sali-group.com/uploads/202127152/small/wp43-white-aluminum-oxide-and-latex-papaer23080033279.jpg]
[www.sali-group.com/uploads/202127152/small/wp43-white-aluminum-oxide-and-latex-papaer23086254734.jpg]
[www.sali-group.com/uploads/202127152/small/wp43-white-aluminum-oxide-and-latex-papaer23092351336.jpg]
[www.sali-group.com/uploads/202127152/small/wp43-white-aluminum-oxide-and-latex-papaer23096255536.jpg]
[www.sali-group.com/uploads/202127152/small/wp43-white-aluminum-oxide-and-latex-papaer23102370579.jpg]
[www.sali-group.com/Content/uploads/2021625764/20210203173107489370883039461eb0eb43242e1c55c4.jpg]
[www.sali-group.com/Content/uploads/2021625764/20210203173108282eda95bdb843a9a597a5dd808c17e5.jpg]
[www.sali-group.com/Content/uploads/2021625764/202102031731093c6e62c2e1614792a854d95a8c0b4909.jpg]
[www.sali-group.com/Content/uploads/2021625764/202102031731104799c126e9c04a359bad83084dca9772.jpg]
[www.sali-group.com/Content/uploads/2021625764/202102031731113a6f525c50e94d25a76e08d5f9f00d1c.jpg]
[www.sali-group.com/Content/uploads/2021625764/2021020317311138b13e9bb9b64ee1bba68ec2224313dd.jpg]
[www.sali-group.com/bonded-abrasives/sand-paper/wp43-white-aluminum-oxide-and-latex-papaer.html]
[www.sali-group.com/uploads/202027152/a40bf-abrasive19071147578.jpg]
[www.sali-group.com/images/27152/other88f5.css]
[www.sali-group.com/uploads/202027152/small/a40bf-abrasive19416093346.jpg]
[www.sali-group.com/uploads/202027152/small/a40bf-abrasive19417969255.jpg]
[www.sali-group.com/uploads/202027152/small/a40bf-abrasive19435935923.jpg]
[www.sali-group.com/uploads/202027152/small/a40bf-abrasive19438926737.jpg]
[www.sali-group.com/Content/uploads/2020625764/20201109132124705a6f3fdc2e4c9eb2418b1a3ba83938.jpg]
[www.sali-group.com/bonded-abrasives/cutting-disc-for-metal/a40bf-abrasive.html]
[www.sali-group.com/uploads/202027152/best-zirconia-oxide-flap-discs-60-40-grit29353782886.jpg]
[www.sali-group.com/images/27152/otherf801.css]
[www.sali-group.com/uploads/202027152/small/best-zirconia-oxide-flap-discs-60-40-grit29355189505.jpg]
[www.sali-group.com/uploads/202027152/small/best-zirconia-oxide-flap-discs-60-40-grit29356282893.jpg]
[www.sali-group.com/uploads/202027152/small/best-zirconia-oxide-flap-discs-60-40-grit29357361749.jpg]
[www.sali-group.com/uploads/202027152/small/best-zirconia-oxide-flap-discs-60-40-grit29358324232.jpg]
[www.sali-group.com/Content/uploads/2020625764/2020110915285146588bd07f4a4e4f9986bba86d576d83.jpg]
[www.sali-group.com/Content/uploads/2020625764/20201109152853c4b9c36754174c7daf8ba067c35004f2.jpg]
[www.sali-group.com/bonded-abrasives/flap-disc/best-zirconia-oxide-flap-discs-60-40-grit.html]
[www.sali-group.com/images/27152/othereddb.css]
[www.sali-group.com/showroom/20v-cordless-combination-hammer-brushless/index.html]
[www.sali-group.com/images/27152/otherf519.css]
[www.sali-group.com/showroom/20v-cordless-drill/index.html]
[www.sali-group.com/images/27152/otherdd69.css]
[www.sali-group.com/showroom/cordless/index.html]
[www.sali-group.com/images/27152/otherf00a.css]
[www.sali-group.com/showroom/lion-battery-with-charging-adapter/index.html]
[www.sali-group.com/images/27152/otherbaf0.css]
[www.sali-group.com/showroom/lion-brushless-impact-wrech-machine/index.html]
[www.sali-group.com/images/27152/otherbbf3.css]
[www.sali-group.com/uploads/202327152/cordless-chain-sawcf593daf-0996-4474-9bdd-7c913de936ef.jpg]
[www.sali-group.com/images/27152/otherbf6b.css]
[www.sali-group.com/uploads/202327152/small/cordless-chain-saw0f69daef-6408-4c97-8572-02d7a6eb40b5.jpg]
[www.sali-group.com/uploads/202327152/small/cordless-chain-saw320c70b3-e9da-43be-9562-8201bfd49651.jpg]
[www.sali-group.com/uploads/202327152/small/cordless-chain-sawb9ef2103-9ccc-4d33-95df-beda30576474.jpg]
[www.sali-group.com/uploads/202327152/small/cordless-chain-saw541dda83-a994-44b7-ab8d-c34565815862.jpg]
[www.sali-group.com/uploads/202327152/small/cordless-chain-saw7d7aca5c-5238-4844-be06-0d6a46333d70.jpg]
[www.sali-group.com/Content/uploads/2023625764/20231120172008b6ea47961a2343a88e43c4da56b9a692.jpg]
[www.sali-group.com/Content/uploads/2023625764/20231120172421d2629743f048439db49097ce599bf8bf.jpg]
[www.sali-group.com/Content/uploads/2023625764/20231120172842f9fe0a25b1184d52b5f3a67e36062923.jpg]
[www.sali-group.com/Content/uploads/2023625764/2023112017285572a9e08e863c46eba0f89325e3bad007.jpg]
[www.sali-group.com/Content/uploads/2023625764/2023112017290672a4099e5366476b9235326affa72ae6.jpg]
[www.sali-group.com/Content/uploads/2023625764/20231120173059dc6d241b3399459fa4188c7299517b32.jpg]
[www.sali-group.com/Content/uploads/2023625764/2023112116125039e6db46d6cc42659f03e163443faf77.jpg]
[www.sali-group.com/Content/uploads/2023625764/20231121161307f49d0db12306466fa8ef0962067a0912.jpg]
[www.sali-group.com/Content/uploads/2023625764/202311211613170a21fef6ffc64b4cb74d4692b9ae45c1.jpg]
[www.sali-group.com/cordless/cordless-chain-saw.html]
[www.sali-group.com/uploads/202327152/cordless-cable-scissorsbee2d440-c1cf-4e59-a864-a12e6a3b8401.jpg]
[www.sali-group.com/images/27152/other4899.css]
[www.sali-group.com/uploads/202327152/small/cordless-cable-scissorsf4c41f91-e62b-4f84-9d79-c6198b0e7bfd.jpg]
[www.sali-group.com/uploads/202327152/small/cordless-cable-scissors487cbec0-c919-4939-b425-b6fab0e9570d.jpg]
[www.sali-group.com/Content/uploads/2023625764/20230824141419e04989c85bd541bd9fac1bc0dce79994.jpg]
[www.sali-group.com/Content/uploads/2023625764/2023082414182251da3897e9c442c3bcd6272ec3026cb5.jpg]
[www.sali-group.com/Content/uploads/2023625764/202308241418365e26e3ac0f37454289cb1f6898160c99.jpg]
[www.sali-group.com/Content/uploads/2023625764/202308241418424fa3f27e9fb641d2ac8819c9b27d8e2f.jpg]
[www.sali-group.com/Content/uploads/2023625764/20230824141847120a6c9ba0dd4c38a28101e8154c27f8.jpg]
[www.sali-group.com/cordless/cordless-cable-scissors.html]
[www.sali-group.com/uploads/202027152/lion-brushless-impact-wrech-machine50342809293.jpg]
[www.sali-group.com/images/27152/otherc331.css]
[www.sali-group.com/uploads/202027152/small/lion-brushless-impact-wrech-machine50409427341.jpg]
[www.sali-group.com/uploads/202027152/small/lion-brushless-impact-wrech-machine50413511859.jpg]
[www.sali-group.com/uploads/202027152/small/lion-brushless-impact-wrech-machine50418814358.jpg]
[www.sali-group.com/uploads/202027152/small/lion-brushless-impact-wrech-machine50434311739.jpg]
[www.sali-group.com/Content/uploads/2020625764/20201110094429dda2803721e347039124c9f8d18c7be5.jpg]
[www.sali-group.com/Content/uploads/2020625764/202011100944416de975bd01c240918979029a7f4ad1b7.jpg]
[www.sali-group.com/Content/uploads/2020625764/2020111009444399dbd1a07a8345d49c6926cd249c2272.jpg]
[www.sali-group.com/Content/uploads/2020625764/20201110094445d078ede2bd24457a99509bdadede8d16.jpg]
[www.sali-group.com/Content/uploads/2020625764/20201110094447ed8f96d8411e468d9b68c0306f307b8e.jpg]
[www.sali-group.com/Content/uploads/2020625764/20201110094449151c9602ceac44f585e57b9f6eaca8d0.jpg]
[www.sali-group.com/Content/uploads/2020625764/20201110094451741148c0033d4a90a97612a43f8330c2.jpg]
[www.sali-group.com/cordless/lion-brushless-impact-wrech-machine.html]
[www.sali-group.com/images/27152/otherfa00.css]
[www.sali-group.com/showroom/lithium-brushless-cordless-hammer-drill-13mm/index.html]
[www.sali-group.com/images/27152/other8cc8.css]
[www.sali-group.com/uploads/202027152/brushless-angle-grinder-machine54444618095.jpg]
[www.sali-group.com/images/27152/other4984.css]
[www.sali-group.com/uploads/202027152/small/brushless-angle-grinder-machine54508283818.jpg]
[www.sali-group.com/uploads/202027152/small/brushless-angle-grinder-machine54510013259.jpg]
[www.sali-group.com/uploads/202027152/small/brushless-angle-grinder-machine54515169450.jpg]
[www.sali-group.com/uploads/202027152/small/brushless-angle-grinder-machine54539739752.jpg]
[www.sali-group.com/Content/uploads/2020625764/202011100932130f6eee693b1f49b1bb0aff02883d37de.jpg]
[www.sali-group.com/Content/uploads/2020625764/202011100932581fad0de914ea41d09e95660443c2144a.jpg]
[www.sali-group.com/Content/uploads/2020625764/2020111009330065680fbef71b47eabb7ee466fa4ff2fa.jpg]
[www.sali-group.com/Content/uploads/2020625764/20201110093302707ab3b36d29484a90b5620ddee9fe91.jpg]
[www.sali-group.com/Content/uploads/2020625764/20201110093307beee6f56793544e3b6a933ba5a9aee7b.jpg]
[www.sali-group.com/Content/uploads/2020625764/202011100933099bb1cf29826e4c60bc6ea70a94bb3ca4.jpg]
[www.sali-group.com/cordless/brushless-angle-grinder-machine.html]
[www.sali-group.com/images/27152/other6ec7.css]
[www.sali-group.com/images/27152/otherecef.css]
[css01.v15cdn.com/showroom.css]
[www.sali-group.com/images/27152/other66aa.css]
[www.sali-group.com/showroom/index.html]
[www.sali-group.com/images/27152/other0dc7.css]
[www.sali-group.com/showroomlist-3/index.html]
[www.sali-group.com/showroomlist-2/index.html]
[www.sali-group.com/showroomlist-4/index.html]
[www.sali-group.com/showroomlist-5/index.html]
[www.sali-group.com/showroom/knife-blade/index.html]
[www.sali-group.com/images/27152/otherfdf0.css]
[www.sali-group.com/showroomlist-6/index.html]
[www.sali-group.com/showroom/circular-brush/index.html]
[www.sali-group.com/images/27152/other1edf.css]
[www.sali-group.com/uploads/202027152/plisher-with-1400w-power01426812141.jpg]
[www.sali-group.com/images/27152/otherf1ee.css]
[www.sali-group.com/uploads/202027152/small/plisher-with-1400w-power01427905586.jpg]
[www.sali-group.com/uploads/202027152/small/plisher-with-1400w-power01428843546.jpg]
[www.sali-group.com/uploads/202027152/small/plisher-with-1400w-power01429781196.jpg]
[www.sali-group.com/uploads/202027152/small/plisher-with-1400w-power01431186053.jpg]
[www.sali-group.com/uploads/202027152/small/plisher-with-1400w-power01431655209.jpg]
[www.sali-group.com/Content/uploads/2020625764/202011191700561ec6da4ab0244bdc8a32bef5f3dd8a73.jpg]
[www.sali-group.com/Content/uploads/2020625764/20201119170059f4942e4a877f40b4bd6436380b44650c.jpg]
[www.sali-group.com/Content/uploads/2020625764/20201119170100a84514ec13e3409992754df2b5422b60.jpg]
[www.sali-group.com/Content/uploads/2020625764/202011191701017170fb36c0324314999ea60102c27f8e.jpg]
[www.sali-group.com/Content/uploads/2020625764/2020111917010583934be2907243e294dc8ab1bf835c0a.jpg]
[www.sali-group.com/high-pressure-power-tool/plisher/plisher-with-1400w-power.html]
[www.sali-group.com/uploads/202227152/sliding-mtier-saw57137542957.jpg]
[www.sali-group.com/images/27152/other3352.css]
[www.sali-group.com/uploads/202227152/small/sliding-mtier-saw58446914368.jpg]
[www.sali-group.com/uploads/202227152/small/sliding-mtier-saw58482383315.jpg]
[www.sali-group.com/uploads/202227152/small/sliding-mtier-saw58474258279.jpg]
[www.sali-group.com/uploads/202227152/small/sliding-mtier-saw58525352273.jpg]
[www.sali-group.com/uploads/202227152/small/sliding-mtier-saw58520352493.jpg]
[www.sali-group.com/Content/uploads/2022625764/202211161113480b5b2480ecba44d28879e8fb2a07e99b.jpg]
[www.sali-group.com/Content/uploads/2022625764/20221116111458e951d8716ff04c6193756d5ac7777a37.jpg]
[www.sali-group.com/Content/uploads/2022625764/2022111611151054c3bb95acae4d80be507a10ddf30a80.jpg]
[www.sali-group.com/Content/uploads/2022625764/20221116112022db5b50f78e29492899ab66acc2131174.jpg]
[www.sali-group.com/Content/uploads/2022625764/20221116112042c243cfafc62d45279bbc4b2c044fa4b6.jpg]
[www.sali-group.com/Content/uploads/2022625764/2022111611205129fe6d370639419ebd4f9b10d18ebb06.jpg]
[www.sali-group.com/Content/uploads/2022625764/20221116112055da2d3ed4775642ce8b9f4a73088e07b5.jpg]
[www.sali-group.com/Content/uploads/2022625764/2022111611210270db7ebfb83e44c580337dd593ad5466.jpg]
[www.sali-group.com/high-pressure-power-tool/power-saws/sliding-mtier-saw.html]
[www.sali-group.com/uploads/202227152/sali-drywall-sander28273877525.jpg]
[www.sali-group.com/images/27152/other8c98.css]
[www.sali-group.com/uploads/202227152/small/sali-drywall-sander28362002450.jpg]
[www.sali-group.com/uploads/202227152/small/sali-drywall-sander29384971238.jpg]
[www.sali-group.com/Content/uploads/2022625764/2022052116341317dd075ff15346bc9bc9bd6f5c31d2e0.jpg]
[www.sali-group.com/Content/uploads/2022625764/2022052116383834bb0acd3b4a4ff5883c62c361b0bb7b.jpg]
[www.sali-group.com/Content/uploads/2022625764/202205211638430d45853d84ad462cabb1d5fc4863446a.jpg]
[www.sali-group.com/Content/uploads/2022625764/20220521164531bda7f211ed9448299fc0295d818fd4d4.jpg]
[www.sali-group.com/Content/uploads/2022625764/20220521164547833264b4be134fd0bc853f554d1a5cef.jpg]
[www.sali-group.com/Content/uploads/2022625764/20220521164726bd88da89f0954ca6a955ddacf1cf7e73.jpg]
[www.sali-group.com/high-pressure-power-tool/plisher/sali-drywall-sander.html]
[www.sali-group.com/uploads/202227152/sali-100-110mm-270w-orbital-sander-for-polish19185881321.jpg]
[www.sali-group.com/images/27152/otherfbc2.css]
[www.sali-group.com/uploads/202227152/small/sali-100-110mm-270w-orbital-sander-for-polish19348068727.jpg]
[www.sali-group.com/uploads/202227152/small/sali-100-110mm-270w-orbital-sander-for-polish19364319394.jpg]
[www.sali-group.com/uploads/202227152/small/sali-100-110mm-270w-orbital-sander-for-polish19352599931.jpg]
[www.sali-group.com/uploads/202227152/small/sali-100-110mm-270w-orbital-sander-for-polish19374631509.jpg]
[www.sali-group.com/uploads/202227152/small/sali-100-110mm-270w-orbital-sander-for-polish19361350282.jpg]
[www.sali-group.com/uploads/202227152/small/sali-100-110mm-270w-orbital-sander-for-polish19370100102.jpg]
[www.sali-group.com/Content/uploads/2022625764/2022033014230539fc31f0521f4f46900cbd808c6da3cc.jpg]
[www.sali-group.com/Content/uploads/2022625764/20220330142603d2accff92c8945859a1ff1e79ae54047.jpg]
[www.sali-group.com/Content/uploads/2022625764/20220330142604789d31df0a764093b59f389fe329a69b.jpg]
[www.sali-group.com/high-pressure-power-tool/plisher/sali-100-110mm-270w-orbital-sander-for-polish.html]
[www.sali-group.com/uploads/202127152/sali-2142p-heavy-duty-electric-demolition25104650128.jpg]
[www.sali-group.com/images/27152/otherb2a3.css]
[www.sali-group.com/uploads/202127152/small/sali-2142p-heavy-duty-electric-demolition26095090273.jpg]
[www.sali-group.com/uploads/202127152/small/sali-2142p-heavy-duty-electric-demolition26142690131.jpg]
[www.sali-group.com/Content/uploads/2021625764/2021081014563600ce27e488dc4deab02a733f33915799.jpg]
[www.sali-group.com/Content/uploads/2021625764/20210810145636f1095c4a32b74278883518a8ba83ce6e.jpg]
[www.sali-group.com/Content/uploads/2021625764/20210810145640e975a237a22a450fb4f92663fa55d639.jpg]
[www.sali-group.com/Content/uploads/2021625764/202108101726518d75767b483f466d96d3533e42f12b6c.jpg]
[www.sali-group.com/high-pressure-power-tool/demolition-hammer/sali-2142p-heavy-duty-electric-demolition.html]
[www.sali-group.com/uploads/202027152/sali-demolition-hammer-2500w47528133978.jpg]
[www.sali-group.com/images/27152/other5170.css]
[www.sali-group.com/Content/uploads/2020625764/2020121009500034aaa209211d4910abf3345f3944c39d.jpg]
[www.sali-group.com/Content/uploads/2020625764/202012100950018055404a102948c1b78c90a33cf7ebb8.jpg]
[www.sali-group.com/Content/uploads/2020625764/20201210095003322c462cf85b47e585a148ab8f5ae672.jpg]
[www.sali-group.com/Content/uploads/2020625764/20201210095006940fcf92c5034f09972c290e7d4fe430.jpg]
[www.sali-group.com/high-pressure-power-tool/demolition-hammer/sali-demolition-hammer-2500w.html]
[www.sali-group.com/uploads/202027152/4-5-inch-angle-grinder22500673245.jpg]
[www.sali-group.com/images/27152/other135c.css]
[www.sali-group.com/uploads/202027152/small/4-5-inch-angle-grinder22501767128.jpg]
[www.sali-group.com/uploads/202027152/small/4-5-inch-angle-grinder22503020620.jpg]
[www.sali-group.com/uploads/202027152/small/4-5-inch-angle-grinder22504283838.jpg]
[www.sali-group.com/uploads/202027152/small/4-5-inch-angle-grinder22505533968.jpg]
[www.sali-group.com/Content/uploads/2020625764/2020111010213470cc497c41e24edb8ffdba7ed4676ea2.jpg]
[www.sali-group.com/Content/uploads/2020625764/20201110102147fd796a185e224922bdb6e16b63884385.jpg]
[www.sali-group.com/Content/uploads/2020625764/20201110102149635c445bdb024411a4f0731c83239947.jpg]
[www.sali-group.com/Content/uploads/2020625764/2020111010215045ee693fb01542f483103be1a6494741.jpg]
[www.sali-group.com/Content/uploads/2020625764/202011101021527a590e49c68643c29548c24af7c40d32.jpg]
[www.sali-group.com/high-pressure-power-tool/angle-grinder/4-5-inch-angle-grinder.html]
[www.sali-group.com/showroom/electric-planer/index.html]
[www.sali-group.com/images/27152/other051f.css]
[www.sali-group.com/showroom/sg-inox-grinder-abrasives/index.html]
[www.sali-group.com/images/27152/other96e7.css]
[www.sali-group.com/showroom/7-inch-diamond-blade/index.html]
[www.sali-group.com/showroom/4-1-2-in-type-1-aluminum-oxide-abrasive/index.html]
[www.sali-group.com/images/27152/otheredb1.css]
[www.sali-group.com/showroom/pliers/index.html]
[www.sali-group.com/images/27152/other93c7-2.css]
[www.sali-group.com/showroom/zirconia-oxide-flap-discs-60-40-grit/index.html]
[www.sali-group.com/images/27152/other572f.css]
[www.sali-group.com/showroom/grinding-wheel-for-inox/index.html]
[www.sali-group.com/images/27152/other4a46.css]
[www.sali-group.com/showroom/cutting-disc-for-inox/index.html]
[www.sali-group.com/images/27152/othere23c.css]
[www.sali-group.com/showroom/wire-brush/index.html]
[www.sali-group.com/images/27152/other24eb.css]
[css02.v15cdn.com/m434/message.css]
[www.sali-group.com/images/27152/otherd375.css]
[www.sali-group.com/uploads/202127152/cp34-silicon-carbide-and-kraft-paper25125839031.jpg]
[www.sali-group.com/images/27152/otherb848.css]
[www.sali-group.com/uploads/202127152/small/cp34-silicon-carbide-and-kraft-paper26065264985.jpg]
[www.sali-group.com/uploads/202127152/small/cp34-silicon-carbide-and-kraft-paper26066847748.jpg]
[www.sali-group.com/uploads/202127152/small/cp34-silicon-carbide-and-kraft-paper26084192533.jpg]
[www.sali-group.com/Content/uploads/2021625764/20210203165209bcd71d1c38524be9903df7623be7879b.jpg]
[www.sali-group.com/bonded-abrasives/sand-paper/cp34-silicon-carbide-and-kraft-paper.html]
[www.sali-group.com/uploads/202027152/14-inch-green-super-thin-cutting-abrsive21584496047.jpg]
[www.sali-group.com/images/27152/other996f.css]
[www.sali-group.com/uploads/202027152/small/14-inch-green-super-thin-cutting-abrsive44012942729.jpg]
[www.sali-group.com/uploads/202027152/small/14-inch-green-super-thin-cutting-abrsive46013183701.jpg]
[www.sali-group.com/uploads/202027152/small/14-inch-green-super-thin-cutting-abrsive46014116942.jpg]
[www.sali-group.com/uploads/202027152/small/14-inch-green-super-thin-cutting-abrsive46015054453.jpg]
[www.sali-group.com/Content/uploads/2020625764/202011091345243a7a99f27932481fba5dc5d142a4c778.jpg]
[www.sali-group.com/bonded-abrasives/cutting-disc-for-metal/14-inch-green-super-thin-cutting-abrsive.html]
[www.sali-group.com/images/27152/other525a.css]
[www.sali-group.com/uploads/202127152/sali-granite-stone-diamond-polishing-pad01176162374.jpg]
[www.sali-group.com/images/27152/otherf8e7.css]
[www.sali-group.com/uploads/202127152/small/sali-granite-stone-diamond-polishing-pad03473151313.jpg]
[www.sali-group.com/uploads/202127152/small/sali-granite-stone-diamond-polishing-pad03476451635.jpg]
[www.sali-group.com/uploads/202127152/small/sali-granite-stone-diamond-polishing-pad03491765028.jpg]
[www.sali-group.com/Content/uploads/2021625764/2021102916012822de14aecacb430283a0c0b6bff4e072.jpg]
[www.sali-group.com/Content/uploads/2021625764/202110291603091a92c23ea6984379820535cfd8219ea0.jpg]
[www.sali-group.com/Content/uploads/2021625764/20211029160147fd97d91f12904853b051c9bc4193314d.jpg]
[www.sali-group.com/bonded-abrasives/sali-granite-stone-diamond-polishing-pad.html]
[www.sali-group.com/uploads/202027152/16-in-cutting-wheel-for-metal18294885988.jpg]
[www.sali-group.com/images/27152/other82a7.css]
[www.sali-group.com/uploads/202027152/small/16-in-cutting-wheel-for-metal15520046681.jpg]
[www.sali-group.com/uploads/202027152/small/16-in-cutting-wheel-for-metal15570706567.jpg]
[www.sali-group.com/uploads/202027152/small/16-in-cutting-wheel-for-metal27078686806.jpg]
[www.sali-group.com/uploads/202027152/small/16-in-cutting-wheel-for-metal27079726792.jpg]
[www.sali-group.com/Content/uploads/2020625764/202011091318502fe6c41ebef74e59bcdbbd95e2edd10c.jpg]
[www.sali-group.com/bonded-abrasives/cutting-disc-for-metal/16-in-cutting-wheel-for-metal.html]
[www.sali-group.com/uploads/202027152/4-inch-round-rezin-metal-cutting-disc17469007417.jpg]
[www.sali-group.com/images/27152/other8215.css]
[www.sali-group.com/uploads/202027152/small/4-inch-round-rezin-metal-cutting-disc10207171135.jpg]
[www.sali-group.com/uploads/202027152/small/4-inch-round-rezin-metal-cutting-disc10210765429.jpg]
[www.sali-group.com/uploads/202027152/small/4-inch-round-rezin-metal-cutting-disc10238307631.jpg]
[www.sali-group.com/uploads/202027152/small/4-inch-round-rezin-metal-cutting-disc10241951939.jpg]
[www.sali-group.com/Content/uploads/2020625764/20201109131239b5f4ed4d1f304eafb9d23844762f84bb.jpg]
[www.sali-group.com/bonded-abrasives/cutting-disc-for-metal/4-inch-round-rezin-metal-cutting-disc.html]
[www.sali-group.com/uploads/202027152/afica-9-in-hot-sell-sali-grinding-wheel15127883431.jpg]
[www.sali-group.com/images/27152/otherc956.css]
[www.sali-group.com/uploads/202027152/small/afica-9-in-hot-sell-sali-grinding-wheel22327138159.jpg]
[www.sali-group.com/uploads/202027152/small/afica-9-in-hot-sell-sali-grinding-wheel22331044181.jpg]
[www.sali-group.com/uploads/202027152/small/afica-9-in-hot-sell-sali-grinding-wheel22332289172.jpg]
[www.sali-group.com/uploads/202027152/small/afica-9-in-hot-sell-sali-grinding-wheel22341664609.jpg]
[www.sali-group.com/Content/uploads/2024625764/20240915141452e9a0ce8684264ada850882224ec94fcb.jpg]
[www.sali-group.com/Content/uploads/2024625764/202409151415232cea6f645e7c4bb69c9ddede5cb87fb1.jpg]
[www.sali-group.com/Content/uploads/2024625764/20240915141614ecd9514574834e3480960eab824260ce.jpg]
[www.sali-group.com/bonded-abrasives/grinding-wheel-for-metal/afica-9-in-hot-sell-sali-grinding-wheel.html]
[www.sali-group.com/images/27152/othera0cc.css]
[www.sali-group.com/uploads/202027152/aluminum-oxide-12-in-30-grit-cutting-wheel20273495502.jpg]
[www.sali-group.com/images/27152/other582f.css]
[www.sali-group.com/uploads/202027152/small/aluminum-oxide-12-in-30-grit-cutting-wheel33180114469.jpg]
[www.sali-group.com/uploads/202027152/small/aluminum-oxide-12-in-30-grit-cutting-wheel29368144012.jpg]
[www.sali-group.com/uploads/202027152/small/aluminum-oxide-12-in-30-grit-cutting-wheel29369550197.jpg]
[www.sali-group.com/uploads/202027152/small/aluminum-oxide-12-in-30-grit-cutting-wheel29370644246.jpg]
[www.sali-group.com/Content/uploads/2020625764/202011091336017ef50393b8b64692922c79059ddcbbf2.jpg]
[www.sali-group.com/bonded-abrasives/cutting-disc-for-metal/aluminum-oxide-12-in-30-grit-cutting-wheel.html]
[www.sali-group.com/uploads/202027152/cut-off-wheel-7-8-in-arbor-hole21105327147.jpg]
[www.sali-group.com/images/27152/other1554.css]
[www.sali-group.com/uploads/202027152/small/cut-off-wheel-7-8-in-arbor-hole39154783159.jpg]
[www.sali-group.com/uploads/202027152/small/cut-off-wheel-7-8-in-arbor-hole39158688694.jpg]
[www.sali-group.com/uploads/202027152/small/cut-off-wheel-7-8-in-arbor-hole39167430736.jpg]
[www.sali-group.com/uploads/202027152/small/cut-off-wheel-7-8-in-arbor-hole39169012724.jpg]
[www.sali-group.com/Content/uploads/2020625764/2020110913411746c32a914c13487da671f761e67cf781.jpg]
[www.sali-group.com/bonded-abrasives/cutting-disc-for-metal/cut-off-wheel-7-8-in-arbor-hole.html]
[www.sali-group.com/showroom/a40bf-abrasive/index.html]
[www.sali-group.com/showroom/aluminum-oxide-12-in-30-grit-cutting-wheel/index.html]
[www.sali-group.com/images/27152/othera4e2.css]
[www.sali-group.com/images/27152/other3f29.css]
[www.sali-group.com/uploads/202027152/5-inch-black-grinding-wheel-with-2-nets26337395770.jpg]
[www.sali-group.com/images/27152/other46db.css]
[www.sali-group.com/uploads/202027152/small/5-inch-black-grinding-wheel-with-2-nets00275668715.jpg]
[www.sali-group.com/uploads/202027152/small/5-inch-black-grinding-wheel-with-2-nets00277038160.jpg]
[www.sali-group.com/uploads/202027152/small/5-inch-black-grinding-wheel-with-2-nets00277975324.jpg]
[www.sali-group.com/uploads/202027152/small/5-inch-black-grinding-wheel-with-2-nets26518223001.jpg]
[www.sali-group.com/Content/uploads/2020625764/202011061117365371bd35c1aa471baf36a6f28a63701c.jpg]
[www.sali-group.com/bonded-abrasives/grinding-wheel-for-metal/5-inch-black-grinding-wheel-with-2-nets.html]
[www.sali-group.com/uploads/202027152/grinder-accessories14086831447.jpg]
[www.sali-group.com/images/27152/other8817.css]
[www.sali-group.com/uploads/202027152/small/grinder-accessories27211765803.jpg]
[www.sali-group.com/uploads/202027152/small/grinder-accessories27216776367.jpg]
[www.sali-group.com/uploads/202027152/small/grinder-accessories27222244714.jpg]
[www.sali-group.com/uploads/202027152/small/grinder-accessories47488032564.jpg]
[www.sali-group.com/Content/uploads/2020625764/202011061129453ad3cff704c143888de50bbc2d0442e3.jpg]
[www.sali-group.com/bonded-abrasives/grinding-wheel-for-metal/grinder-accessories.html]
[www.sali-group.com/uploads/202027152/9-in-grinding-wheel-for-metal-t27-type16222965165.jpg]
[www.sali-group.com/images/27152/other2ff0.css]
[www.sali-group.com/uploads/202027152/small/9-in-grinding-wheel-for-metal-t27-type36450568992.jpg]
[www.sali-group.com/uploads/202027152/small/9-in-grinding-wheel-for-metal-t27-type36453867088.jpg]
[www.sali-group.com/uploads/202027152/small/9-in-grinding-wheel-for-metal-t27-type36470434109.jpg]
[www.sali-group.com/uploads/202027152/small/9-in-grinding-wheel-for-metal-t27-type45341637524.jpg]
[www.sali-group.com/Content/uploads/2020625764/2020110611381529b4b18deb08441c860eeef3800dd594.jpg]
[www.sali-group.com/bonded-abrasives/grinding-wheel-for-metal/9-in-grinding-wheel-for-metal-t27-type.html]
[www.sali-group.com/showroom/grinder-abrasives/index.html]
[www.sali-group.com/images/27152/othera4a1.css]
[www.sali-group.com/showroom/9-in-sali-grinding-wheel/index.html]
[www.sali-group.com/images/27152/other1d34.css]
[www.sali-group.com/images/27152/other58cc.css]
[www.sali-group.com/uploads/202027152/4-1-5-in-psf-industrial-cutting-disc22344975127.jpg]
[www.sali-group.com/images/27152/other7262.css]
[www.sali-group.com/uploads/202027152/small/4-1-5-in-psf-industrial-cutting-disc09016641004.jpg]
[www.sali-group.com/uploads/202027152/small/4-1-5-in-psf-industrial-cutting-disc54352351629.jpg]
[www.sali-group.com/uploads/202027152/small/4-1-5-in-psf-industrial-cutting-disc54353427526.jpg]
[www.sali-group.com/uploads/202027152/small/4-1-5-in-psf-industrial-cutting-disc54354676969.jpg]
[www.sali-group.com/Content/uploads/2020625764/202011091410480654058406c24d749ebffcf99b2eda5f.jpg]
[www.sali-group.com/bonded-abrasives/cutting-disc-for-inox/4-1-5-in-psf-industrial-cutting-disc.html]
[www.sali-group.com/uploads/202027152/sali-7-inch-60-grit-sgp-inox-wheel23487813969.jpg]
[www.sali-group.com/images/27152/other44bd.css]
[www.sali-group.com/uploads/202027152/small/sali-7-inch-60-grit-sgp-inox-wheel12058929460.jpg]
[www.sali-group.com/uploads/202027152/small/sali-7-inch-60-grit-sgp-inox-wheel12103664364.jpg]
[www.sali-group.com/uploads/202027152/small/sali-7-inch-60-grit-sgp-inox-wheel55470229591.jpg]
[www.sali-group.com/uploads/202027152/small/sali-7-inch-60-grit-sgp-inox-wheel55471323365.jpg]
[www.sali-group.com/Content/uploads/2020625764/20201109141417e5fa0e52331d4b12bd93fa27416122d6.jpg]
[www.sali-group.com/bonded-abrasives/cutting-disc-for-inox/sali-7-inch-60-grit-sgp-inox-wheel.html]
[www.sali-group.com/showroom/bonded-abrasives/index.html]
[www.sali-group.com/showroom/4-1-5-in-psf-industrial-cutting-disc/index.html]
[www.sali-group.com/showroom/sali-7-inch-60-grit-sgp-inox-wheel/index.html]
[www.sali-group.com/images/27152/other93bc.css]
[www.sali-group.com/images/27152/other047a.css]
[www.sali-group.com/uploads/202027152/60-grit-depressed-center-wheel49390337143.jpg]
[www.sali-group.com/images/27152/other80c0.css]
[www.sali-group.com/uploads/202027152/small/60-grit-depressed-center-wheel49520433953.jpg]
[www.sali-group.com/uploads/202027152/small/60-grit-depressed-center-wheel42348753219.jpg]
[www.sali-group.com/uploads/202027152/small/60-grit-depressed-center-wheel42349690620.jpg]
[www.sali-group.com/uploads/202027152/small/60-grit-depressed-center-wheel42350784391.jpg]
[www.sali-group.com/Content/uploads/2020625764/20201109142308d37ff897595d4095a7320df69634144d.jpg]
[www.sali-group.com/bonded-abrasives/grinding-wheel-for-inox/60-grit-depressed-center-wheel.html]
[www.sali-group.com/uploads/202027152/wheel-diam-metal-inox-grinding-wheel40410531491.jpg]
[www.sali-group.com/images/27152/otherf248.css]
[www.sali-group.com/uploads/202027152/small/wheel-diam-metal-inox-grinding-wheel40461198178.jpg]
[www.sali-group.com/uploads/202027152/small/wheel-diam-metal-inox-grinding-wheel48244976535.jpg]
[www.sali-group.com/uploads/202027152/small/wheel-diam-metal-inox-grinding-wheel48246227746.jpg]
[www.sali-group.com/uploads/202027152/small/wheel-diam-metal-inox-grinding-wheel48247478068.jpg]
[www.sali-group.com/Content/uploads/2020625764/202011091443241afbeef21667444c98b04baad7545946.jpg]
[www.sali-group.com/bonded-abrasives/grinding-wheel-for-inox/wheel-diam-metal-inox-grinding-wheel.html]
[www.sali-group.com/uploads/202027152/36-grit-grinding-wheel-for-innox44198848789.jpg]
[www.sali-group.com/images/27152/other7d20.css]
[www.sali-group.com/uploads/202027152/small/36-grit-grinding-wheel-for-innox44173467047.jpg]
[www.sali-group.com/uploads/202027152/small/36-grit-grinding-wheel-for-innox49276990326.jpg]
[www.sali-group.com/uploads/202027152/small/36-grit-grinding-wheel-for-innox49277927666.jpg]
[www.sali-group.com/uploads/202027152/small/36-grit-grinding-wheel-for-innox49279021690.jpg]
[www.sali-group.com/Content/uploads/2020625764/2020110914461580a759d0b7334e0d934230fa5b1d4364.jpg]
[www.sali-group.com/bonded-abrasives/grinding-wheel-for-inox/36-grit-grinding-wheel-for-innox.html]
[www.sali-group.com/showroom/flexible-grinding-wheel-for-inox/index.html]
[www.sali-group.com/images/27152/other23ef.css]
[www.sali-group.com/showroom/60-grit-depressed-center-wheel/index.html]
[www.sali-group.com/images/27152/other5a54-2.css]
[www.sali-group.com/showroom/36-grit-grinding-wheel-for-innox/index.html]
[www.sali-group.com/images/27152/otherd220.css]
[www.sali-group.com/images/27152/other1528.css]
[www.sali-group.com/showroom/4-in-green-flexible-grinding-wheel-for-inox/index.html]
[www.sali-group.com/images/27152/other884e.css]
[www.sali-group.com/images/27152/othera65b.css]
[www.sali-group.com/uploads/202027152/t42-grinding-wheel-for-stone25107089646.jpg]
[www.sali-group.com/images/27152/otherc59a.css]
[www.sali-group.com/uploads/202027152/small/t42-grinding-wheel-for-stone49067916577.jpg]
[www.sali-group.com/uploads/202027152/small/t42-grinding-wheel-for-stone49071832111.jpg]
[www.sali-group.com/uploads/202027152/small/t42-grinding-wheel-for-stone49077337192.jpg]
[www.sali-group.com/uploads/202027152/small/t42-grinding-wheel-for-stone49118292758.jpg]
[www.sali-group.com/Content/uploads/2020625764/20201109145232523034d1e937418399faedf7affef3a8.jpg]
[www.sali-group.com/bonded-abrasives/grinding-wheel-for-stone/t42-grinding-wheel-for-stone.html]
[www.sali-group.com/uploads/202027152/pfe-technologies-grinder25407220161.jpg]
[www.sali-group.com/images/27152/other1b11.css]
[www.sali-group.com/uploads/202027152/small/pfe-technologies-grinder53209178067.jpg]
[www.sali-group.com/uploads/202027152/small/pfe-technologies-grinder53225748785.jpg]
[www.sali-group.com/uploads/202027152/small/pfe-technologies-grinder53227780011.jpg]
[www.sali-group.com/uploads/202027152/small/pfe-technologies-grinder56525639487.jpg]
[www.sali-group.com/Content/uploads/2020625764/2020110914560371de30d8605b45fa9384007d52f54a86.jpg]
[www.sali-group.com/bonded-abrasives/grinding-wheel-for-stone/pfe-technologies-grinder.html]
[www.sali-group.com/showroom/9-in-hard-density-grade-industrial-disc/index.html]
[www.sali-group.com/images/27152/otherca39.css]
[www.sali-group.com/showroom/t42-grinding-wheel-for-stone/index.html]
[www.sali-group.com/images/27152/other34c7.css]
[www.sali-group.com/showroom/pfe-technologies-grinder/index.html]
[www.sali-group.com/images/27152/otherc716.css]
[www.sali-group.com/images/27152/otherdb86.css]
[www.sali-group.com/showroom/6mm-thickness-metal-disc/index.html]
[www.sali-group.com/images/27152/other1440.css]
[www.sali-group.com/images/27152/other8860.css]
[www.sali-group.com/uploads/202227152/sali-fiber-wheel-thickened-wool-fibre-wheel19051074192.jpg]
[www.sali-group.com/images/27152/other6864.css]
[www.sali-group.com/uploads/202227152/small/sali-fiber-wheel-thickened-wool-fibre-wheel19128730186.jpg]
[www.sali-group.com/uploads/202227152/small/sali-fiber-wheel-thickened-wool-fibre-wheel19131855110.jpg]
[www.sali-group.com/uploads/202227152/small/sali-fiber-wheel-thickened-wool-fibre-wheel19142480189.jpg]
[www.sali-group.com/uploads/202227152/small/sali-fiber-wheel-thickened-wool-fibre-wheel19138730197.jpg]
[www.sali-group.com/Content/uploads/2022625764/202203241520156d1bc39ee03c44879b8bcd80b1acd297.jpg]
[www.sali-group.com/bonded-abrasives/flap-disc/sali-fiber-wheel-thickened-wool-fibre-wheel.html]
[www.sali-group.com/uploads/202027152/t27-aluminum-oxide-flap-disc14328807591.jpg]
[www.sali-group.com/images/27152/other70ec.css]
[www.sali-group.com/uploads/202027152/small/t27-aluminum-oxide-flap-disc14330380855.jpg]
[www.sali-group.com/uploads/202027152/small/t27-aluminum-oxide-flap-disc14331318462.jpg]
[www.sali-group.com/uploads/202027152/small/t27-aluminum-oxide-flap-disc14332411896.jpg]
[www.sali-group.com/Content/uploads/2020625764/2020110915123547a8d5d6e6664ee898ea9f7bbb52cb5e.jpg]
[www.sali-group.com/Content/uploads/2020625764/2020110915123942e22bd6474841e3b6a5ba571cf45a95.jpg]
[www.sali-group.com/bonded-abrasives/flap-disc/t27-aluminum-oxide-flap-disc.html]
[www.sali-group.com/uploads/202027152/t29-calcined-alumuinum-flap-disc21335849873.jpg]
[www.sali-group.com/images/27152/other764e.css]
[www.sali-group.com/uploads/202027152/small/t29-calcined-alumuinum-flap-disc21337256767.jpg]
[www.sali-group.com/uploads/202027152/small/t29-calcined-alumuinum-flap-disc21338506144.jpg]
[www.sali-group.com/uploads/202027152/small/t29-calcined-alumuinum-flap-disc21339929337.jpg]
[www.sali-group.com/uploads/202027152/small/t29-calcined-alumuinum-flap-disc21341015590.jpg]
[www.sali-group.com/Content/uploads/2020625764/2020110915204552302bedec4a4338bfe7cbe6a708bec8.jpg]
[www.sali-group.com/Content/uploads/2020625764/2020110915204998351ada0ca846c285e97553a65c9d6a.jpg]
[www.sali-group.com/bonded-abrasives/flap-disc/t29-calcined-alumuinum-flap-disc.html]
[www.sali-group.com/uploads/202027152/t27-zirconia-oxide-flap-disc26479470705.jpg]
[www.sali-group.com/images/27152/otherc686.css]
[www.sali-group.com/uploads/202027152/small/t27-zirconia-oxide-flap-disc26480877051.jpg]
[www.sali-group.com/uploads/202027152/small/t27-zirconia-oxide-flap-disc26482272429.jpg]
[www.sali-group.com/uploads/202027152/small/t27-zirconia-oxide-flap-disc26483210702.jpg]
[www.sali-group.com/uploads/202027152/small/t27-zirconia-oxide-flap-disc26484459934.jpg]
[www.sali-group.com/Content/uploads/2020625764/2020110915254108dcf7adf52941389c13aeffc6a2ba81.jpg]
[www.sali-group.com/Content/uploads/2020625764/202011091525432116d973df57428682426cbffd618344.jpg]
[www.sali-group.com/bonded-abrasives/flap-disc/t27-zirconia-oxide-flap-disc.html]
[www.sali-group.com/showroom/80-grit-7-8-inch-center-hole-type-27-flap-disc/index.html]
[www.sali-group.com/images/27152/othere416.css]
[www.sali-group.com/showroom/coated-abrasives/index.html]
[www.sali-group.com/images/27152/otherd501.css]
[www.sali-group.com/images/27152/other8ac1.css]
[www.sali-group.com/showroom/amecian-long-nose-pliers/index.html]
[www.sali-group.com/images/27152/other7822.css]
[www.sali-group.com/showroom/angle-grinder/index.html]
[www.sali-group.com/images/27152/other3020-2.css]
[www.sali-group.com/images/27152/otherae0f.css]
[www.sali-group.com/showroom/grinding-wheel-for-stone/index.html]
[www.sali-group.com/images/27152/other9424.css]
[www.sali-group.com/showroom/pump-pliers/index.html]
[www.sali-group.com/images/27152/other3ec7.css]
[www.sali-group.com/images/27152/otherb906.css]
[www.sali-group.com/uploads/202027152/5-inch-aluminum-oxide-fiber-disc-with-round04226845889.jpg]
[www.sali-group.com/images/27152/otherbeb9.css]
[www.sali-group.com/uploads/202027152/small/5-inch-aluminum-oxide-fiber-disc-with-round07092755757.jpg]
[www.sali-group.com/uploads/202027152/small/5-inch-aluminum-oxide-fiber-disc-with-round07093967674.jpg]
[www.sali-group.com/uploads/202027152/small/5-inch-aluminum-oxide-fiber-disc-with-round07095373812.jpg]
[www.sali-group.com/uploads/202027152/small/5-inch-aluminum-oxide-fiber-disc-with-round07096467662.jpg]
[www.sali-group.com/bonded-abrasives/fiber-disc/5-inch-aluminum-oxide-fiber-disc-with-round.html]
[www.sali-group.com/showroom/circular-wire-brush/index.html]
[www.sali-group.com/showroom/crimped-wire-cup-brush-with-shaft/index.html]
[www.sali-group.com/images/27152/other4c2b.css]
[www.sali-group.com/showroom/segment-turbo-diamond-saw-blade/index.html]
[www.sali-group.com/images/27152/other59bf.css]
[www.sali-group.com/showroom/reinforced-diamond-saw-blade-with-flower-type/index.html]
[www.sali-group.com/images/27152/other981f.css]
[www.sali-group.com/showroom/turbo-diamond-saw-blade/index.html]
[www.sali-group.com/images/27152/otherbae0.css]
[www.sali-group.com/images/27152/other369a.css]
[www.sali-group.com/showroom/diamond-grinding-disc/index.html]
[www.sali-group.com/images/27152/otherf7c9.css]
[www.sali-group.com/showroom/diamond-saw-blade/index.html]
[www.sali-group.com/images/27152/otherb1da.css]
[www.sali-group.com/uploads/202027152/diamond-proffessional-saw-blades20277740242.jpg]
[www.sali-group.com/images/27152/other15f1.css]
[www.sali-group.com/uploads/202027152/small/diamond-proffessional-saw-blades20279146539.jpg]
[www.sali-group.com/uploads/202027152/small/diamond-proffessional-saw-blades20280084194.jpg]
[www.sali-group.com/uploads/202027152/small/diamond-proffessional-saw-blades20281021775.jpg]
[www.sali-group.com/uploads/202027152/small/diamond-proffessional-saw-blades20281959379.jpg]
[www.sali-group.com/Content/uploads/2020625764/2020110916194932519195860844baa9d7aa396759d719.jpg]
[www.sali-group.com/diamond-wheels-bits/proffesional-diamond-saw-blade/diamond-proffessional-saw-blades.html]
[www.sali-group.com/uploads/202027152/diamond-saw-blad26471435880.jpg]
[www.sali-group.com/images/27152/other0cbc.css]
[www.sali-group.com/uploads/202027152/small/diamond-saw-blad26472373465.jpg]
[www.sali-group.com/uploads/202027152/small/diamond-saw-blad26473087610.jpg]
[www.sali-group.com/uploads/202027152/small/diamond-saw-blad26474422840.jpg]
[www.sali-group.com/uploads/202027152/small/diamond-saw-blad26475516944.jpg]
[www.sali-group.com/Content/uploads/2020625764/20201109162426e07964c1b52a405780cd8e126e0b4d24.jpg]
[www.sali-group.com/diamond-wheels-bits/proffesional-diamond-saw-blade/diamond-saw-blad.html]
[www.sali-group.com/uploads/202027152/diamond-saw-blade-china31133847919.jpg]
[www.sali-group.com/images/27152/other6833.css]
[www.sali-group.com/uploads/202027152/small/diamond-saw-blade-china31134671461.jpg]
[www.sali-group.com/uploads/202027152/small/diamond-saw-blade-china31135452646.jpg]
[www.sali-group.com/uploads/202027152/small/diamond-saw-blade-china31136389825.jpg]
[www.sali-group.com/uploads/202027152/small/diamond-saw-blade-china31137327668.jpg]
[www.sali-group.com/Content/uploads/2020625764/20201109162949490d06f63cfc4f25a676ad39149714c8.jpg]
[www.sali-group.com/diamond-wheels-bits/proffesional-diamond-saw-blade/diamond-saw-blade-china.html]
[www.sali-group.com/uploads/202027152/diamond-saw-blade-exporter33493711755.jpg]
[www.sali-group.com/images/27152/otherbfba.css]
[www.sali-group.com/uploads/202027152/small/diamond-saw-blade-exporter33494961481.jpg]
[www.sali-group.com/uploads/202027152/small/diamond-saw-blade-exporter33495743076.jpg]
[www.sali-group.com/uploads/202027152/small/diamond-saw-blade-exporter33496524366.jpg]
[www.sali-group.com/Content/uploads/2020625764/20201109163319d4af057a5ca64a679dc66320e9f07b01.jpg]
[www.sali-group.com/diamond-wheels-bits/proffesional-diamond-saw-blade/diamond-saw-blade-exporter.html]
[www.sali-group.com/showroom/diamond-polishing-pad/index.html]
[www.sali-group.com/images/27152/other3d8b.css]
[www.sali-group.com/showroom/diamond-blade-for-circular-saw/index.html]
[www.sali-group.com/images/27152/otherc462.css]
[www.sali-group.com/images/27152/otherefb1.css]
[www.sali-group.com/uploads/202027152/diamond-wet-polishing-pad39034768056.jpg]
[www.sali-group.com/images/27152/other7814.css]
[www.sali-group.com/uploads/202027152/small/diamond-wet-polishing-pad39036017212.jpg]
[www.sali-group.com/uploads/202027152/small/diamond-wet-polishing-pad53369227248.jpg]
[www.sali-group.com/uploads/202027152/small/diamond-wet-polishing-pad53370467601.jpg]
[www.sali-group.com/uploads/202027152/small/diamond-wet-polishing-pad53371405107.jpg]
[www.sali-group.com/Content/uploads/2020625764/20201109163755ff6adf80247a49aba66c89851d81a046.jpg]
[www.sali-group.com/Content/uploads/2020625764/202011091637458da6201b09044b0ab8e149dbeba20fd8.jpg]
[www.sali-group.com/Content/uploads/2020625764/20201109163747e8f521796a4148019b9d83aa54e9ff17.jpg]
[www.sali-group.com/diamond-wheels-bits/diamond-polishing-pad/diamond-wet-polishing-pad.html]
[www.sali-group.com/uploads/202027152/polish-marble-diamond-pads42589707596.jpg]
[www.sali-group.com/images/27152/otherbedd.css]
[www.sali-group.com/uploads/202027152/small/polish-marble-diamond-pads42590992028.jpg]
[www.sali-group.com/uploads/202027152/small/polish-marble-diamond-pads42592050657.jpg]
[www.sali-group.com/uploads/202027152/small/polish-marble-diamond-pads42593300675.jpg]
[www.sali-group.com/Content/uploads/2020625764/20201109164041c63243c2926845d2b584192976949c83.jpg]
[www.sali-group.com/Content/uploads/2020625764/20201109164100ad2b1139f63e47d6a9b1b17cdfe079fc.jpg]
[www.sali-group.com/Content/uploads/2020625764/20201109164103988c490b5f20400eb71e7b870e7f4d0c.jpg]
[www.sali-group.com/Content/uploads/2020625764/202011091641038ae471cd509e4f719fb68814885baeb3.jpg]
[www.sali-group.com/diamond-wheels-bits/diamond-polishing-pad/polish-marble-diamond-pads.html]
[www.sali-group.com/uploads/202027152/diamond-polish-pads-for-concrete48051000957.jpg]
[www.sali-group.com/images/27152/otherb7ac.css]
[www.sali-group.com/uploads/202027152/small/diamond-polish-pads-for-concrete48052094728.jpg]
[www.sali-group.com/uploads/202027152/small/diamond-polish-pads-for-concrete54341763663.jpg]
[www.sali-group.com/uploads/202027152/small/diamond-polish-pads-for-concrete48053344645.jpg]
[www.sali-group.com/uploads/202027152/small/diamond-polish-pads-for-concrete54342857215.jpg]
[www.sali-group.com/Content/uploads/2020625764/202011091645356fd69ebfc8c746649746d1d1ce49161b.jpg]
[www.sali-group.com/Content/uploads/2020625764/20201109164612d39ef63ce91f4c4d953616df7884c434.jpg]
[www.sali-group.com/Content/uploads/2020625764/20201109164614ff25dd3040f34dc88eea2a28627a3ea7.jpg]
[www.sali-group.com/Content/uploads/2020625764/20201109164615911069dc097144bdad8e5b8c13f89914.jpg]
[www.sali-group.com/diamond-wheels-bits/diamond-polishing-pad/diamond-polish-pads-for-concrete.html]
[www.sali-group.com/uploads/202027152/marble-diamond-polish-pad50334575192.jpg]
[www.sali-group.com/images/27152/other9788.css]
[www.sali-group.com/uploads/202027152/small/marble-diamond-polish-pad50335668653.jpg]
[www.sali-group.com/uploads/202027152/small/marble-diamond-polish-pad55197650890.jpg]
[www.sali-group.com/uploads/202027152/small/marble-diamond-polish-pad55198744993.jpg]
[www.sali-group.com/uploads/202027152/small/marble-diamond-polish-pad55199682248.jpg]
[www.sali-group.com/Content/uploads/2020625764/202011091649488388047c7f0342848347664ec3d5a33a.jpg]
[www.sali-group.com/Content/uploads/2020625764/20201109165005136d943da44b47ae916539f075352b49.jpg]
[www.sali-group.com/Content/uploads/2020625764/20201109165008b340ef70ab8a4d96b63eb64cee762254.jpg]
[www.sali-group.com/Content/uploads/2020625764/20201109165008c42e8e53f1954121b362d16d569201eb.jpg]
[www.sali-group.com/diamond-wheels-bits/diamond-polishing-pad/marble-diamond-polish-pad.html]
[www.sali-group.com/uploads/202027152/diamond-dry-polish-pad53364674129.jpg]
[www.sali-group.com/images/27152/other7632.css]
[www.sali-group.com/uploads/202027152/small/diamond-dry-polish-pad53366080024.jpg]
[www.sali-group.com/uploads/202027152/small/diamond-dry-polish-pad53367017415.jpg]
[www.sali-group.com/uploads/202027152/small/diamond-dry-polish-pad56040550160.jpg]
[www.sali-group.com/uploads/202027152/small/diamond-dry-polish-pad56041936904.jpg]
[www.sali-group.com/Content/uploads/2020625764/20201109165247bb6d4eaf4f1045bf8336604900fcb78d.jpg]
[www.sali-group.com/Content/uploads/2020625764/2020110916531062e54443de094db0a5d633eee6769c9b.jpg]
[www.sali-group.com/Content/uploads/2020625764/20201109165312faad0fa6a27b400cbd42dce51f3f4e46.jpg]
[www.sali-group.com/diamond-wheels-bits/diamond-polishing-pad/diamond-dry-polish-pad.html]
[www.sali-group.com/showroom/polish-marble-diamond-pads/index.html]
[www.sali-group.com/images/27152/othercef5.css]
[www.sali-group.com/showroom/diamond-grinding-wheel/index.html]
[www.sali-group.com/images/27152/other3083.css]
[www.sali-group.com/showroom/diamond-polish-pads-for-concrete/index.html]
[www.sali-group.com/images/27152/other7045.css]
[www.sali-group.com/images/27152/other07f9.css]
[www.sali-group.com/showroom/saw-blades/index.html]
[www.sali-group.com/images/27152/other07b5.css]
[www.sali-group.com/showroom/saw-blade-for-wood/index.html]
[www.sali-group.com/images/27152/otherc7dc.css]
[www.sali-group.com/images/27152/other8cbd.css]
[www.sali-group.com/showroom/twisted-wire-cup-brush/index.html]
[www.sali-group.com/images/27152/otherbfd4.css]
[www.sali-group.com/images/27152/otherf01d.css]
[www.sali-group.com/showroom/crimp-circular-wire-brush/index.html]
[www.sali-group.com/images/27152/other0a0f.css]
[www.sali-group.com/images/27152/other2905.css]
[www.sali-group.com/uploads/202027152/heavy-duty-knife-wire-brush-0-3mm01195094008.jpg]
[www.sali-group.com/images/27152/othera1bc.css]
[www.sali-group.com/uploads/202027152/small/heavy-duty-knife-wire-brush-0-3mm57177137795.jpg]
[www.sali-group.com/uploads/202027152/small/heavy-duty-knife-wire-brush-0-3mm57178242174.jpg]
[www.sali-group.com/uploads/202027152/small/heavy-duty-knife-wire-brush-0-3mm57179023084.jpg]
[www.sali-group.com/uploads/202027152/small/heavy-duty-knife-wire-brush-0-3mm57180116541.jpg]
[www.sali-group.com/Content/uploads/2020625764/2020111008591284e2fe013e5e4fcdbba4d7814174ca88.jpg]
[www.sali-group.com/Content/uploads/2020625764/202011100859415b0c1df89fb94adaafcb375455153eea.jpg]
[www.sali-group.com/Content/uploads/2020625764/202011100859439fa7ff1dd05f4331b57c2f57cf19a574.jpg]
[www.sali-group.com/Content/uploads/2020625764/20201110085945d8950c7c113144e0b37790e94b1460c2.jpg]
[www.sali-group.com/wire-brush/hand-brush/heavy-duty-knife-wire-brush-0-3mm.html]
[www.sali-group.com/uploads/202027152/black-knife-wire-brass17336184563.jpg]
[www.sali-group.com/images/27152/other1c90.css]
[www.sali-group.com/uploads/202027152/small/black-knife-wire-brass58350651752.jpg]
[www.sali-group.com/uploads/202027152/small/black-knife-wire-brass58351901819.jpg]
[www.sali-group.com/uploads/202027152/small/black-knife-wire-brass58352839188.jpg]
[www.sali-group.com/uploads/202027152/small/black-knife-wire-brass58353932987.jpg]
[www.sali-group.com/Content/uploads/2020625764/20201110091517305347b969f04ec88ace9f52c9906a83.jpg]
[www.sali-group.com/Content/uploads/2020625764/20201110091533ab26be28c25f4cbe823df9182c6ec794.jpg]
[www.sali-group.com/Content/uploads/2020625764/2020111009153513f9e3613315497a840915f66e32757f.jpg]
[www.sali-group.com/Content/uploads/2020625764/202011100915378e9fc853cfce49cba4e609bcd2abebce.jpg]
[www.sali-group.com/wire-brush/hand-brush/black-knife-wire-brass.html]
[www.sali-group.com/uploads/202027152/wooden-handle-wire-brush21026398601.jpg]
[www.sali-group.com/images/27152/other4d3a.css]
[www.sali-group.com/uploads/202027152/small/wooden-handle-wire-brush59344630256.jpg]
[www.sali-group.com/uploads/202027152/small/wooden-handle-wire-brush59345723919.jpg]
[www.sali-group.com/uploads/202027152/small/wooden-handle-wire-brush59346505250.jpg]
[www.sali-group.com/uploads/202027152/small/wooden-handle-wire-brush59347442806.jpg]
[www.sali-group.com/Content/uploads/2020625764/2020111009202365fdfe9370ab4998b5acd6f49eae6d9d.jpg]
[www.sali-group.com/Content/uploads/2020625764/20201110092030a0b9ff61b0084b13b9107aeb898e7e6c.jpg]
[www.sali-group.com/Content/uploads/2020625764/202011100920329e7097731a5d4a3bad62570b2c739cc3.jpg]
[www.sali-group.com/Content/uploads/2020625764/20201110092034c391ccc43d32492f82b7dfb5e05e9768.jpg]
[www.sali-group.com/wire-brush/hand-brush/wooden-handle-wire-brush.html]
[www.sali-group.com/showroom/hand-brush/index.html]
[www.sali-group.com/images/27152/other63f4-2.css]
[www.sali-group.com/showroom/heavy-duty-knife-wire-brush-0-3mm/index.html]
[www.sali-group.com/showroom/black-knife-wire-brass/index.html]
[www.sali-group.com/images/27152/other8f09.css]
[www.sali-group.com/showroom/4-inch-round-rezin-metal-cutting-disc/index.html]
[www.sali-group.com/images/27152/othera405.css]
[www.sali-group.com/showroom/jig-saw-65mm-as-600w/index.html]
[www.sali-group.com/images/27152/other2acc.css]
[www.sali-group.com/images/27152/otherbedc.css]
[www.sali-group.com/showroom/electrode-holder/index.html]
[www.sali-group.com/images/27152/otherc1d2.css]
[www.sali-group.com/showroom/drill-bit-and-chuck/index.html]
[www.sali-group.com/images/27152/otherc832.css]
[www.sali-group.com/showroom/claw-hammer/index.html]
[www.sali-group.com/images/27152/other76e7.css]
[www.sali-group.com/showroom/4-5-inch-angle-grinder/index.html]
[www.sali-group.com/images/27152/other9cc6.css]
[www.sali-group.com/images/27152/other3b2c.css]
[www.sali-group.com/showroom/long-nose-pliers/index.html]
[www.sali-group.com/images/27152/otherffd6.css]
[www.sali-group.com/images/27152/other0de5.css]
[www.sali-group.com/showroom/welder/index.html]
[www.sali-group.com/images/27152/other339f.css]
[www.sali-group.com/showroom/9-inch-in-africa-cutting-disc/index.html]
[www.sali-group.com/images/27152/other2a12.css]
[www.sali-group.com/images/27152/other44cc.css]
[www.sali-group.com/pliers/knife/page-2/index.html]
[www.sali-group.com/images/27152/other5802.css]
[www.sali-group.com/images/27152/other5f24.css]
[www.sali-group.com/uploads/202227152/utility-knife56184376090.jpg]
[www.sali-group.com/images/27152/other6569.css]
[www.sali-group.com/uploads/202227152/small/utility-knife56374064251.jpg]
[www.sali-group.com/uploads/202227152/small/utility-knife56447191746.jpg]
[www.sali-group.com/uploads/202227152/small/utility-knife56457189656.jpg]
[www.sali-group.com/uploads/202227152/small/utility-knife56472189746.jpg]
[www.sali-group.com/Content/upload/2022625764/202212081601047072540.jpg]
[www.sali-group.com/Content/upload/2022625764/202212081601041458332.jpg]
[www.sali-group.com/Content/upload/2022625764/202212081601051301081.jpg]
[www.sali-group.com/Content/upload/2022625764/202212081601051143830.jpg]
[www.sali-group.com/Content/upload/2022625764/202212081601077160285.jpg]
[www.sali-group.com/Content/upload/2022625764/202212081601088945960.jpg]
[www.sali-group.com/pliers/knife/utility-knife.html]
[www.sali-group.com/uploads/202227152/sali-aluminum-alloy-folding-utility-knife-1-306566494871.jpg]
[www.sali-group.com/images/27152/otherec12.css]
[www.sali-group.com/uploads/202227152/small/sali-aluminum-alloy-folding-utility-knife-1-307290244403.jpg]
[www.sali-group.com/uploads/202227152/small/sali-aluminum-alloy-folding-utility-knife-1-307331650777.jpg]
[www.sali-group.com/uploads/202227152/small/sali-aluminum-alloy-folding-utility-knife-1-307296025786.jpg]
[www.sali-group.com/Content/uploads/2022625764/20220519171544bf03b1896bc348418fc51c65a987e206.png]
[www.sali-group.com/Content/uploads/2022625764/2022051917191080d406b9c0984006b7141c3e12033b2c.jpg]
[www.sali-group.com/Content/uploads/2022625764/202205191721030240b4ede1264a37a19dc6fe783baca8.jpg]
[www.sali-group.com/pliers/knife/sali-aluminum-alloy-folding-utility-knife-1-3.html]
[www.sali-group.com/uploads/202227152/sali-zinc-alloy-folding-utility-knife-1-556270047552.jpg]
[www.sali-group.com/images/27152/othera82f.css]
[www.sali-group.com/uploads/202227152/small/sali-zinc-alloy-folding-utility-knife-1-556507078823.jpg]
[www.sali-group.com/uploads/202227152/small/sali-zinc-alloy-folding-utility-knife-1-557078485066.jpg]
[www.sali-group.com/uploads/202227152/small/sali-zinc-alloy-folding-utility-knife-1-557182703770.jpg]
[www.sali-group.com/Content/uploads/2022625764/20220519160539d4a515ef18594dc28fdc3dfcceb34a04.jpg]
[www.sali-group.com/showroom/knife/-blade/index.html]
[www.sali-group.com/Content/uploads/2022625764/2022051916172705f3d68a5fe24c5096d47945ad23466b.jpg]
[www.sali-group.com/Content/uploads/2022625764/202205191624239c97d6579203472e959a4df51930ea1c.jpg]
[www.sali-group.com/Content/uploads/2022625764/2022051916243950963ba2bd43490db4de2be24e0d7ea1.jpg]
[www.sali-group.com/pliers/knife/sali-zinc-alloy-folding-utility-knife-1-5.html]
[www.sali-group.com/uploads/202227152/sali-retractable-aluminum-alloy-utility-knife50098774805.jpg]
[www.sali-group.com/images/27152/othere960.css]
[www.sali-group.com/uploads/202227152/small/sali-retractable-aluminum-alloy-utility-knife50302212201.jpg]
[www.sali-group.com/uploads/202227152/small/sali-retractable-aluminum-alloy-utility-knife50305180979.jpg]
[www.sali-group.com/uploads/202227152/small/sali-retractable-aluminum-alloy-utility-knife50321431130.jpg]
[www.sali-group.com/Content/uploads/2022625764/20220519140004908e5b6cfc1a456c9f3e5b7edb1125a8.jpg]
[www.sali-group.com/Content/uploads/2022625764/202205191427565dba68fc572b4e63bc21736623552b14.png]
[www.sali-group.com/pliers/knife/sali-retractable-aluminum-alloy-utility-knife.html]
[www.sali-group.com/uploads/202027152/retractable-utility-knife48251201706.jpg]
[www.sali-group.com/images/27152/otherf7de.css]
[www.sali-group.com/uploads/202027152/small/retractable-utility-knife48252451915.jpg]
[www.sali-group.com/uploads/202027152/small/retractable-utility-knife48253233313.jpg]
[www.sali-group.com/uploads/202027152/small/retractable-utility-knife48254014119.jpg]
[www.sali-group.com/uploads/202027152/small/retractable-utility-knife48254988716.jpg]
[www.sali-group.com/Content/uploads/2020625764/20201110114620afb2a154d1fa45c2880e64f784d929c4.jpg]
[www.sali-group.com/Content/uploads/2020625764/20201110114650363de344ab0346dba2b791c0ca97ea3c.jpg]
[www.sali-group.com/Content/uploads/2020625764/2020111011465119c815b274db4e5186a83c5ddd836126.jpg]
[www.sali-group.com/Content/uploads/2020625764/20201110114653257179c5bd8e483a8313b427bc87a84c.jpg]
[www.sali-group.com/Content/uploads/2020625764/20201110114655e9108fb25a0442ae8d1558d3524bf521.jpg]
[www.sali-group.com/pliers/knife/retractable-utility-knife.html]
[www.sali-group.com/uploads/202027152/abs-tpr-utility-knife56418820395.jpg]
[www.sali-group.com/images/27152/otherf6e6.css]
[www.sali-group.com/uploads/202027152/small/abs-tpr-utility-knife56419861142.jpg]
[www.sali-group.com/uploads/202027152/small/abs-tpr-utility-knife56420538631.jpg]
[www.sali-group.com/uploads/202027152/small/abs-tpr-utility-knife56421476307.jpg]
[www.sali-group.com/uploads/202027152/small/abs-tpr-utility-knife56422413493.jpg]
[www.sali-group.com/Content/uploads/2020625764/202011101155383a117663ca35483295eccc402a1d1821.jpg]
[www.sali-group.com/Content/uploads/2020625764/20201110115606be7b91601a344ee19be5b95814914b23.jpg]
[www.sali-group.com/Content/uploads/2020625764/20201110115608443cf77374734eb88b09db0c98296e4f.jpg]
[www.sali-group.com/Content/uploads/2020625764/202011101156134f0986a8dbdc4fa595876ce80d221501.jpg]
[www.sali-group.com/Content/uploads/2020625764/2020111011561590a4ef5aaa7444e6b3c91264273d93e4.jpg]
[www.sali-group.com/Content/uploads/2020625764/20201110115617c8510d0de7894069ac742feca181feb2.jpg]
[www.sali-group.com/pliers/knife/abs-tpr-utility-knife.html]
[www.sali-group.com/uploads/202027152/zinc-alloy-retractable-utility-knife00184457903.jpg]
[www.sali-group.com/images/27152/other8c9b.css]
[www.sali-group.com/uploads/202027152/small/zinc-alloy-retractable-utility-knife00185395806.jpg]
[www.sali-group.com/uploads/202027152/small/zinc-alloy-retractable-utility-knife00186489576.jpg]
[www.sali-group.com/uploads/202027152/small/zinc-alloy-retractable-utility-knife22142243774.jpg]
[www.sali-group.com/uploads/202027152/small/zinc-alloy-retractable-utility-knife22143494011.jpg]
[www.sali-group.com/Content/uploads/2020625764/202011101158576dfa17b990004c0eb2254b73dc341290.jpg]
[www.sali-group.com/Content/uploads/2020625764/202011101159273587b502b3b54e3aa02c2414564542d3.jpg]
[www.sali-group.com/Content/uploads/2020625764/202011101159296d46047ed54c40efbe9db2d60180a1f4.jpg]
[www.sali-group.com/Content/uploads/2020625764/2020111011593116139d6ab4254e3ca37ae9dea30ad90a.jpg]
[www.sali-group.com/pliers/knife/zinc-alloy-retractable-utility-knife.html]
[www.sali-group.com/uploads/202027152/zinc-alloy-retractable-utility-knives11528053325.jpg]
[www.sali-group.com/images/27152/other3065.css]
[www.sali-group.com/uploads/202027152/small/zinc-alloy-retractable-utility-knives10570530731.jpg]
[www.sali-group.com/uploads/202027152/small/zinc-alloy-retractable-utility-knives12029861061.jpg]
[www.sali-group.com/uploads/202027152/small/zinc-alloy-retractable-utility-knives10572093155.jpg]
[www.sali-group.com/uploads/202027152/small/zinc-alloy-retractable-utility-knives10572874269.jpg]
[www.sali-group.com/Content/uploads/2020625764/20201110130922c61717d1fd3b4da0be84cf292c0b9b15.jpg]
[www.sali-group.com/Content/uploads/2020625764/20201110131011aa5bb5df95eb4c01bb2b9f79311d32a1.jpg]
[www.sali-group.com/Content/uploads/2020625764/20201110131013420e19b9e99746e2a0838e3a5cc7dcaf.jpg]
[www.sali-group.com/Content/uploads/2020625764/202011101310153f7a130228be4b659a8dd472caa43245.jpg]
[www.sali-group.com/pliers/knife/zinc-alloy-retractable-utility-knives.html]
[www.sali-group.com/uploads/202027152/folding-utility-knife15154015672.jpg]
[www.sali-group.com/images/27152/other061f.css]
[www.sali-group.com/uploads/202027152/small/folding-utility-knife15155577870.jpg]
[www.sali-group.com/uploads/202027152/small/folding-utility-knife15156515829.jpg]
[www.sali-group.com/uploads/202027152/small/folding-utility-knife15157296973.jpg]
[www.sali-group.com/uploads/202027152/small/folding-utility-knife15158078230.jpg]
[www.sali-group.com/Content/uploads/2020625764/20201110131343f49fc01c0ce44021b879ae45b19036b2.jpg]
[www.sali-group.com/Content/uploads/2020625764/202011101314116ce479e288ae4cb3a332f7431585c525.jpg]
[www.sali-group.com/Content/uploads/2020625764/202011101314142089be46171f4031a584d1ecd40ac392.jpg]
[www.sali-group.com/Content/uploads/2020625764/202011101314159d3064c35c5048cdadc646ac09cea50b.jpg]
[www.sali-group.com/pliers/knife/folding-utility-knife.html]
[www.sali-group.com/uploads/202027152/abs-folding-utility-knife16025883149.jpg]
[www.sali-group.com/images/27152/other32a8.css]
[www.sali-group.com/uploads/202027152/small/abs-folding-utility-knife16026976070.jpg]
[www.sali-group.com/uploads/202027152/small/abs-folding-utility-knife16027757306.jpg]
[www.sali-group.com/uploads/202027152/small/abs-folding-utility-knife17164074470.jpg]
[www.sali-group.com/uploads/202027152/small/abs-folding-utility-knife17165324327.jpg]
[www.sali-group.com/Content/uploads/2020625764/2020111013172841a97009f6454732ac0b6a0d46079018.jpg]
[www.sali-group.com/Content/uploads/2020625764/202011101318010273083326504700bdb4497a27a93c54.jpg]
[www.sali-group.com/Content/uploads/2020625764/20201110131803c679582fa928494581db3d4c057afaa3.jpg]
[www.sali-group.com/Content/uploads/2020625764/20201110131805aaaa0c77ad934953ae48a45e5d621bb3.jpg]
[www.sali-group.com/pliers/knife/abs-folding-utility-knife.html]
[www.sali-group.com/uploads/202027152/knife-blade20357682922.jpg]
[www.sali-group.com/images/27152/otheraf91.css]
[www.sali-group.com/uploads/202027152/small/knife-blade20359245581.jpg]
[www.sali-group.com/uploads/202027152/small/knife-blade20360182807.jpg]
[www.sali-group.com/uploads/202027152/small/knife-blade18432382776.jpg]
[www.sali-group.com/uploads/202027152/small/knife-blade18433476039.jpg]
[www.sali-group.com/Content/uploads/2020625764/202011101319449b8be4a87dde4e3087262556eea8e5a2.jpg]
[www.sali-group.com/Content/uploads/2020625764/202011101320111b3122c6eb464e1f89082a6970e2b3b1.jpg]
[www.sali-group.com/pliers/knife/knife-blade.html]
[www.sali-group.com/showroom/knife/index.html]
[www.sali-group.com/images/27152/other8b70.css]
[www.sali-group.com/showroom/zinc-alloy-retractable-utility-knives/index.html]
[www.sali-group.com/images/27152/othere6b9.css]
[www.sali-group.com/images/27152/other78b9.css]
[www.sali-group.com/uploads/202327152/italian-wooden-handle-claw-hammer09189687-1f7c-47cd-b9f2-207759b9d513.jpg]
[www.sali-group.com/images/27152/other73d2.css]
[www.sali-group.com/uploads/202327152/small/italian-wooden-handle-claw-hammerb907ea16-663e-4e6f-85fe-f19b61b1b70c.jpg]
[www.sali-group.com/uploads/202327152/small/italian-wooden-handle-claw-hammer3b9059d8-3699-4741-8d59-4ff05d9c6f94.jpg]
[www.sali-group.com/uploads/202327152/small/italian-wooden-handle-claw-hammer749076d0-518f-4b22-a1e6-b22802fe5398.jpg]
[www.sali-group.com/uploads/202327152/small/italian-wooden-handle-claw-hammercb5b5882-b7b2-4e51-a65b-cf241638b950.jpg]
[www.sali-group.com/uploads/202327152/small/italian-wooden-handle-claw-hammer3141fe28-30b3-4a59-8a22-ea91f0c4074d.jpg]
[www.sali-group.com/Content/uploads/2023625764/202312091654168d00f371066d4677864daed276d4c748.jpg]
[www.sali-group.com/Content/uploads/2023625764/2023120916575443028737311e4637893fbe7f4546180f.jpg]
[www.sali-group.com/Content/uploads/2023625764/20231209165759a14d67769c3c4fbca624c8dcb4d9f269.jpg]
[www.sali-group.com/Content/uploads/2023625764/20231209165809d19c668a4d05430bac504c75a7dc21de.jpg]
[www.sali-group.com/Content/uploads/2023625764/20231209165815a7b60d674c284732822282253d2ef3c5.jpg]
[www.sali-group.com/pliers/hammer/italian-wooden-handle-claw-hammer.html]
[www.sali-group.com/uploads/202227152/sali-new-arrive-cold-chisel-for-stone-break04472935252.jpg]
[www.sali-group.com/images/27152/other9a45.css]
[www.sali-group.com/uploads/202227152/small/sali-new-arrive-cold-chisel-for-stone-break05056998110.jpg]
[www.sali-group.com/uploads/202227152/small/sali-new-arrive-cold-chisel-for-stone-break05068091564.jpg]
[www.sali-group.com/uploads/202227152/small/sali-new-arrive-cold-chisel-for-stone-break10387480515.jpg]
[www.sali-group.com/Content/uploads/2022625764/20220324151223096265f0566c4f209df1dfebd610ce41.jpg]
[www.sali-group.com/Content/uploads/2022625764/202203241514208a6930b3d2a34888a7cb5a0e7aa58bfe.jpg]
[www.sali-group.com/Content/uploads/2022625764/20220324151532d1d1fc403cd4431d927b990230980c6f.jpg]
[www.sali-group.com/pliers/hammer/sali-new-arrive-cold-chisel-for-stone-break.html]
[www.sali-group.com/uploads/202127152/sali-heavy-duty-high-quality-ppr-plastic16014168789.jpg]
[www.sali-group.com/images/27152/other46d3.css]
[www.sali-group.com/uploads/202127152/small/sali-heavy-duty-high-quality-ppr-plastic16190538712.jpg]
[www.sali-group.com/uploads/202127152/small/sali-heavy-duty-high-quality-ppr-plastic16193178702.jpg]
[www.sali-group.com/uploads/202127152/small/sali-heavy-duty-high-quality-ppr-plastic16202418700.jpg]
[www.sali-group.com/uploads/202127152/small/sali-heavy-duty-high-quality-ppr-plastic16251649142.jpg]
[www.sali-group.com/Content/uploads/2022625764/202203281337226eebb62ba10241b7995bf4aba0c0c582.jpg]
[www.sali-group.com/pliers/hammer/sali-heavy-duty-high-quality-ppr-plastic.html]
[www.sali-group.com/uploads/202127152/sali-double-faced-rubber-soft-hammer59095610189.jpg]
[www.sali-group.com/images/27152/othere9e2.css]
[www.sali-group.com/uploads/202127152/small/sali-double-faced-rubber-soft-hammer59287120220.jpg]
[www.sali-group.com/uploads/202127152/small/sali-double-faced-rubber-soft-hammer59294460119.jpg]
[www.sali-group.com/uploads/202127152/small/sali-double-faced-rubber-soft-hammer59297970120.jpg]
[www.sali-group.com/uploads/202127152/small/sali-double-faced-rubber-soft-hammer59305000121.jpg]
[www.sali-group.com/Content/uploads/2021625764/202108101352549bda9f1437864c11ade2a6a7f7a69538.jpg]
[www.sali-group.com/Content/uploads/2021625764/202108101354217b56cf76222f4dcdb33751d8a0180b2b.jpg]
[www.sali-group.com/Content/uploads/2021625764/202108101359492a035ce8f3b04213af2a633d56cd3a3b.jpg]
[www.sali-group.com/pliers/hammer/sali-double-faced-rubber-soft-hammer.html]
[www.sali-group.com/uploads/202227152/sledge-hammer52134934030.jpg]
[www.sali-group.com/images/27152/other68c9.css]
[www.sali-group.com/uploads/202127152/small/sledge-hammer16360240866.jpg]
[www.sali-group.com/uploads/202127152/small/sledge-hammer16364967350.jpg]
[www.sali-group.com/uploads/202127152/small/sledge-hammer16374975537.jpg]
[www.sali-group.com/uploads/202127152/small/sledge-hammer16386090945.jpg]
[www.sali-group.com/uploads/202127152/small/sledge-hammer16391394977.jpg]
[www.sali-group.com/uploads/202127152/small/sledge-hammer16396404571.jpg]
[www.sali-group.com/Content/uploads/2021625764/20210204093823e278ffeec929456db28e0794d71e5e5e.jpg]
[www.sali-group.com/Content/uploads/2022625764/202205201359138298797e57ea4e21af8b8ee31f08af06.jpg]
[www.sali-group.com/Content/uploads/2022625764/202205201359287668eaa5dd2f4cd383ca93d3a3d50a30.jpg]
[www.sali-group.com/pliers/hammer/sledge-hammer.html]
[www.sali-group.com/uploads/202027152/stone-hammer29523196515.jpg]
[www.sali-group.com/images/27152/other4326.css]
[www.sali-group.com/uploads/202027152/small/stone-hammer29524290561.jpg]
[www.sali-group.com/uploads/202027152/small/stone-hammer29524915831.jpg]
[www.sali-group.com/uploads/202027152/small/stone-hammer29525844980.jpg]
[www.sali-group.com/uploads/202027152/small/stone-hammer29526626767.jpg]
[www.sali-group.com/Content/uploads/2020625764/202011101328114f359a07c7574c0990b38a7abfa07c68.jpg]
[www.sali-group.com/Content/uploads/2020625764/20201110132839ed45cf87bf314b4ea9fd221a2536edcb.jpg]
[www.sali-group.com/pliers/hammer/stone-hammer.html]
[www.sali-group.com/uploads/202027152/machinist-hammer32266478860.jpg]
[www.sali-group.com/images/27152/othera7d3.css]
[www.sali-group.com/uploads/202027152/small/machinist-hammer32267572204.jpg]
[www.sali-group.com/uploads/202027152/small/machinist-hammer32268510458.jpg]
[www.sali-group.com/uploads/202027152/small/machinist-hammer32269531551.jpg]
[www.sali-group.com/uploads/202027152/small/machinist-hammer32270404532.jpg]
[www.sali-group.com/uploads/202027152/small/machinist-hammer32271342367.jpg]
[www.sali-group.com/Content/uploads/2020625764/202011101331258bf512e2135e492f849a79d9b17053b4.jpg]
[www.sali-group.com/Content/uploads/2020625764/20201110133138c5b12094206c4b36973e3b759492f503.jpg]
[www.sali-group.com/Content/uploads/2020625764/2020111013314091e8ef644bdc4c959c85183ea9e157b0.jpg]
[www.sali-group.com/pliers/hammer/machinist-hammer.html]
[www.sali-group.com/uploads/202027152/claw-hammer34483347208.jpg]
[www.sali-group.com/images/27152/otherc30a.css]
[www.sali-group.com/uploads/202027152/small/claw-hammer34484283881.jpg]
[www.sali-group.com/uploads/202027152/small/claw-hammer34485231333.jpg]
[www.sali-group.com/uploads/202027152/small/claw-hammer34486169180.jpg]
[www.sali-group.com/uploads/202027152/small/claw-hammer34486950751.jpg]
[www.sali-group.com/Content/uploads/2020625764/202011101333503d630117714b4911989c11ab8876bab8.jpg]
[www.sali-group.com/Content/uploads/2020625764/20201110133418c7fe8088c09d468fbb038f75699a1a22.jpg]
[www.sali-group.com/pliers/hammer/claw-hammer.html]
[www.sali-group.com/uploads/202027152/rubber-hammer39181388560.jpg]
[www.sali-group.com/images/27152/other6bf1.css]
[www.sali-group.com/uploads/202027152/small/rubber-hammer39182326040.jpg]
[www.sali-group.com/uploads/202027152/small/rubber-hammer39183576643.jpg]
[www.sali-group.com/uploads/202027152/small/rubber-hammer39184357367.jpg]
[www.sali-group.com/uploads/202027152/small/rubber-hammer39185453841.jpg]
[www.sali-group.com/Content/uploads/2020625764/20201110133613b261ef9022c94a4eafee223ed2d04d65.jpg]
[www.sali-group.com/Content/uploads/2020625764/20201110133616280b6b43b08c463691f2340528cfdc42.jpg]
[www.sali-group.com/Content/uploads/2020625764/202011101338289bed00c758ab4b7986bdd957bb4d015d.jpg]
[www.sali-group.com/Content/uploads/2020625764/202011101338248c0b01282d42407a93c4a08792db9579.jpg]
[www.sali-group.com/pliers/hammer/rubber-hammer.html]
[www.sali-group.com/showroom/machinist-hammer/index.html]
[www.sali-group.com/images/27152/other4e3e.css]
[www.sali-group.com/showroom/rubber-hammer/index.html]
[www.sali-group.com/images/27152/otherb3d9.css]
[www.sali-group.com/showroom/stone-hammer/index.html]
[www.sali-group.com/images/27152/other99c6.css]
[www.sali-group.com/images/27152/otherb2e1.css]
[www.sali-group.com/uploads/202227152/sali-iron-scissors-for-iron-or-aluminum22125105737.jpg]
[www.sali-group.com/uploads/202227152/small/sali-iron-scissors-for-iron-or-aluminum22257292934.jpg]
[www.sali-group.com/uploads/202227152/small/sali-iron-scissors-for-iron-or-aluminum22263542959.jpg]
[www.sali-group.com/uploads/202227152/small/sali-iron-scissors-for-iron-or-aluminum22269636682.jpg]
[www.sali-group.com/uploads/202227152/small/sali-iron-scissors-for-iron-or-aluminum22281511821.jpg]
[www.sali-group.com/uploads/202227152/small/sali-iron-scissors-for-iron-or-aluminum22335418096.jpg]
[www.sali-group.com/Content/uploads/2022625764/20220331142303968d0122e83748b98beb7e2a85543312.jpg]
[www.sali-group.com/Content/uploads/2022625764/2022033114230336a76791f29e45a4a448ff6cf9be94b8.jpg]
[www.sali-group.com/pliers/snip/sali-iron-scissors-for-iron-or-aluminum.html]
[www.sali-group.com/uploads/202127152/sali-aviation-snip26106900169.jpg]
[www.sali-group.com/images/27152/otherf68a.css]
[www.sali-group.com/uploads/202127152/small/sali-aviation-snip27028800079.jpg]
[www.sali-group.com/uploads/202127152/small/sali-aviation-snip27032800083.jpg]
[www.sali-group.com/uploads/202127152/small/sali-aviation-snip27269300078.jpg]
[www.sali-group.com/Content/uploads/2021625764/20210810142401c0e83328c2ea4a05aff280927e27e27d.jpg]
[www.sali-group.com/Content/uploads/2021625764/20210810142401c3b8e489ec4c4ea491ce4ab53e2052f4.jpg]
[www.sali-group.com/Content/uploads/2021625764/202108101424022eb9e0a8f787492a8a5b026c67c10cd9.jpg]
[www.sali-group.com/pliers/snip/sali-aviation-snip.html]
[www.sali-group.com/images/27152/other0168.css]
[www.sali-group.com/uploads/202327152/sali-pvc-pipe-cutter-63mm-st12-body-65mn1df6000e-f5fb-414e-bd31-85ecae53e50f.jpg]
[www.sali-group.com/images/27152/other4305.css]
[www.sali-group.com/uploads/202327152/small/pvc-pipe-cutter-63mme02613eb-e400-416a-9b02-fb7a3fead264.jpg]
[www.sali-group.com/uploads/202327152/small/pvc-pipe-cutter-63mmd1f38b1f-2bb1-43f2-978d-28448561a21a.jpg]
[www.sali-group.com/uploads/202327152/small/pvc-pipe-cutter-63mm6652f306-6c23-41ee-8a45-64ae2b62e12a.jpg]
[www.sali-group.com/uploads/202327152/small/pvc-pipe-cutter-63mm1aed8fe8-0d36-465d-b068-22e02ad071e1.jpg]
[www.sali-group.com/uploads/202327152/small/pvc-pipe-cutter-63mm9a1c1154-d8c2-4ded-a2ab-854750fa6301.jpg]
[www.sali-group.com/uploads/202327152/small/pvc-pipe-cutter-63mm15cd81bf-533d-4c91-9c4a-aab8e42190ce.jpg]
[www.sali-group.com/Content/uploads/2023625764/202312151410343c11f88cca844b7f903786a0d3df4906.jpg]
[www.sali-group.com/Content/uploads/2023625764/202312151414296e86099abfd24ba8b79bf05289508993.jpg]
[www.sali-group.com/Content/uploads/2023625764/202312151414375006528a9a86480e873de58cb46bf74f.jpg]
[www.sali-group.com/Content/uploads/2023625764/202312151414470092b47af24a4d6e8990ed9ca715c90f.jpg]
[www.sali-group.com/Content/uploads/2023625764/20231215141455dffdc673cae44c729142e8c17b6c91f9.jpg]
[www.sali-group.com/Content/uploads/2023625764/202312151415023fe47b689e9448eb9d2e49bb24c654fd.jpg]
[www.sali-group.com/Content/uploads/2023625764/202312151415094088c0e4334f4ad1a4a10d09859cc7a6.jpg]
[www.sali-group.com/pliers/cutter/pvc-pipe-cutter-63mm.html]
[www.sali-group.com/uploads/202327152/sali-cable-cutter3d5634c3-9601-43a6-b0a8-5c59898bd246.jpg]
[www.sali-group.com/images/27152/othera448.css]
[www.sali-group.com/uploads/202227152/small/sali-cable-cutter52053273398.jpg]
[www.sali-group.com/uploads/202227152/small/sali-cable-cutter52130148886.jpg]
[www.sali-group.com/uploads/202227152/small/sali-cable-cutter52213898427.jpg]
[www.sali-group.com/Content/uploads/2023625764/202308291756509dad49dd6ce24054b7a7d6fd8867d604.jpg]
[www.sali-group.com/Content/uploads/2023625764/2023082917565608a1d76cef54440bbac9d721c31373f5.jpg]
[www.sali-group.com/Content/uploads/2023625764/202308291759429593b1a78e894c9a8b6b40912105d5bd.jpg]
[www.sali-group.com/Content/uploads/2023625764/202308291759534729944f7d5d4c4cbb7f6bfb26e2ae82.jpg]
[www.sali-group.com/Content/uploads/2023625764/202308291800588b3fb831b9be4e96b6a6b8ba9805d089.jpg]
[www.sali-group.com/Content/uploads/2023625764/202308291802108c67d7b3c6b2445a91d5f2ed42176a0f.jpg]
[www.sali-group.com/pliers/cutter/sali-cable-cutter.html]
[www.sali-group.com/uploads/202227152/sali-pvc-pipe-cutter-42mm-st12-body-65mn48255120835.jpg]
[www.sali-group.com/images/27152/other807e.css]
[www.sali-group.com/uploads/202227152/small/sali-pvc-pipe-cutter-42mm-st12-body-65mn54493977643.jpg]
[www.sali-group.com/uploads/202227152/small/sali-pvc-pipe-cutter-42mm-st12-body-65mn54498039938.jpg]
[www.sali-group.com/uploads/202227152/small/sali-pvc-pipe-cutter-42mm-st12-body-65mn54508508478.jpg]
[www.sali-group.com/uploads/202227152/small/sali-pvc-pipe-cutter-42mm-st12-body-65mn54506008760.jpg]
[www.sali-group.com/Content/uploads/2022625764/20220525140021044a79e29693493c81d2293329493ccf.jpg]
[www.sali-group.com/Content/uploads/2022625764/20220525140147890147764fc3420eb398bcc902f1aa7f.jpg]
[www.sali-group.com/Content/uploads/2022625764/20220525140155dd209e230c2f4d7fb8c0964871c07503.jpg]
[www.sali-group.com/Content/uploads/2022625764/202205251402054e9b231167c347b3951dd55799350b48.jpg]
[www.sali-group.com/pliers/cutter/sali-pvc-pipe-cutter-42mm-st12-body-65mn.html]
[www.sali-group.com/uploads/202227152/sali-pvc-pipe-cutter58080006109.jpg]
[www.sali-group.com/images/27152/other07bb.css]
[www.sali-group.com/uploads/202227152/small/sali-pvc-pipe-cutter13246663012.jpg]
[www.sali-group.com/uploads/202227152/small/sali-pvc-pipe-cutter13249319198.jpg]
[www.sali-group.com/uploads/202227152/small/sali-pvc-pipe-cutter13250413339.jpg]
[www.sali-group.com/uploads/202227152/small/sali-pvc-pipe-cutter34254324267.jpg]
[www.sali-group.com/Content/uploads/2022625764/20220331143039ec0628f88f3c43f78b1162db3ad2f8b0.jpg]
[www.sali-group.com/Content/uploads/2022625764/202205251418328c34bef35b234f868cdd323ecfbcd26f.jpg]
[www.sali-group.com/Content/uploads/2022625764/20220525141840539170816a6e455a90316581e25b21e0.jpg]
[www.sali-group.com/Content/uploads/2022625764/2022052514190461f371b41c2748bc968babb1a8cf462c.jpg]
[www.sali-group.com/pliers/cutter/sali-pvc-pipe-cutter.html]
[www.sali-group.com/uploads/202227152/sali-pipe-cutter-42-mm-cuts-plastic30371873965.jpg]
[www.sali-group.com/images/27152/other82f7.css]
[www.sali-group.com/uploads/202227152/small/sali-pipe-cutter-42-mm-cuts-plastic31088593090.jpg]
[www.sali-group.com/uploads/202227152/small/sali-pipe-cutter-42-mm-cuts-plastic45046176547.jpg]
[www.sali-group.com/uploads/202227152/small/sali-pipe-cutter-42-mm-cuts-plastic45056333084.jpg]
[www.sali-group.com/uploads/202227152/small/sali-pipe-cutter-42-mm-cuts-plastic45076801381.jpg]
[www.sali-group.com/Content/uploads/2022625764/20220525113611fff3a3ab53b6451db2cc16783b0a640c.jpg]
[www.sali-group.com/pliers/cutter/sali-pipe-cutter-42-mm-cuts-plastic.html]
[www.sali-group.com/uploads/202227152/sali-aluminum-alloy-pvc-pipe-cutter-stainless33186125045.jpg]
[www.sali-group.com/images/27152/otherbcbd.css]
[www.sali-group.com/uploads/202227152/small/sali-aluminum-alloy-pvc-pipe-cutter-stainless35197374491.jpg]
[www.sali-group.com/uploads/202227152/small/sali-aluminum-alloy-pvc-pipe-cutter-stainless38414406087.jpg]
[www.sali-group.com/uploads/202227152/small/sali-aluminum-alloy-pvc-pipe-cutter-stainless38473952684.jpg]
[www.sali-group.com/uploads/202227152/small/sali-aluminum-alloy-pvc-pipe-cutter-stainless38544733771.jpg]
[www.sali-group.com/uploads/202227152/small/sali-aluminum-alloy-pvc-pipe-cutter-stainless39104265583.jpg]
[www.sali-group.com/Content/uploads/2022625764/2022052416421856fcb45b450e46e0b90de3d1a303b60b.jpg]
[www.sali-group.com/pliers/cutter/sali-aluminum-alloy-pvc-pipe-cutter-stainless.html]
[www.sali-group.com/uploads/202227152/sali-mini-bolt-cutter-8-inch-wire-pliers12168180811.jpg]
[www.sali-group.com/images/27152/other95d3.css]
[www.sali-group.com/uploads/202227152/small/sali-mini-bolt-cutter-8-inch-wire-pliers12265055838.jpg]
[www.sali-group.com/uploads/202227152/small/sali-mini-bolt-cutter-8-inch-wire-pliers12305993344.jpg]
[www.sali-group.com/uploads/202227152/small/sali-mini-bolt-cutter-8-inch-wire-pliers12413180824.jpg]
[www.sali-group.com/Content/uploads/2022625764/202205201415515f06ac088eec4a5fbc3a760f0b027b65.jpg]
[www.sali-group.com/Content/uploads/2022625764/20220520142009e027477c8a5e447787920deb6a428def.jpg]
[www.sali-group.com/pliers/cutter/sali-mini-bolt-cutter-8-inch-wire-pliers.html]
[www.sali-group.com/uploads/202227152/sali-bolt-cutter52220439699.jpg]
[www.sali-group.com/images/27152/other01df.css]
[www.sali-group.com/uploads/202227152/small/sali-bolt-cutter52498720707.jpg]
[www.sali-group.com/uploads/202227152/small/sali-bolt-cutter52495439477.jpg]
[www.sali-group.com/uploads/202227152/small/sali-bolt-cutter52504033103.jpg]
[www.sali-group.com/uploads/202227152/small/sali-bolt-cutter53034970906.jpg]
[www.sali-group.com/uploads/202227152/small/sali-bolt-cutter53093408193.jpg]
[www.sali-group.com/uploads/202227152/small/sali-bolt-cutter53095126882.jpg]
[www.sali-group.com/Content/uploads/2022625764/20220331135335aa496870b234433db37515e3839adcbe.jpg]
[www.sali-group.com/Content/uploads/2022625764/202203311353358b734200f29a489e94f9c44ffef8c808.jpg]
[www.sali-group.com/Content/uploads/2022625764/20220520143108acb88bc74aeb47d6ba2a4ff05c0dba88.jpg]
[www.sali-group.com/Content/uploads/2022625764/202205201431201163fe15abe148b78615c49c6f2c2b2f.jpg]
[www.sali-group.com/pliers/cutter/sali-bolt-cutter.html]
[www.sali-group.com/showroom/inverter-electric-welding-machine/index.html]
[www.sali-group.com/images/27152/other40ab.css]
[www.sali-group.com/images/27152/other4fdf.css]
[www.sali-group.com/uploads/202227152/steel-handle-lopper-big-head29594876723.jpg]
[www.sali-group.com/images/27152/otherf676.css]
[www.sali-group.com/uploads/202227152/small/steel-handle-lopper-big-head30127220805.jpg]
[www.sali-group.com/uploads/202227152/small/steel-handle-lopper-big-head30238314602.jpg]
[www.sali-group.com/uploads/202227152/small/steel-handle-lopper-big-head30240189954.jpg]
[www.sali-group.com/uploads/202227152/small/steel-handle-lopper-big-head31029720631.jpg]
[www.sali-group.com/uploads/202227152/small/steel-handle-lopper-big-head31032221015.jpg]
[www.sali-group.com/Content/uploads/2022625764/202206091835361826ffcfebf045e1a3121df87b0e7806.jpg]
[www.sali-group.com/pliers/garden-shear/heavy-duty-steel-handle-lopper.html]
[www.sali-group.com/uploads/202227152/sali-double-color-telescopic-iron-handle31108169697.jpg]
[www.sali-group.com/images/27152/other85b6.css]
[www.sali-group.com/uploads/202227152/small/sali-double-color-telescopic-iron-handle31213013871.jpg]
[www.sali-group.com/uploads/202227152/small/sali-double-color-telescopic-iron-handle28468470547.jpg]
[www.sali-group.com/uploads/202227152/small/sali-double-color-telescopic-iron-handle28469564606.jpg]
[www.sali-group.com/uploads/202227152/small/sali-double-color-telescopic-iron-handle28470502279.jpg]
[www.sali-group.com/Content/uploads/2022625764/202203250937075ed52303fa3f47b08d518e8cab6b77e3.jpg]
[www.sali-group.com/Content/uploads/2022625764/202203250937081d3a3eda43db4e6a900cc0d1fbe7b9ef.jpg]
[www.sali-group.com/pliers/garden-shear/sali-double-color-telescopic-iron-handle.html]
[www.sali-group.com/uploads/202227152/sali-two-color-stretch-aluminum-handle-fence43450760978.jpg]
[www.sali-group.com/images/27152/other149d.css]
[www.sali-group.com/uploads/202227152/small/sali-two-color-stretch-aluminum-handle-fence43506385911.jpg]
[www.sali-group.com/uploads/202227152/small/sali-two-color-stretch-aluminum-handle-fence44175630970.jpg]
[www.sali-group.com/uploads/202227152/small/sali-two-color-stretch-aluminum-handle-fence44207036920.jpg]
[www.sali-group.com/uploads/202227152/small/sali-two-color-stretch-aluminum-handle-fence44508911996.jpg]
[www.sali-group.com/uploads/202227152/small/sali-two-color-stretch-aluminum-handle-fence44511569943.jpg]
[www.sali-group.com/uploads/202227152/small/sali-two-color-stretch-aluminum-handle-fence45066099810.jpg]
[www.sali-group.com/Content/uploads/2022625764/202203251014167a6d3fcc0dfe4ccdb3bc487183758e8b.jpg]
[www.sali-group.com/Content/uploads/2022625764/20220325095129126e578f7132477aae84cb4bf3033c65.jpg]
[www.sali-group.com/pliers/garden-shear/sali-two-color-stretch-aluminum-handle-fence.html]
[www.sali-group.com/uploads/202227152/telescoping-aluminum-handle-hedge-shear28256030948.jpg]
[www.sali-group.com/images/27152/othere489.css]
[www.sali-group.com/uploads/202227152/small/telescoping-aluminum-handle-hedge-shear28344937604.jpg]
[www.sali-group.com/uploads/202227152/small/telescoping-aluminum-handle-hedge-shear29058687205.jpg]
[www.sali-group.com/uploads/202227152/small/telescoping-aluminum-handle-hedge-shear29061968456.jpg]
[www.sali-group.com/uploads/202227152/small/telescoping-aluminum-handle-hedge-shear29063999719.jpg]
[www.sali-group.com/uploads/202227152/small/telescoping-aluminum-handle-hedge-shear29147749825.jpg]
[www.sali-group.com/Content/uploads/2022625764/20220607151352533280f016644ac58e9e2f19d387f258.jpg]
[www.sali-group.com/pliers/garden-shear/telescoping-aluminum-handle-hedge-shear.html]
[www.sali-group.com/uploads/202227152/telescoping-aluminum-lopper23013387191.jpg]
[www.sali-group.com/images/27152/other50d3.css]
[www.sali-group.com/uploads/202227152/small/telescoping-aluminum-lopper23590261866.jpg]
[www.sali-group.com/uploads/202227152/small/telescoping-aluminum-lopper24035261387.jpg]
[www.sali-group.com/uploads/202227152/small/telescoping-aluminum-lopper24258542608.jpg]
[www.sali-group.com/uploads/202227152/small/telescoping-aluminum-lopper24315886724.jpg]
[www.sali-group.com/Content/uploads/2022625764/20220607142918dcec9bb74e8e49f78148df02bd27325c.jpg]
[www.sali-group.com/pliers/garden-shear/telescoping-aluminum-lopper.html]
[www.sali-group.com/uploads/202227152/garden-shears-pruning-tool36144486880.jpg]
[www.sali-group.com/images/27152/other1f84.css]
[www.sali-group.com/uploads/202227152/small/garden-shears-pruning-tool36085736967.jpg]
[www.sali-group.com/uploads/202227152/small/garden-shears-pruning-tool36257455632.jpg]
[www.sali-group.com/uploads/202227152/small/garden-shears-pruning-tool36298705785.jpg]
[www.sali-group.com/uploads/202227152/small/garden-shears-pruning-tool36343081070.jpg]
[www.sali-group.com/uploads/202227152/small/garden-shears-pruning-tool36382779160.jpg]
[www.sali-group.com/Content/uploads/2022625764/20220531163002227e5d312acd41fb9887ea2d047c5400.jpg]
[www.sali-group.com/Content/uploads/2022625764/20220531162510af355b39b12b40a38b50e7876866b3df.jpg]
[www.sali-group.com/pliers/garden-shear/garden-shears-pruning-tool.html]
[www.sali-group.com/uploads/202227152/wooden-handle-pruner-8-inch22590064147.jpg]
[www.sali-group.com/images/27152/other95f1.css]
[www.sali-group.com/uploads/202227152/small/wooden-handle-pruner-8-inch38162095006.jpg]
[www.sali-group.com/uploads/202227152/small/wooden-handle-pruner-8-inch38236626166.jpg]
[www.sali-group.com/uploads/202227152/small/wooden-handle-pruner-8-inch38278188275.jpg]
[www.sali-group.com/Content/uploads/2022625764/20220531154003155844fd9299487baf45c302ed824154.jpg]
[www.sali-group.com/pliers/garden-shear/wooden-handle-pruner-8-inch.html]
[www.sali-group.com/uploads/202227152/sali-home-garden-trim-garden-shears18357574568.jpg]
[www.sali-group.com/images/27152/other7c5e.css]
[www.sali-group.com/uploads/202227152/small/sali-home-garden-trim-garden-shears18520231643.jpg]
[www.sali-group.com/uploads/202227152/small/sali-home-garden-trim-garden-shears18525699754.jpg]
[www.sali-group.com/uploads/202227152/small/sali-home-garden-trim-garden-shears19130074580.jpg]
[www.sali-group.com/uploads/202227152/small/sali-home-garden-trim-garden-shears19132731179.jpg]
[www.sali-group.com/Content/uploads/2022625764/20220325152112d716e53632e4471cbc203536b979486d.jpg]
[www.sali-group.com/Content/uploads/2022625764/202203251542580401179eef404b42844feecc5c21f1db.jpg]
[www.sali-group.com/Content/uploads/2022625764/20220325154258a779d7a8e0264a26b3faf9bd8e5fab66.jpg]
[www.sali-group.com/pliers/garden-shear/sali-home-garden-trim-garden-shears.html]
[www.sali-group.com/images/27152/other1e12.css]
[www.sali-group.com/uploads/202227152/high-carbon-steel-saw-blade43378807663.jpg]
[www.sali-group.com/images/27152/other80c4.css]
[www.sali-group.com/uploads/202227152/small/high-carbon-steel-saw-blade44513495109.jpg]
[www.sali-group.com/uploads/202227152/small/high-carbon-steel-saw-blade44534276372.jpg]
[www.sali-group.com/uploads/202227152/small/high-carbon-steel-saw-blade44529901852.jpg]
[www.sali-group.com/Content/uploads/2022625764/202207051547404405c008f0fa42fabff9e531caef8e7b.jpg]
[www.sali-group.com/Content/uploads/2022625764/20220705155053c83280d0ed9a41bfa1ffd00b1751f680.jpg]
[www.sali-group.com/Content/uploads/2022625764/20220705155101f5f41a31e9e84730a8a9644500101e19.jpg]
[www.sali-group.com/Content/uploads/2022625764/202207051551385ea0d13a9ef34f31a9385d4a06dfd5c2.jpg]
[www.sali-group.com/Content/uploads/2022625764/202207051552356915b4bf2e1048f0989fd939c4bca79b.jpg]
[www.sali-group.com/pliers/hacksaw-frame/high-carbon-steel-saw-blade.html]
[www.sali-group.com/uploads/202227152/bi-metal-hack-saw-blade10591078117.jpg]
[www.sali-group.com/images/27152/other4d73.css]
[www.sali-group.com/uploads/202227152/small/bi-metal-hack-saw-blade11593421754.jpg]
[www.sali-group.com/uploads/202227152/small/bi-metal-hack-saw-blade12474046809.jpg]
[www.sali-group.com/uploads/202227152/small/bi-metal-hack-saw-blade12482796815.jpg]
[www.sali-group.com/uploads/202227152/small/bi-metal-hack-saw-blade12479984102.jpg]
[www.sali-group.com/Content/uploads/2022625764/202207051520469525ddb5aa5d4fc09da3ebe01dddb5a3.jpg]
[www.sali-group.com/Content/uploads/2022625764/20220705153521e82c4fff4a044cd790ddba678b4d0b41.jpg]
[www.sali-group.com/Content/uploads/2022625764/202207051532026c9d13e236d44e6aa15a0f69e0c8165e.jpg]
[www.sali-group.com/Content/uploads/2022625764/202207051532286904ae1ee8824721934179ab95fa9b5d.jpg]
[www.sali-group.com/Content/uploads/2022625764/20220705153240ac61b2d028744efba620f90b8aac271b.jpg]
[www.sali-group.com/pliers/hacksaw-frame/bi-metal-hack-saw-blade.html]
[www.sali-group.com/uploads/202227152/sali-aluminum-alloy-hacksaw-frame48216110173.jpg]
[www.sali-group.com/images/27152/other7c21.css]
[www.sali-group.com/uploads/202227152/small/sali-aluminum-alloy-hacksaw-frame48383922697.jpg]
[www.sali-group.com/uploads/202227152/small/sali-aluminum-alloy-hacksaw-frame48387516423.jpg]
[www.sali-group.com/uploads/202227152/small/sali-aluminum-alloy-hacksaw-frame48408297720.jpg]
[www.sali-group.com/uploads/202227152/small/sali-aluminum-alloy-hacksaw-frame48404234726.jpg]
[www.sali-group.com/uploads/202227152/small/sali-aluminum-alloy-hacksaw-frame48414235087.jpg]
[www.sali-group.com/Content/uploads/2022625764/20220628155041c26141dc9bcd4a8ba7ddcd7b424f3350.jpg]
[www.sali-group.com/pliers/hacksaw-frame/sali-aluminum-alloy-hacksaw-frame.html]
[www.sali-group.com/uploads/202227152/sali-tubular-hacksaw-frame-with-bla-de32192644247.jpg]
[www.sali-group.com/images/27152/other1fb8.css]
[www.sali-group.com/uploads/202227152/small/tubular-hacksaw-frame-with-blade32402331370.jpg]
[www.sali-group.com/uploads/202227152/small/tubular-hacksaw-frame-with-blade32412956354.jpg]
[www.sali-group.com/uploads/202227152/small/tubular-hacksaw-frame-with-blade32414831367.jpg]
[www.sali-group.com/uploads/202227152/small/tubular-hacksaw-frame-with-blade32424206824.jpg]
[www.sali-group.com/Content/uploads/2022625764/202206281538490605187eba704ad68dc47d63f979007e.jpg]
[www.sali-group.com/pliers/hacksaw-frame/tubular-hacksaw-frame-with-blade.html]
[www.sali-group.com/uploads/202227152/tubular-hacksaw-frame13373346312.jpg]
[www.sali-group.com/images/27152/other8625.css]
[www.sali-group.com/uploads/202227152/small/tubular-hacksaw-frame13540377630.jpg]
[www.sali-group.com/uploads/202227152/small/tubular-hacksaw-frame13545690213.jpg]
[www.sali-group.com/uploads/202227152/small/tubular-hacksaw-frame13566315128.jpg]
[www.sali-group.com/uploads/202227152/small/tubular-hacksaw-frame13562565112.jpg]
[www.sali-group.com/Content/uploads/2022625764/20220628151902910c395764c0489cb62ce922c33575ff.jpg]
[www.sali-group.com/pliers/hacksaw-frame/tubular-hacksaw-frame.html]
[www.sali-group.com/uploads/202227152/adjustable-hacksaw-frame32467409495.jpg]
[www.sali-group.com/images/27152/other742d.css]
[www.sali-group.com/uploads/202227152/small/adjustable-hacksaw-frame33093815580.jpg]
[www.sali-group.com/uploads/202227152/small/adjustable-hacksaw-frame33099284381.jpg]
[www.sali-group.com/uploads/202227152/small/adjustable-hacksaw-frame33128659076.jpg]
[www.sali-group.com/uploads/202227152/small/adjustable-hacksaw-frame33125221506.jpg]
[www.sali-group.com/uploads/202227152/small/adjustable-hacksaw-frame33126940703.jpg]
[www.sali-group.com/Content/uploads/2022625764/20220628143748d512832a875f4d8fbc1db068f5eafa4e.jpg]
[www.sali-group.com/pliers/hacksaw-frame/adjustable-hacksaw-frame.html]
[www.sali-group.com/uploads/202227152/abs-hacksaw-frame44219030694.jpg]
[www.sali-group.com/images/27152/otherac43.css]
[www.sali-group.com/uploads/202227152/small/abs-hacksaw-frame51503405730.jpg]
[www.sali-group.com/uploads/202227152/small/abs-hacksaw-frame51545905730.jpg]
[www.sali-group.com/Content/uploads/2022625764/20220616155711e0fb8e84daea41f599b98071d5cdb9a9.jpg]
[www.sali-group.com/pliers/hacksaw-frame/abs-hacksaw-frame.html]
[www.sali-group.com/uploads/202227152/fixed-hacksaw-frame05006062409.jpg]
[www.sali-group.com/images/27152/other2866.css]
[www.sali-group.com/uploads/202227152/small/fixed-hacksaw-frame05124655679.jpg]
[www.sali-group.com/uploads/202227152/small/fixed-hacksaw-frame05137937018.jpg]
[www.sali-group.com/uploads/202227152/small/fixed-hacksaw-frame05142624851.jpg]
[www.sali-group.com/uploads/202227152/small/fixed-hacksaw-frame05152937300.jpg]
[www.sali-group.com/Content/uploads/2022625764/20220616150925d627f31c10e24187996921c409756908.jpg]
[www.sali-group.com/Content/uploads/2022625764/20220616151315f91a44e068774d8e91ca312f61f324a9.jpg]
[www.sali-group.com/pliers/hacksaw-frame/fixed-hacksaw-frame.html]
[www.sali-group.com/showroom/t27-zirconia-oxide-flap-disc/index.html]
[www.sali-group.com/images/27152/other036f.css]
[www.sali-group.com/showroom/wooden-handle-wire-brush/index.html]
[www.sali-group.com/images/27152/other8b68.css]
[www.sali-group.com/images/27152/other565e.css]
[www.sali-group.com/uploads/202227152/folding-pruning-saw-210mm32379675353.jpg]
[www.sali-group.com/images/27152/other62af.css]
[www.sali-group.com/uploads/202227152/small/folding-pruning-saw-210mm33329519375.jpg]
[www.sali-group.com/uploads/202227152/small/folding-pruning-saw-210mm33366550395.jpg]
[www.sali-group.com/uploads/202227152/small/folding-pruning-saw-210mm39559362881.jpg]
[www.sali-group.com/uploads/202227152/small/folding-pruning-saw-210mm40101393902.jpg]
[www.sali-group.com/uploads/202227152/small/folding-pruning-saw-210mm40107331248.jpg]
[www.sali-group.com/Content/uploads/2022625764/20220709114304bdff8b2dce4c4656a842f66c56ed8216.jpg]
[www.sali-group.com/Content/uploads/2022625764/202207091143183f1c2d55fd3a4428b1be527ef6a4cfb0.jpg]
[www.sali-group.com/Content/uploads/2022625764/20220709114554869a195d3c6240708a332c468a0c4272.jpg]
[www.sali-group.com/Content/uploads/2022625764/202207091145560da1717bb4da47ef8d9116339240f3f1.jpg]
[www.sali-group.com/Content/upload/2022625764/202207091146572339606.jpg]
[www.sali-group.com/pliers/pruning-saw/folding-pruning-saw-210mm.html]
[www.sali-group.com/uploads/202227152/folding-pruning-saw-270mm58234001369.jpg]
[www.sali-group.com/images/27152/other2913.css]
[www.sali-group.com/uploads/202227152/small/folding-pruning-saw-270mm04019289652.jpg]
[www.sali-group.com/uploads/202227152/small/folding-pruning-saw-270mm04119289447.jpg]
[www.sali-group.com/uploads/202227152/small/folding-pruning-saw-270mm04287570290.jpg]
[www.sali-group.com/uploads/202227152/small/folding-pruning-saw-270mm05531164798.jpg]
[www.sali-group.com/uploads/202227152/small/folding-pruning-saw-270mm05536632763.jpg]
[www.sali-group.com/Content/uploads/2022625764/202207091117253085e83b17ab48b18cca2c9046cb7ced.jpg]
[www.sali-group.com/Content/uploads/2022625764/20220709111728fcaa90d41716434295c9228f30ef3947.jpg]
[www.sali-group.com/Content/uploads/2022625764/2022070911221944ba628aa60646439137ea74070a884e.jpg]
[www.sali-group.com/Content/uploads/2022625764/20220709112220f5b3e8f1a579416fbfb1feffaa12b230.jpg]
[www.sali-group.com/Content/uploads/2022625764/2022070911252338f212fd2e3c4bbe8f253c506f534f0f.jpg]
[www.sali-group.com/pliers/pruning-saw/folding-pruning-saw-270mm.html]
[www.sali-group.com/uploads/202227152/plastic-pruning-saw41236777386.jpg]
[www.sali-group.com/images/27152/othereded.css]
[www.sali-group.com/uploads/202227152/small/plastic-pruning-saw42014761257.jpg]
[www.sali-group.com/uploads/202227152/small/plastic-pruning-saw45422104986.jpg]
[www.sali-group.com/Content/uploads/2022625764/20220708184916f6d44619cb13410f83c83a8f8669bbb4.jpg]
[www.sali-group.com/Content/uploads/2022625764/202207081849184678a158133747378aaeee413dc446d9.jpg]
[www.sali-group.com/Content/uploads/2022625764/20220708185415d06f2cc50a214cc88ba3a6322771e44d.jpg]
[www.sali-group.com/Content/uploads/2022625764/202207081854020c9d2bf5c03c446b97610907fb6c845b.jpg]
[www.sali-group.com/Content/uploads/2022625764/2022070818544777ac7345fd2541a39f21eb1b771d6df5.jpg]
[www.sali-group.com/pliers/pruning-saw/plastic-pruning-saw.html]
[www.sali-group.com/uploads/202227152/wood-handle-pruning-saw28199943860.jpg]
[www.sali-group.com/images/27152/other5c48.css]
[www.sali-group.com/uploads/202227152/small/wood-handle-pruning-saw29182912239.jpg]
[www.sali-group.com/uploads/202227152/small/wood-handle-pruning-saw29188693485.jpg]
[www.sali-group.com/uploads/202227152/small/wood-handle-pruning-saw29184475073.jpg]
[www.sali-group.com/uploads/202227152/small/wood-handle-pruning-saw29196662208.jpg]
[www.sali-group.com/uploads/202227152/small/wood-handle-pruning-saw29205725160.jpg]
[www.sali-group.com/Content/uploads/2022625764/20220708183043aa456791151446a3a96eaac4cff1cc9a.jpg]
[www.sali-group.com/Content/uploads/2022625764/202207081831164d15ee739c9b4338b2ac3bdb46351f91.jpg]
[www.sali-group.com/Content/uploads/2022625764/202207081831306dad4beede2747a48e8c9a3ec31c365a.jpg]
[www.sali-group.com/Content/uploads/2022625764/20220708183320c2d33b3d973d4bb690af44d744262536.jpg]
[www.sali-group.com/Content/uploads/2022625764/202207081838445b5b1a32b08146c39d4426a8e645ce3e.jpg]
[www.sali-group.com/pliers/pruning-saw/wood-handle-pruning-saw.html]
[www.sali-group.com/uploads/202227152/zinc-alloy-pruning-saw16378551978.jpg]
[www.sali-group.com/images/27152/other90a0.css]
[www.sali-group.com/uploads/202227152/small/zinc-alloy-pruning-saw17219801815.jpg]
[www.sali-group.com/uploads/202227152/small/zinc-alloy-pruning-saw17221364154.jpg]
[www.sali-group.com/uploads/202227152/small/zinc-alloy-pruning-saw17237301626.jpg]
[www.sali-group.com/uploads/202227152/small/zinc-alloy-pruning-saw17231364249.jpg]
[www.sali-group.com/Content/uploads/2022625764/202207081821138b0c93f83d3f46cd8a6da88b20179aff.jpg]
[www.sali-group.com/Content/uploads/2022625764/20220708182338b25fa51abc1349f1996b61c9456ecfea.jpg]
[www.sali-group.com/Content/uploads/2022625764/20220708182348fefe9733953445b1973d9d2889b15200.jpg]
[www.sali-group.com/pliers/pruning-saw/zinc-alloy-pruning-saw.html]
[www.sali-group.com/uploads/202227152/hand-saw01567250463.jpg]
[www.sali-group.com/uploads/202227152/small/hand-saw02081937748.jpg]
[www.sali-group.com/uploads/202227152/small/hand-saw10537109615.jpg]
[www.sali-group.com/uploads/202227152/small/hand-saw10492885160.jpg]
[www.sali-group.com/uploads/202227152/small/hand-saw10495385032.jpg]
[www.sali-group.com/Content/uploads/2022625764/202207051614465a0f04f6d1b74d699ef69c837bda1c9e.jpg]
[www.sali-group.com/Content/uploads/2022625764/20220705161909d788bfe8a2e14c84ad5d84dde153fad3.jpg]
[www.sali-group.com/Content/uploads/2022625764/202207051619205cd03ee3f0bf44ed9d8a4ecbf1a71bfd.jpg]
[www.sali-group.com/pliers/pruning-saw/plastic-hand-saw.html]
[www.sali-group.com/uploads/202127152/sali-pruning-saw-elbow-saw39228350098.jpg]
[www.sali-group.com/images/27152/other8300.css]
[www.sali-group.com/uploads/202127152/small/sali-pruning-saw-elbow-saw40002284479.jpg]
[www.sali-group.com/uploads/202127152/small/sali-pruning-saw-elbow-saw40094223599.jpg]
[www.sali-group.com/uploads/202127152/small/sali-pruning-saw-elbow-saw40360118062.jpg]
[www.sali-group.com/uploads/202127152/small/sali-pruning-saw-elbow-saw40432517786.jpg]
[www.sali-group.com/Content/uploads/2021625764/20211210134149a1e2a00c61fb4e7a8da41e0e277bc04a.jpg]
[www.sali-group.com/Content/uploads/2021625764/202112101341490d53cdb5e3244571b763773afbb7a1ca.jpg]
[www.sali-group.com/Content/uploads/2021625764/202112101341520a214f1fc106438b8d8f1b55aa4699b0.jpg]
[www.sali-group.com/Content/uploads/2021625764/202112101341527350a8eb755f4a0fb2cb5567e4deb085.jpg]
[www.sali-group.com/Content/uploads/2021625764/20211210134152e56e1c012f2245a1ac8926f5a96411ce.jpg]
[www.sali-group.com/Content/uploads/2021625764/20211210134332d2c4da8f8bf848d186b61d015f6993f7.jpg]
[www.sali-group.com/Content/uploads/2021625764/202112101343320402b9e64b304e9ba9a0e6159c435764.jpg]
[www.sali-group.com/Content/uploads/2021625764/20211210134332e0c9b06dfa974df9904bfed80c491b77.jpg]
[www.sali-group.com/Content/uploads/2021625764/202112101343366ccfea9c6c134b8280d85e800be150cc.jpg]
[www.sali-group.com/Content/uploads/2021625764/20211210134600d7a02489735544c5af125e58c9ee2670.jpg]
[www.sali-group.com/Content/uploads/2021625764/202112101346008147ddadad6543a4afd4aa07b35722d3.jpg]
[www.sali-group.com/Content/uploads/2021625764/202112101346035f7f54628fe846c6a6e2e073105d3306.jpg]
[www.sali-group.com/Content/uploads/2021625764/20211210134726c8e2ee25aeb54f08a7d01be52929b069.jpg]
[www.sali-group.com/Content/uploads/2021625764/20211210134726b6649407fcc0485cb3ac67388d8f19d0.jpg]
[www.sali-group.com/pliers/pruning-saw/sali-pruning-saw-elbow-saw.html]
[www.sali-group.com/uploads/202127152/sali-high-quality-garden-tools-bow-saw03498829108.jpg]
[www.sali-group.com/images/27152/other31f8.css]
[www.sali-group.com/uploads/202127152/small/sali-high-quality-garden-tools-bow-saw04020332997.jpg]
[www.sali-group.com/uploads/202127152/small/sali-high-quality-garden-tools-bow-saw04023614454.jpg]
[www.sali-group.com/uploads/202127152/small/sali-high-quality-garden-tools-bow-saw04028474165.jpg]
[www.sali-group.com/Content/uploads/2021625764/2021111914050869176ea01bcc416180ea2bacf8855e37.jpg]
[www.sali-group.com/Content/uploads/2021625764/20211119140441285ba88a56a94a5991ea6f2c831c3309.jpg]
[www.sali-group.com/Content/uploads/2021625764/202111191405431c800b5ddbd049e68e9289d0613cf905.jpg]
[www.sali-group.com/Content/uploads/2021625764/202111191405435cdefab2254946f4a289bd83b1732a69.jpg]
[www.sali-group.com/pliers/pruning-saw/sali-high-quality-garden-tools-bow-saw.html]
[www.sali-group.com/showroom/automatic-pump-control/index.html]
[www.sali-group.com/images/27152/other9537.css]
[www.sali-group.com/pliers/wrench/page-2/index.html]
[www.sali-group.com/images/27152/othere5ce.css]
[www.sali-group.com/images/27152/other249f.css]
[www.sali-group.com/uploads/202227152/heavy-duty-pipe-wrench16421373140.jpg]
[www.sali-group.com/images/27152/otheraccf.css]
[www.sali-group.com/uploads/202227152/small/heavy-duty-pipe-wrench18044843080.jpg]
[www.sali-group.com/uploads/202227152/small/heavy-duty-pipe-wrench18129293395.jpg]
[www.sali-group.com/uploads/202227152/small/heavy-duty-pipe-wrench18227284635.jpg]
[www.sali-group.com/uploads/202227152/small/heavy-duty-pipe-wrench18341733086.jpg]
[www.sali-group.com/uploads/202227152/small/heavy-duty-pipe-wrench18367123518.jpg]
[www.sali-group.com/uploads/202227152/small/heavy-duty-pipe-wrench18525613085.jpg]
[www.sali-group.com/Content/upload/2022625764/202210171451196618221.jpg]
[www.sali-group.com/Content/upload/2022625764/202210171451201475767.jpg]
[www.sali-group.com/Content/upload/2022625764/202210171451201917098.jpg]
[www.sali-group.com/Content/uploads/2022625764/202210171513125679011a3c664c1eb2e205bf5868b0a5.jpg]
[www.sali-group.com/Content/uploads/2022625764/2022101715141057bc6962be6a40bd832a27a3f8ef2d22.jpg]
[www.sali-group.com/pliers/wrench/heavy-duty-pipe-wrench.html]
[www.sali-group.com/uploads/202227152/sali-1-2-slider-driver-bar50536398303.jpg]
[www.sali-group.com/images/27152/otherb9ce.css]
[www.sali-group.com/Content/uploads/2022625764/202207271608469b752a1c658342cb8748e9e09c6c175b.png]
[www.sali-group.com/Content/uploads/2022625764/20220727160851e9ea8049a49b45c6bb20fa487e081002.png]
[www.sali-group.com/Content/upload/2022625764/202207271609132888558.jpg]
[www.sali-group.com/Content/upload/2022625764/202207271609501588357.jpg]
[www.sali-group.com/Content/upload/2022625764/202207271609503060939.jpg]
[www.sali-group.com/Content/upload/2022625764/202207271609508831694.jpg]
[www.sali-group.com/Content/upload/2022625764/202207271609515602449.jpg]
[www.sali-group.com/Content/upload/2022625764/202207271609517075031.jpg]
[www.sali-group.com/Content/upload/2022625764/202207271609513845786.jpg]
[www.sali-group.com/pliers/wrench/sali-1-2-slider-driver-bar.html]
[www.sali-group.com/uploads/202227152/sali-1-2-socket-wrench-extension-bar34440763919.jpg]
[www.sali-group.com/images/27152/other7182.css]
[www.sali-group.com/uploads/202227152/small/sali-1-2-socket-wrench-extension-bar36445919843.jpg]
[www.sali-group.com/Content/upload/2022625764/202207271541308010425.jpgquality=close.jpg]
[www.sali-group.com/Content/upload/2022625764/202207271541305566027.jpgquality=close.jpg]
[www.sali-group.com/Content/upload/2022625764/202207271541302837548.jpgquality=close.jpg]
[www.sali-group.com/Content/upload/2022625764/202207271541306096511.jpgquality=close.jpg]
[www.sali-group.com/Content/upload/2022625764/202207271541561215383.jpgquality=close.jpg]
[www.sali-group.com/Content/upload/2022625764/202207271541561529181.jpgquality=close.jpg]
[www.sali-group.com/Content/upload/2022625764/202207271139432820226.jpgquality=close.jpg]
[www.sali-group.com/Content/upload/2022625764/202207271139434135558.jpgquality=close.jpg]
[www.sali-group.com/Content/upload/2022625764/202207271139449435263.jpgquality=close.jpg]
[www.sali-group.com/Content/upload/2022625764/202207271139447020583.jpgquality=close.jpg]
[www.sali-group.com/Content/upload/2022625764/202207271139442565159.jpgquality=close.jpg]
[www.sali-group.com/Content/upload/2022625764/202207271139462093406.jpgquality=close.jpg]
[www.sali-group.com/Content/upload/2022625764/202207271139467109031.jpgquality=close.jpg]
[www.sali-group.com/pliers/wrench/sali-1-2-socket-wrench-extension-bar.html]
[www.sali-group.com/uploads/202227152/sali-l-type-wrench-driver-bar32060761042.jpg]
[www.sali-group.com/images/27152/otherc20c.css]
[www.sali-group.com/uploads/202227152/small/sali-l-type-wrench-driver-bar31360761056.jpg]
[www.sali-group.com/Content/uploads/2022625764/2022072711385271b11ee21da04dd7a7c439846ba36b08.png]
[www.sali-group.com/Content/upload/2022625764/202207271134417137990.jpgquality=close.jpg]
[www.sali-group.com/Content/upload/2022625764/202207271134418139524.jpgquality=close.jpg]
[www.sali-group.com/Content/upload/2022625764/202207271134415411045.jpgquality=close.jpg]
[www.sali-group.com/Content/upload/2022625764/202207271134422682567.jpgquality=close.jpg]
[www.sali-group.com/Content/upload/2022625764/202207271134428954088.jpgquality=close.jpg]
[www.sali-group.com/Content/upload/2022625764/202207271134427010457.jpgquality=close.jpg]
[www.sali-group.com/pliers/wrench/sali-l-type-wrench-driver-bar.html]
[www.sali-group.com/uploads/202227152/sali-4-way-cross-wrench-brace-socket-remover43093841261.jpg]
[www.sali-group.com/images/27152/other6a35.css]
[www.sali-group.com/uploads/202227152/small/sali-4-way-cross-wrench-brace-socket-remover43313685683.jpg]
[www.sali-group.com/uploads/202227152/small/sali-4-way-cross-wrench-brace-socket-remover43596341617.jpg]
[www.sali-group.com/Content/uploads/2022625764/20220725160215b1121e7dd1dc48e0b9488342605aed50.png]
[www.sali-group.com/Content/upload/2022625764/202207251602345890745.jpgquality=close.jpg]
[www.sali-group.com/Content/upload/2022625764/202207251602347363327.jpgquality=close.jpg]
[www.sali-group.com/Content/upload/2022625764/202207251602349904837.jpgquality=close.jpg]
[www.sali-group.com/Content/upload/2022625764/202207251602342377419.jpgquality=close.jpg]
[www.sali-group.com/Content/upload/2022625764/202207251602353162266.jpgquality=close.jpg]
[www.sali-group.com/Content/upload/2022625764/202207251602353663033.jpgquality=close.jpg]
[www.sali-group.com/Content/upload/2022625764/202207251602352691217.jpgquality=close.jpg]
[www.sali-group.com/pliers/wrench/sali-4-way-cross-wrench-brace-socket-remover.html]
[www.sali-group.com/pliers/wrench/sali-9-pcs-combination-spanner-set-industrial.html]
[www.sali-group.com/uploads/202227152/sali-y-t-y-pe-socket-wrench17212573189.jpg]
[www.sali-group.com/images/27152/otherb181.css]
[www.sali-group.com/uploads/202227152/small/sali-y-t-y-pe-socket-wrench17329291914.jpg]
[www.sali-group.com/uploads/202227152/small/sali-y-t-y-pe-socket-wrench17333510824.jpg]
[www.sali-group.com/uploads/202227152/small/sali-y-t-y-pe-socket-wrench17339604815.jpg]
[www.sali-group.com/Content/uploads/2022625764/20220725151905a868f96b1cdf44c19803d9a5912d2887.png]
[www.sali-group.com/Content/upload/2022625764/202207251518454992344.jpgquality=close.jpg]
[www.sali-group.com/Content/upload/2022625764/202207251518456464927.jpgquality=close.jpg]
[www.sali-group.com/Content/upload/2022625764/202207251518453235682.jpgquality=close.jpg]
[www.sali-group.com/Content/upload/2022625764/202207251518454708264.jpgquality=close.jpg]
[www.sali-group.com/Content/upload/2022625764/202207251528417850371.jpgquality=close.jpg]
[www.sali-group.com/Content/upload/2022625764/202207251528414337046.jpgquality=close.jpg]
[www.sali-group.com/Content/upload/2022625764/202207251528411107801.jpgquality=close.jpg]
[www.sali-group.com/Content/upload/2022625764/202207251528416878555.jpgquality=close.jpg]
[www.sali-group.com/Content/upload/2022625764/202207251528418351138.jpgquality=close.jpg]
[www.sali-group.com/Content/upload/2022625764/202207251528415121893.jpgquality=close.jpg]
[www.sali-group.com/Content/upload/2022625764/202207251528413365230.jpgquality=close.jpg]
[www.sali-group.com/pliers/wrench/sali-y-t-y-pe-socket-wrench.html]
[www.sali-group.com/uploads/202227152/sali-tools-t-handle-socket-wrench43472385419.jpg]
[www.sali-group.com/images/27152/other1506.css]
[www.sali-group.com/uploads/202227152/small/sali-tools-t-handle-socket-wrench45526760570.jpg]
[www.sali-group.com/uploads/202227152/small/sali-tools-t-handle-socket-wrench45534572929.jpg]
[www.sali-group.com/uploads/202227152/small/sali-tools-t-handle-socket-wrench45594885455.jpg]
[www.sali-group.com/uploads/202227152/small/sali-tools-t-handle-socket-wrench45597072952.jpg]
[www.sali-group.com/uploads/202227152/small/sali-tools-t-handle-socket-wrench01019988984.jpg]
[www.sali-group.com/Content/upload/2022625764/202207251458528306713.jpgquality=close.jpg]
[www.sali-group.com/Content/upload/2022625764/202207251458539435075.jpgquality=close.jpg]
[www.sali-group.com/Content/upload/2022625764/202207251458543349818.jpgquality=close.jpg]
[www.sali-group.com/Content/upload/2022625764/202207251458559964855.jpgquality=close.jpg]
[www.sali-group.com/Content/upload/2022625764/202207251458557579893.pngquality=close.jpg]
[www.sali-group.com/Content/upload/2022625764/202207251458567736439.jpgquality=close.jpg]
[www.sali-group.com/Content/upload/2022625764/202207251458573094047.jpgquality=close.jpg]
[www.sali-group.com/Content/upload/2022625764/202207251458579896053.jpgquality=close.jpg]
[www.sali-group.com/Content/upload/2022625764/202207251500071004482.jpgquality=close.jpg]
[www.sali-group.com/Content/upload/2022625764/202207251500087118753.jpgquality=close.jpg]
[www.sali-group.com/Content/upload/2022625764/202207251500085675888.jpgquality=close.jpg]
[www.sali-group.com/Content/upload/2022625764/202207251500093448176.jpgquality=close.jpg]
[www.sali-group.com/Content/upload/2022625764/202207251500106392637.jpgquality=close.jpg]
[www.sali-group.com/Content/upload/2022625764/202207251500118836331.jpgquality=close.jpg]
[www.sali-group.com/pliers/wrench/sali-tools-t-handle-socket-wrench.html]
[www.sali-group.com/uploads/202127152/sali-12pcs-25pcs-50bv30-socket-set11026906406.jpg]
[www.sali-group.com/uploads/202127152/small/sali-12pcs-25pcs-50bv30-socket-set12413706432.jpg]
[www.sali-group.com/uploads/202127152/small/sali-12pcs-25pcs-50bv30-socket-set12418216417.jpg]
[www.sali-group.com/uploads/202127152/small/sali-12pcs-25pcs-50bv30-socket-set13029266431.jpg]
[www.sali-group.com/uploads/202127152/small/sali-12pcs-25pcs-50bv30-socket-set13101966401.jpg]
[www.sali-group.com/Content/uploads/2021625764/20210806150949bfab34f0de88418580b6a850d8f3aef2.jpg]
[www.sali-group.com/Content/uploads/2021625764/20210806150755c2330860e1334a5490be9e787add2d97.jpg]
[www.sali-group.com/Content/uploads/2021625764/20210806150756db69e3876d42490bab06a357ee98bd19.jpg]
[www.sali-group.com/Content/uploads/2021625764/202108061506062125d1632e27406a90223224d38d6957.jpg]
[www.sali-group.com/Content/uploads/2021625764/2021080615061960912819f89a43228400c0bc7c8a57f3.jpg]
[www.sali-group.com/Content/uploads/2021625764/20210806150640d6120f24c7e54c0ca2965a86d81ce870.jpg]
[www.sali-group.com/pliers/wrench/sali-12pcs-25pcs-50bv30-socket-set.html]
[www.sali-group.com/uploads/202227152/sali-25pcs-1-2-socket-set00293006058.jpg]
[www.sali-group.com/images/27152/other51cd.css]
[www.sali-group.com/uploads/202227152/small/sali-25pcs-1-2-socket-set01469327953.jpg]
[www.sali-group.com/uploads/202227152/small/sali-25pcs-1-2-socket-set02169483775.jpg]
[www.sali-group.com/uploads/202227152/small/sali-25pcs-1-2-socket-set02390891731.jpg]
[www.sali-group.com/uploads/202227152/small/sali-25pcs-1-2-socket-set03030108917.jpg]
[www.sali-group.com/uploads/202227152/small/sali-25pcs-1-2-socket-set03142765037.jpg]
[www.sali-group.com/uploads/202227152/small/sali-25pcs-1-2-socket-set03258702617.jpg]
[www.sali-group.com/Content/upload/2022625764/202207221006305200202.jpg]
[www.sali-group.com/Content/upload/2022625764/202207221006316358282.jpg]
[www.sali-group.com/Content/upload/2022625764/202207221006317172847.jpg]
[www.sali-group.com/Content/upload/2022625764/202207221006323001503.jpg]
[www.sali-group.com/Content/upload/2022625764/202207221006325886528.jpg]
[www.sali-group.com/Content/upload/2022625764/202207221006337986707.jpg]
[www.sali-group.com/Content/upload/2022625764/202207221006344816897.jpg]
[www.sali-group.com/Content/upload/2022625764/202207221006341931167.jpg]
[www.sali-group.com/Content/upload/2022625764/202207221006352274683.jpg]
[www.sali-group.com/Content/upload/2022625764/202207221006351145616.jpg]
[www.sali-group.com/pliers/wrench/sali-25pcs-1-2-socket-set.html]
[www.sali-group.com/pliers/wrench/page-3/index.html]
[www.sali-group.com/images/27152/other25c8.css]
[www.sali-group.com/showroom/t-c-t-saw-blade/index.html]
[www.sali-group.com/images/27152/other4786.css]
[www.sali-group.com/images/27152/other906f.css]
[www.sali-group.com/uploads/202327152/screwdriver-bit-setaeb24f17-657e-4e91-80bb-813b67da3e6e.jpg]
[www.sali-group.com/images/27152/otheraf3c.css]
[www.sali-group.com/uploads/202327152/small/screwdriver-bit-sete951b402-7457-4d90-bda4-c411dd38b5b9.jpg]
[www.sali-group.com/uploads/202327152/small/screwdriver-bit-sete804a21b-b9b0-4f50-b184-ee1eb911040e.jpg]
[www.sali-group.com/uploads/202327152/small/screwdriver-bit-setb3c8a4c1-9ab2-4ea0-b21a-9710c1845a40.jpg]
[www.sali-group.com/uploads/202327152/small/screwdriver-bit-set033e2a61-7555-4b73-9c44-fc39e0d8d87e.jpg]
[www.sali-group.com/uploads/202327152/small/screwdriver-bit-seta926da41-9a16-412e-a0e3-ed7a4ee7ce73.jpg]
[www.sali-group.com/Content/uploads/2023625764/202307121507013f6a00c129234d8aa3ea8aa48f0aa0ad.jpg]
[www.sali-group.com/Content/uploads/2023625764/20230712150708f2dd26226a7744cb983d62f2ce18e0cd.jpg]
[www.sali-group.com/Content/uploads/2023625764/20230712150721990c361a90f0494ab69a2b03a7fe607d.jpg]
[www.sali-group.com/Content/uploads/2023625764/202307121507283d080b1a9ad044b4a08b49b141fc2138.jpg]
[www.sali-group.com/Content/uploads/2023625764/20230712150746f7dbee4ebf574659b675852bb8733cef.jpg]
[www.sali-group.com/Content/uploads/2023625764/20230712150833507f7a87e192453c98e4b68034bf6707.jpg]
[www.sali-group.com/Content/uploads/2023625764/202307121509081c1159472e1e4c2caeaea03cf19ab886.jpg]
[www.sali-group.com/Content/uploads/2023625764/20230712150933b31e0acc512a476eb047ced172fe5bc9.jpg]
[www.sali-group.com/Content/uploads/2023625764/20230712150941b3f3799e3516436c8a3940b308623dbf.jpg]
[www.sali-group.com/Content/uploads/2023625764/2023071215094803a4540a9e5449e78149f43a5554ae86.jpg]
[www.sali-group.com/Content/uploads/2023625764/2023071215101315d7ece66a224a17966c9482614de18c.jpg]
[www.sali-group.com/Content/uploads/2023625764/20230712151504c73dcd0d44bf4c05b37219e3aa6ad7e7.jpg]
[www.sali-group.com/Content/uploads/2023625764/2023071215150342548a48b60346fc92701476766f3688.jpg]
[www.sali-group.com/Content/uploads/2023625764/2023071215150489ed1cba093f402bbb67af2feaa6157e.jpg]
[www.sali-group.com/Content/uploads/2023625764/20230712151504819fcec5846f4c358c9498e558b844fa.jpg]
[www.sali-group.com/pliers/screw-driver/screwdriver-bit-set.html]
[www.sali-group.com/uploads/202227152/test-pen39090977515.jpg]
[www.sali-group.com/images/27152/other14e7.css]
[www.sali-group.com/uploads/202227152/small/test-pen42023321043.jpg]
[www.sali-group.com/uploads/202227152/small/test-pen42097852107.jpg]
[www.sali-group.com/uploads/202227152/small/test-pen42227071213.jpg]
[www.sali-group.com/uploads/202227152/small/test-pen42304102321.jpg]
[www.sali-group.com/Content/uploads/2022625764/20220824154742fcbba82cb30442e28b442da1efdab844.jpg]
[www.sali-group.com/Content/upload/2023625764/202302141009188408608.jpg]
[www.sali-group.com/Content/upload/2023625764/202302141009193736497.jpg]
[www.sali-group.com/Content/upload/2023625764/202302141009191508786.jpg]
[www.sali-group.com/Content/upload/2023625764/202302141009196808492.jpg]
[www.sali-group.com/pliers/screw-driver/test-pen.html]
[www.sali-group.com/uploads/202227152/sali-tools-6-pcs-screwdriver-set-magnetic51034995595.jpg]
[www.sali-group.com/images/27152/othercabf.css]
[www.sali-group.com/uploads/202227152/small/sali-tools-6-pcs-screwdriver-set-magnetic51173969782.jpg]
[www.sali-group.com/uploads/202227152/small/sali-tools-6-pcs-screwdriver-set-magnetic51242875405.jpg]
[www.sali-group.com/uploads/202227152/small/sali-tools-6-pcs-screwdriver-set-magnetic51279750693.jpg]
[www.sali-group.com/uploads/202227152/small/sali-tools-6-pcs-screwdriver-set-magnetic51359437847.jpg]
[www.sali-group.com/Content/upload/2022625764/202208031406277941686.jpg]
[www.sali-group.com/Content/upload/2022625764/202208031406279414269.jpg]
[www.sali-group.com/Content/upload/2022625764/202208031406276185023.jpg]
[www.sali-group.com/Content/upload/2022625764/202208031414047039107.jpg]
[www.sali-group.com/Content/upload/2022625764/202208031414045282444.jpg]
[www.sali-group.com/Content/upload/2022625764/202208031414042053199.jpg]
[www.sali-group.com/Content/upload/2022625764/202208031414047823954.jpg]
[www.sali-group.com/Content/upload/2022625764/202208031414046067291.jpg]
[www.sali-group.com/pliers/screw-driver/sali-tools-6-pcs-screwdriver-set-magnetic.html]
[www.sali-group.com/uploads/202227152/sali-magnetic-screwdriver-set-ph2-6-100mm-cr31000186786.jpg]
[www.sali-group.com/images/27152/otherb9c9.css]
[www.sali-group.com/uploads/202227152/small/sali-magnetic-screwdriver-set-ph2-6-100mm-cr31300812229.jpg]
[www.sali-group.com/uploads/202227152/small/sali-magnetic-screwdriver-set-ph2-6-100mm-cr32077687220.jpg]
[www.sali-group.com/Content/upload/2022625764/202208031137558499892.jpg]
[www.sali-group.com/Content/upload/2022625764/202208031137566428727.jpg]
[www.sali-group.com/Content/upload/2022625764/202208031137571629083.jpg]
[www.sali-group.com/Content/upload/2022625764/202208031137586958507.jpg]
[www.sali-group.com/Content/upload/2022625764/202208031137581030501.jpg]
[www.sali-group.com/Content/upload/2022625764/202208031159007954333.jpg]
[www.sali-group.com/Content/upload/2022625764/202208031159008739180.jpg]
[www.sali-group.com/Content/upload/2022625764/202208031159001211762.jpg]
[www.sali-group.com/Content/upload/2022625764/202208031159006982517.jpg]
[www.sali-group.com/Content/upload/2022625764/202208031159005225854.jpg]
[www.sali-group.com/Content/upload/2022625764/202208031159003469192.jpg]
[www.sali-group.com/pliers/screw-driver/sali-magnetic-screwdriver-set-ph2-6-100mm-cr.html]
[www.sali-group.com/uploads/202227152/sali-magnetic-screwdriver-double-color38541159460.jpg]
[www.sali-group.com/images/27152/other55fb.css]
[www.sali-group.com/uploads/202227152/small/sali-magnetic-screwdriver-double-color44271627921.jpg]
[www.sali-group.com/uploads/202227152/small/sali-magnetic-screwdriver-double-color44266315697.jpg]
[www.sali-group.com/uploads/202227152/small/sali-magnetic-screwdriver-double-color44260847007.jpg]
[www.sali-group.com/uploads/202227152/small/sali-magnetic-screwdriver-double-color44276940418.jpg]
[www.sali-group.com/uploads/202227152/small/sali-magnetic-screwdriver-double-color44456628683.jpg]
[www.sali-group.com/uploads/202227152/small/sali-magnetic-screwdriver-double-color44577878370.jpg]
[www.sali-group.com/Content/upload/2022625764/202207291649215654518.jpg]
[www.sali-group.com/Content/upload/2022625764/202207291649227283647.jpg]
[www.sali-group.com/Content/upload/2022625764/202207291649227096678.jpg]
[www.sali-group.com/Content/upload/2022625764/202207291649233926868.jpg]
[www.sali-group.com/Content/upload/2022625764/202207291649243769617.jpg]
[www.sali-group.com/Content/upload/2022625764/202207291700035159415.jpg]
[www.sali-group.com/Content/upload/2022625764/202207291700033402752.jpg]
[www.sali-group.com/Content/upload/2022625764/202207291700039173507.jpg]
[www.sali-group.com/Content/upload/2022625764/202207291700031646090.jpg]
[www.sali-group.com/pliers/screw-driver/sali-magnetic-screwdriver-double-color.html]
[www.sali-group.com/uploads/202227152/sali-screwdriver-set-head22129354809.jpg]
[www.sali-group.com/images/27152/other40d4.css]
[www.sali-group.com/uploads/202227152/small/sali-screwdriver-set-head22233729781.jpg]
[www.sali-group.com/uploads/202227152/small/sali-screwdriver-set-head22475136204.jpg]
[www.sali-group.com/uploads/202227152/small/sali-screwdriver-set-head22481385994.jpg]
[www.sali-group.com/uploads/202227152/small/sali-screwdriver-set-head22479667432.jpg]
[www.sali-group.com/Content/uploads/2022625764/2022033115190466cb61a2289e4dcea278f3bc396df4d8.jpg]
[www.sali-group.com/Content/uploads/2022625764/202203311519056a9308cc197e48fcbdc79ec4e45ede5a.jpg]
[www.sali-group.com/Content/uploads/2022625764/2022033115190569b4cc375b03444e95e06ed65cbade0a.jpg]
[www.sali-group.com/Content/uploads/2022625764/202203311519067a32f500ee3549448f65d3558b88995f.jpg]
[www.sali-group.com/pliers/screw-driver/sali-screwdriver-set-head.html]
[www.sali-group.com/uploads/202227152/sali-tpr-safe-and-comfortable-handle15305907278.jpg]
[www.sali-group.com/images/27152/otherb864.css]
[www.sali-group.com/uploads/202227152/small/sali-tpr-safe-and-comfortable-handle15543876023.jpg]
[www.sali-group.com/uploads/202227152/small/sali-tpr-safe-and-comfortable-handle15547469744.jpg]
[www.sali-group.com/uploads/202227152/small/sali-tpr-safe-and-comfortable-handle15567158011.jpg]
[www.sali-group.com/uploads/202227152/small/sali-tpr-safe-and-comfortable-handle15550751053.jpg]
[www.sali-group.com/uploads/202227152/small/sali-tpr-safe-and-comfortable-handle15557938723.jpg]
[www.sali-group.com/Content/uploads/2022625764/202203311516381968479bc2b741fa8bff3a98d5332ebd.jpg]
[www.sali-group.com/Content/uploads/2022625764/2022033115163803ad2f42ea264158835da563d8d84608.jpg]
[www.sali-group.com/Content/uploads/2022625764/202203311516392ce8cd123f1e458fb80894114b7fe273.jpg]
[www.sali-group.com/Content/uploads/2022625764/20220331151639e723d384471b4ea9b68a8821c58b5343.jpg]
[www.sali-group.com/pliers/screw-driver/sali-tpr-safe-and-comfortable-handle.html]
[www.sali-group.com/uploads/202227152/sali-screwdriver-bits-with-magnet-circle29115783990.jpg]
[www.sali-group.com/images/27152/othera370.css]
[www.sali-group.com/uploads/202227152/small/sali-screwdriver-bits-with-magnet-circle04047898461.jpg]
[www.sali-group.com/uploads/202227152/small/sali-screwdriver-bits-with-magnet-circle04074616960.jpg]
[www.sali-group.com/uploads/202227152/small/sali-screwdriver-bits-with-magnet-circle04094929335.jpg]
[www.sali-group.com/Content/uploads/2022625764/202203121108028485f7c3a5b74147889492e08186ab87.jpg]
[www.sali-group.com/Content/uploads/2022625764/202203121109432d45c04ca61f43418fed0be203249389.jpg]
[www.sali-group.com/Content/uploads/2022625764/202203121111039e70de1bca714ba088a2e18784904d02.jpg]
[www.sali-group.com/Content/uploads/2022625764/20220312111104ca7bb8a9fb294522b931ff52fecd1c9e.jpg]
[www.sali-group.com/pliers/screw-driver/sali-screwdriver-bits-with-magnet-circle.html]
[www.sali-group.com/uploads/202127152/sali-new-arrive-pp-handle-screwdrive-2-in-122379948774.jpg]
[www.sali-group.com/images/27152/other8299.css]
[www.sali-group.com/uploads/202127152/small/sali-new-arrive-pp-handle-screwdrive-2-in-122572028825.jpg]
[www.sali-group.com/uploads/202127152/small/sali-new-arrive-pp-handle-screwdrive-2-in-122574939676.jpg]
[www.sali-group.com/uploads/202127152/small/sali-new-arrive-pp-handle-screwdrive-2-in-122581438777.jpg]
[www.sali-group.com/uploads/202127152/small/sali-new-arrive-pp-handle-screwdrive-2-in-123127289166.jpg]
[www.sali-group.com/uploads/202127152/small/sali-new-arrive-pp-handle-screwdrive-2-in-123129568743.jpg]
[www.sali-group.com/pliers/screw-driver/sali-new-arrive-pp-handle-screwdrive-2-in-1.html]
[www.sali-group.com/showroom/abs-tpr-utility-knife/index.html]
[www.sali-group.com/images/27152/other9738.css]
[www.sali-group.com/images/27152/otherbc39.css]
[www.sali-group.com/uploads/202227152/parellel-frame-caulking-gun02257688854.jpg]
[www.sali-group.com/images/27152/other4677.css]
[www.sali-group.com/uploads/202227152/small/parellel-frame-caulking-gun02473469709.jpg]
[www.sali-group.com/uploads/202227152/small/parellel-frame-caulking-gun02482532189.jpg]
[www.sali-group.com/Content/uploads/2022625764/2022083010045324b1f1df0c6649e0a87af2170a3e3d6b.jpg]
[www.sali-group.com/Content/uploads/2022625764/202208301009592752c95a666b449c86c6b1f98dace6df.jpg]
[www.sali-group.com/Content/uploads/2022625764/20220830101010338a3a1e214f490e821422a685d85546.jpg]
[www.sali-group.com/pliers/caluking-gun/parellel-frame-caulking-gun.html]
[www.sali-group.com/uploads/202227152/half-round-caulking-gun45109088886.jpg]
[www.sali-group.com/images/27152/other9947.css]
[www.sali-group.com/uploads/202227152/small/half-round-caulking-gun45407526344.jpg]
[www.sali-group.com/uploads/202227152/small/half-round-caulking-gun46005338379.jpg]
[www.sali-group.com/uploads/202227152/small/half-round-caulking-gun46009400868.jpg]
[www.sali-group.com/Content/uploads/2022625764/20220830095306d8d35ce3d544404e9bbbf1d92a0a3daf.jpg]
[www.sali-group.com/Content/upload/2022625764/202208300956465913886.jpg]
[www.sali-group.com/Content/upload/2022625764/202208300956476100151.jpg]
[www.sali-group.com/pliers/caluking-gun/half-round-caulking-gun.html]
[www.sali-group.com/uploads/202227152/aluminum-barrel-caulking-gun-15-48128629462.jpg]
[www.sali-group.com/images/27152/other66cf.css]
[www.sali-group.com/uploads/202227152/small/aluminum-barrel-caulking-gun-15-48383795573.jpg]
[www.sali-group.com/uploads/202227152/small/aluminum-barrel-caulking-gun-15-48395358024.jpg]
[www.sali-group.com/uploads/202227152/small/aluminum-barrel-caulking-gun-15-48391451957.jpg]
[www.sali-group.com/Content/uploads/2022625764/2022033014593099040f0d32a8436d83041be13659a5cf.jpg]
[www.sali-group.com/Content/uploads/2022625764/20220829163420961a22d26149447a923b12a3804c2d6f.jpg]
[www.sali-group.com/Content/uploads/2022625764/2022082916343262d3dd9be1a7422da575f529d141b0a3.jpg]
[www.sali-group.com/pliers/caluking-gun/aluminum-barrel-caulking-gun-15.html]
[www.sali-group.com/uploads/202227152/sali-popular-type-glue-gun20569923911.jpg]
[www.sali-group.com/images/27152/othereb66.css]
[www.sali-group.com/uploads/202227152/small/sali-popular-type-glue-gun45481461618.jpg]
[www.sali-group.com/uploads/202227152/small/sali-popular-type-glue-gun45482555437.jpg]
[www.sali-group.com/pliers/caluking-gun/sali-popular-type-glue-gun.html]
[www.sali-group.com/uploads/202227152/heavy-duty-caulking-gun17190856743.jpg]
[www.sali-group.com/images/27152/otherb977.css]
[www.sali-group.com/uploads/202227152/small/heavy-duty-caulking-gun17430544880.jpg]
[www.sali-group.com/uploads/202227152/small/heavy-duty-caulking-gun18081325852.jpg]
[www.sali-group.com/uploads/202227152/small/heavy-duty-caulking-gun18191482076.jpg]
[www.sali-group.com/Content/uploads/2022625764/20220829152058f6d17b757e9549b7989e6a7b525f2906.jpg]
[www.sali-group.com/Content/uploads/2022625764/202208291600110c38a275ebfa4c15bef9bdb377dd3f04.jpg]
[www.sali-group.com/Content/uploads/2022625764/202208291600178c7d4bbe63e641379221762c22eacb4e.jpg]
[www.sali-group.com/pliers/caluking-gun/heavy-duty-caulking-gun.html]
[www.sali-group.com/showroom/cutting-disc-for-metal/index.html]
[www.sali-group.com/images/27152/other9b53.css]
[www.sali-group.com/images/27152/otherc463.css]
[www.sali-group.com/uploads/202227152/sali-hand-riveter-9-5-inch901e1ce9-1244-4663-a8db-c4c17607db2d.jpg]
[www.sali-group.com/images/27152/otherb860.css]
[www.sali-group.com/uploads/202227152/small/sali-hand-riveter-9-5-inch51285e1c-53c0-4a2c-9856-50fccb8fb1a5.jpg]
[www.sali-group.com/uploads/202227152/small/sali-hand-riveter-9-5-inchba28ef15-9efe-4b34-b126-d5ba00039a71.jpg]
[www.sali-group.com/uploads/202227152/small/sali-hand-riveter-9-5-inch4314c9d3-dcdf-48fd-8346-458e7752f75d.jpg]
[www.sali-group.com/uploads/202227152/small/sali-hand-riveter-9-5-inchd940ddac-0f29-4cbe-bd71-ba6bcf4b11b4.jpg]
[www.sali-group.com/uploads/202227152/small/sali-hand-riveter-9-5-inchcaaac8e2-97e7-414e-9c33-31a9dd0f9fd5.jpg]
[www.sali-group.com/Content/uploads/2022625764/202212191038349108df6d60f943f8a4305266bc9ee8ee.jpg]
[www.sali-group.com/Content/uploads/2022625764/20221219103844c12dd4fdef364a59893afcd11121c0d2.jpg]
[www.sali-group.com/Content/uploads/2022625764/20221219103948359af9988bd34e55aa4ba6f66ac04751.jpg]
[www.sali-group.com/Content/uploads/2022625764/202212191041187159f5c27e6c48098d705b4a789644f5.jpg]
[www.sali-group.com/Content/uploads/2022625764/202212191041232f1b58a0a87e4be38df97f42ee926c2e.jpg]
[www.sali-group.com/pliers/hand-riveter/sali-hand-riveter.html]
[www.sali-group.com/uploads/202227152/lazy-tong-hand-riveter39346513803.jpg]
[www.sali-group.com/images/27152/otherec4a.css]
[www.sali-group.com/uploads/202227152/small/lazy-tong-hand-riveter41290273703.jpg]
[www.sali-group.com/uploads/202227152/small/lazy-tong-hand-riveter42572773554.jpg]
[www.sali-group.com/uploads/202227152/small/lazy-tong-hand-riveter43212305120.jpg]
[www.sali-group.com/uploads/202227152/small/lazy-tong-hand-riveter43308398721.jpg]
[www.sali-group.com/uploads/202227152/small/lazy-tong-hand-riveter43552461437.jpg]
[www.sali-group.com/uploads/202227152/small/lazy-tong-hand-riveter44038242602.jpg]
[www.sali-group.com/uploads/202227152/small/lazy-tong-hand-riveter44158555118.jpg]
[www.sali-group.com/uploads/202227152/small/lazy-tong-hand-riveter44371211075.jpg]
[www.sali-group.com/Content/uploads/2022625764/20220916164508565c92be20ba4ed686f6daf596012bc0.jpg]
[www.sali-group.com/pliers/hand-riveter/lazy-tong-hand-riveter.html]
[www.sali-group.com/uploads/202227152/hand-riveter-13inch24158572899.jpg]
[www.sali-group.com/images/27152/other7810.css]
[www.sali-group.com/uploads/202227152/small/hand-riveter-13inch24506074083.jpg]
[www.sali-group.com/uploads/202227152/small/hand-riveter-13inch27004667240.jpg]
[www.sali-group.com/uploads/202227152/small/hand-riveter-13inch27056072966.jpg]
[www.sali-group.com/uploads/202227152/small/hand-riveter-13inch27160604166.jpg]
[www.sali-group.com/uploads/202227152/small/hand-riveter-13inch27172947846.jpg]
[www.sali-group.com/Content/uploads/2022625764/20220916162847df3f644ccb4f4f09a7c380b6dfe2ac5e.jpg]
[www.sali-group.com/pliers/hand-riveter/hand-riveter-13inch.html]
[www.sali-group.com/uploads/202227152/aluminum-hand-riveter03044216251.jpg]
[www.sali-group.com/images/27152/other6988.css]
[www.sali-group.com/uploads/202227152/small/aluminum-hand-riveter03269215925.jpg]
[www.sali-group.com/uploads/202227152/small/aluminum-hand-riveter03313747276.jpg]
[www.sali-group.com/uploads/202227152/small/aluminum-hand-riveter03431247302.jpg]
[www.sali-group.com/uploads/202227152/small/aluminum-hand-riveter03487653647.jpg]
[www.sali-group.com/uploads/202227152/small/aluminum-hand-riveter03547966424.jpg]
[www.sali-group.com/uploads/202227152/small/aluminum-hand-riveter10249386997.jpg]
[www.sali-group.com/uploads/202227152/small/aluminum-hand-riveter10310168503.jpg]
[www.sali-group.com/uploads/202227152/small/aluminum-hand-riveter10360949589.jpg]
[www.sali-group.com/Content/uploads/2022625764/202209161605193c57a5cb94ab4b009adccb3d2f195d27.jpg]
[www.sali-group.com/pliers/hand-riveter/aluminum-hand-riveter.html]
[www.sali-group.com/uploads/202227152/hand-riveter-10-5-inch28215327981.jpg]
[www.sali-group.com/images/27152/otherc29a.css]
[www.sali-group.com/uploads/202227152/small/hand-riveter-10-5-inch28354703002.jpg]
[www.sali-group.com/uploads/202227152/small/hand-riveter-10-5-inch28357671846.jpg]
[www.sali-group.com/uploads/202227152/small/hand-riveter-10-5-inch28359233885.jpg]
[www.sali-group.com/uploads/202227152/small/hand-riveter-10-5-inch28366734260.jpg]
[www.sali-group.com/uploads/202227152/small/hand-riveter-10-5-inch28377359395.jpg]
[www.sali-group.com/Content/uploads/2022625764/202209121130200e051361b9b44851bbba9fb203a64b2d.jpg]
[www.sali-group.com/pliers/hand-riveter/hand-riveter-10-5-inch.html]
[www.sali-group.com/uploads/202227152/hand-riveter-9-5-inch10380015594.jpg]
[www.sali-group.com/images/27152/other8e43.css]
[www.sali-group.com/uploads/202227152/small/hand-riveter-9-5-inch12248296762.jpg]
[www.sali-group.com/uploads/202227152/small/hand-riveter-9-5-inch12254234185.jpg]
[www.sali-group.com/uploads/202227152/small/hand-riveter-9-5-inch12250171864.jpg]
[www.sali-group.com/Content/uploads/2022625764/20220912111726d6ffedfe5206476a83c7ddd760f2b1e4.jpg]
[www.sali-group.com/pliers/hand-riveter/hand-riveter-9-5-inch.html]
[www.sali-group.com/pliers/other-tools/sali-tools-box.html]
[www.sali-group.com/uploads/202227152/sali-hand-riveter-durable-and-well-stocked09429413675.jpg]
[www.sali-group.com/images/27152/other3ea9.css]
[www.sali-group.com/uploads/202227152/small/sali-hand-riveter-durable-and-well-stocked09553007334.jpg]
[www.sali-group.com/uploads/202227152/small/sali-hand-riveter-durable-and-well-stocked10059413900.jpg]
[www.sali-group.com/uploads/202227152/small/sali-hand-riveter-durable-and-well-stocked10171132394.jpg]
[www.sali-group.com/Content/uploads/2022625764/2022033015133537648e49561c4dd7a6695455654df859.jpg]
[www.sali-group.com/Content/uploads/2022625764/202203301513359b1d0c33d6fc42be814d39f4276b2711.jpg]
[www.sali-group.com/Content/uploads/2022625764/202203301513353fff19951e814e6393b75c5a1e6cfe5f.jpg]
[www.sali-group.com/Content/uploads/2022625764/202203301513363e46c003f6874d558ad6d838f4cff0e8.jpg]
[www.sali-group.com/pliers/hand-riveter/sali-hand-riveter-durable-and-well-stocked.html]
[www.sali-group.com/showroom/4-inch-t42-grinding-wheel-for-metal/index.html]
[www.sali-group.com/images/27152/other2ac7.css]
[www.sali-group.com/showroom/continuous-rim-diamond-saw-blade/index.html]
[www.sali-group.com/images/27152/otheraae5.css]
[www.sali-group.com/uploads/202227152/sali-wood-chisel-plastic-handle-and-wood23353665023.jpg]
[www.sali-group.com/images/27152/otherc671.css]
[www.sali-group.com/uploads/202227152/small/sali-wood-chisel-plastic-handle-and-wood24365540116.jpg]
[www.sali-group.com/uploads/202227152/small/sali-wood-chisel-plastic-handle-and-wood24368195915.jpg]
[www.sali-group.com/uploads/202227152/small/sali-wood-chisel-plastic-handle-and-wood24372258471.jpg]
[www.sali-group.com/uploads/202227152/small/sali-wood-chisel-plastic-handle-and-wood25033664614.jpg]
[www.sali-group.com/uploads/202227152/small/sali-wood-chisel-plastic-handle-and-wood25038508357.jpg]
[www.sali-group.com/uploads/202227152/small/sali-wood-chisel-plastic-handle-and-wood25043821235.jpg]
[www.sali-group.com/Content/uploads/2022625764/20220330152547be1308b122da4adea8bf0fa4c1e2a289.jpg]
[www.sali-group.com/Content/uploads/2022625764/20220330152548eac840d463ca4ebb8d76aa193f03e914.jpg]
[www.sali-group.com/Content/uploads/2022625764/202203301525489b550cc6c8984b95aecfe0df5bcc6c23.jpg]
[www.sali-group.com/Content/uploads/2022625764/20220330152548919c76fec8d04c47bf2b06242066244a.jpg]
[www.sali-group.com/Content/uploads/2022625764/202203301525492b58484e42e4498492ebb29fe52f0592.jpg]
[www.sali-group.com/Content/uploads/2022625764/20220330152617ebdf7a5a430643c59ec99d872137d089.jpg]
[www.sali-group.com/pliers/wood-chisel/sali-wood-chisel-plastic-handle-and-wood.html]
[www.sali-group.com/showroom/peripheral-pump/index.html]
[www.sali-group.com/images/27152/otherc9c8.css]
[www.sali-group.com/images/27152/othere74e.css]
[www.sali-group.com/uploads/202227152/aluminum-spirit-level59533537924.jpg]
[www.sali-group.com/images/27152/other239a.css]
[www.sali-group.com/uploads/202227152/small/aluminum-spirit-level00485100934.jpg]
[www.sali-group.com/uploads/202227152/small/aluminum-spirit-level00501977002.jpg]
[www.sali-group.com/uploads/202227152/small/aluminum-spirit-level00497757375.jpg]
[www.sali-group.com/uploads/202227152/small/aluminum-spirit-level01011039931.jpg]
[www.sali-group.com/uploads/202227152/small/aluminum-spirit-level01019946232.jpg]
[www.sali-group.com/Content/uploads/2022625764/20221111110752923d92aaa63844389f4cdb2017aaa8b5.jpg]
[www.sali-group.com/Content/uploads/2022625764/2022111111111106e60f30dedb453a9bb57c301250b2ee.jpg]
[cdn.seo.com.cn/Content/uploads/ueicon/tel.png]
[cdn.seo.com.cn/Content/uploads/ueicon/phone.png]
[cdn.seo.com.cn/Content/uploads/ueicon/envelope.png]
[cdn.seo.com.cn/Content/uploads/ueicon/fax.png]
[cdn.seo.com.cn/Content/uploads/ueicon/address.png]
[www.sali-group.com/pliers/measuring-tools/aluminum-spirit-level.html]
[www.sali-group.com/uploads/202227152/magnetic-spirit-level05517150716.jpg]
[www.sali-group.com/images/27152/other9441.css]
[www.sali-group.com/uploads/202227152/small/magnetic-spirit-level06240902015.jpg]
[www.sali-group.com/uploads/202227152/small/magnetic-spirit-level06246839183.jpg]
[www.sali-group.com/uploads/202227152/small/magnetic-spirit-level06252308506.jpg]
[www.sali-group.com/uploads/202227152/small/magnetic-spirit-level06267464223.jpg]
[www.sali-group.com/Content/uploads/2022625764/202212141023358349602acb114f4badb28d6a5bd61126.jpg]
[www.sali-group.com/Content/uploads/2022625764/2022121410235912d7ccd993064a8797ded31a1f15ef79.jpg]
[www.sali-group.com/pliers/measuring-tools/magnetic-spirit-level.html]
[www.sali-group.com/uploads/202227152/spirit-level42176193149.jpg]
[www.sali-group.com/images/27152/other2be8.css]
[www.sali-group.com/uploads/202227152/small/spirit-level43017445934.jpg]
[www.sali-group.com/uploads/202227152/small/spirit-level43020257863.jpg]
[www.sali-group.com/uploads/202227152/small/spirit-level43030726655.jpg]
[www.sali-group.com/uploads/202227152/small/spirit-level43029320316.jpg]
[www.sali-group.com/uploads/202227152/small/spirit-level43046195744.jpg]
[www.sali-group.com/Content/uploads/2022625764/20221117115031608aaafba5b04ab2ad937005697acf24.jpg]
[www.sali-group.com/Content/uploads/2022625764/2022111711503495fb034d7d95433aad05330d2ad22465.jpg]
[www.sali-group.com/pliers/measuring-tools/spirit-level.html]
[www.sali-group.com/uploads/202227152/square-ruler38300072813.jpg]
[www.sali-group.com/images/27152/otherefec.css]
[www.sali-group.com/uploads/202227152/small/square-ruler38536947424.jpg]
[www.sali-group.com/uploads/202227152/small/square-ruler38539916122.jpg]
[www.sali-group.com/uploads/202227152/small/square-ruler38556322618.jpg]
[www.sali-group.com/uploads/202227152/small/square-ruler38552728634.jpg]
[www.sali-group.com/uploads/202227152/small/square-ruler38571635319.jpg]
[www.sali-group.com/Content/upload/2022625764/202209241641445302650.jpg]
[www.sali-group.com/Content/upload/2022625764/202209241641452387908.jpg]
[www.sali-group.com/Content/upload/2022625764/202209241641456873049.jpg]
[www.sali-group.com/Content/upload/2022625764/202209241641452358190.jpg]
[www.sali-group.com/Content/upload/2022625764/202209241641452829239.jpg]
[www.sali-group.com/Content/upload/2022625764/202209241641464743153.jpg]
[www.sali-group.com/Content/upload/2022625764/202209241641462171925.jpg]
[www.sali-group.com/pliers/measuring-tools/square-ruler.html]
[www.sali-group.com/uploads/202227152/sali-20-30-50-100-meter-fiberglass-tape00223896584.jpg]
[www.sali-group.com/images/27152/other1075.css]
[www.sali-group.com/uploads/202227152/small/sali-20-30-50-100-meter-fiberglass-tape00298740123.jpg]
[www.sali-group.com/uploads/202227152/small/sali-20-30-50-100-meter-fiberglass-tape00300771176.jpg]
[www.sali-group.com/uploads/202227152/small/sali-20-30-50-100-meter-fiberglass-tape00306865059.jpg]
[www.sali-group.com/uploads/202227152/small/sali-20-30-50-100-meter-fiberglass-tape00521084049.jpg]
[www.sali-group.com/uploads/202227152/small/sali-20-30-50-100-meter-fiberglass-tape01064209257.jpg]
[www.sali-group.com/uploads/202227152/small/sali-20-30-50-100-meter-fiberglass-tape01067021196.jpg]
[www.sali-group.com/Content/uploads/2022625764/202203301553169101f95f3fb24210952fed3671373329.jpg]
[www.sali-group.com/Content/uploads/2022625764/20220330155316c8603ba1bf1c4901955b8ef239fdd663.jpg]
[www.sali-group.com/Content/uploads/2022625764/2022033015531741522a2f086a41678dd8a6d7310e8752.jpg]
[www.sali-group.com/Content/uploads/2022625764/20220330155933d0cb737fde3a4c04a96f880fab397fd1.jpg]
[www.sali-group.com/Content/uploads/2022625764/20220330155934e58a8fb8be044c4abc8a3476a18e8c31.jpg]
[www.sali-group.com/Content/uploads/2022625764/20220330155934f7b283caf724495db8c97f452c2cf068.jpg]
[www.sali-group.com/Content/uploads/2022625764/202203301559342132a952833c4b91a0389fa3d0b054a6.jpg]
[www.sali-group.com/pliers/measuring-tools/sali-20-30-50-100-meter-fiberglass-tape.html]
[www.sali-group.com/uploads/202227152/sali-measuring-tools-abs-tpr-clothe-and-auto47039662058.jpg]
[www.sali-group.com/images/27152/otherb001.css]
[www.sali-group.com/uploads/202227152/small/sali-measuring-tools-abs-tpr-clothe-and-auto47193255115.jpg]
[www.sali-group.com/uploads/202227152/small/sali-measuring-tools-abs-tpr-clothe-and-auto47197317737.jpg]
[www.sali-group.com/uploads/202227152/small/sali-measuring-tools-abs-tpr-clothe-and-auto47203255135.jpg]
[www.sali-group.com/uploads/202227152/small/sali-measuring-tools-abs-tpr-clothe-and-auto47428255055.jpg]
[www.sali-group.com/uploads/202227152/small/sali-measuring-tools-abs-tpr-clothe-and-auto47431380154.jpg]
[www.sali-group.com/uploads/202227152/small/sali-measuring-tools-abs-tpr-clothe-and-auto47442630182.jpg]
[www.sali-group.com/Content/uploads/2022625764/20220330154003378cc63db50d4a3695e86460810407d0.jpg]
[www.sali-group.com/Content/uploads/2022625764/202203301542243665a3fb99d14f2c935905e84e166234.jpg]
[www.sali-group.com/Content/uploads/2022625764/20220330154225da88ed4287734c3fa1796a894360f5c1.jpg]
[www.sali-group.com/Content/uploads/2022625764/20220330154343483e661b153044d3ba37ea4d057461cb.jpg]
[www.sali-group.com/Content/uploads/2022625764/2022033015444319c676e270ea48b2be8850cbb6625ef3.jpg]
[www.sali-group.com/Content/uploads/2022625764/20220330154444125a42daa31c40bd9e78e9b6185984b1.jpg]
[www.sali-group.com/pliers/measuring-tools/sali-measuring-tools-abs-tpr-clothe-and-auto.html]
[www.sali-group.com/uploads/202227152/sali-magnetic-spirit-level-multiple-levels-of32249298816.jpg]
[www.sali-group.com/images/27152/other4f2a.css]
[www.sali-group.com/uploads/202227152/small/sali-magnetic-spirit-level-multiple-levels-of32461017423.jpg]
[www.sali-group.com/uploads/202227152/small/sali-magnetic-spirit-level-multiple-levels-of32465705127.jpg]
[www.sali-group.com/uploads/202227152/small/sali-magnetic-spirit-level-multiple-levels-of33035080235.jpg]
[www.sali-group.com/uploads/202227152/small/sali-magnetic-spirit-level-multiple-levels-of33078361109.jpg]
[www.sali-group.com/uploads/202227152/small/sali-magnetic-spirit-level-multiple-levels-of33133673930.jpg]
[www.sali-group.com/Content/uploads/2022625764/202203301536462102c89a0d2c4e1eb61ce2ae428677e8.jpg]
[www.sali-group.com/Content/uploads/2022625764/202203301536464a3ba94d9504447cbe20d069b31fdd9a.jpg]
[www.sali-group.com/Content/uploads/2022625764/20220330153646430c008f582e4a0fb052d8c941c41d22.jpg]
[www.sali-group.com/Content/uploads/2022625764/20220330153647d954755eb71b4e638d2ba56db9a2f8cb.jpg]
[www.sali-group.com/Content/uploads/2022625764/2022033015364803e9d8b8baa04b9cbeca5834943178bd.jpg]
[www.sali-group.com/Content/uploads/2022625764/20220330153647aa832cd08561495888de4ea4062cf79a.jpg]
[www.sali-group.com/pliers/measuring-tools/sali-magnetic-spirit-level-multiple-levels-of.html]
[www.sali-group.com/uploads/202227152/sali-household-high-precision-abs-measuring28267034417.jpg]
[www.sali-group.com/images/27152/other0b78.css]
[www.sali-group.com/uploads/202227152/small/sali-household-high-precision-abs-measuring35504656941.jpg]
[www.sali-group.com/uploads/202227152/small/sali-household-high-precision-abs-measuring35501688175.jpg]
[www.sali-group.com/uploads/202227152/small/sali-household-high-precision-abs-measuring35531844745.jpg]
[www.sali-group.com/uploads/202227152/small/sali-household-high-precision-abs-measuring36496625466.jpg]
[www.sali-group.com/uploads/202227152/small/sali-household-high-precision-abs-measuring36531156298.jpg]
[www.sali-group.com/uploads/202227152/small/sali-household-high-precision-abs-measuring36574281347.jpg]
[www.sali-group.com/Content/uploads/2022625764/20220321143919d06b476d788b40109bf62f812b436430.jpg]
[www.sali-group.com/Content/uploads/2022625764/20220321143919a88acd39c4294c0b85f639aa812500ed.jpg]
[www.sali-group.com/Content/uploads/2022625764/20220321143920499b382df29a471d96211c993ab4218b.jpg]
[www.sali-group.com/Content/uploads/2022625764/20220321144154b7260fd9d0314ffab37b8a3928b8e3ed.jpg]
[www.sali-group.com/Content/uploads/2022625764/20220321144154a43d61f8b2b44c14b17aa335c82d25b9.jpg]
[www.sali-group.com/pliers/measuring-tools/sali-household-high-precision-abs-measuring.html]
[www.sali-group.com/showroom/flap-disc-wheel-for-angle-grinder/index.html]
[www.sali-group.com/images/27152/otherb48a.css]
[www.sali-group.com/images/27152/other4965.css]
[www.sali-group.com/uploads/202327152/lifting-sling-strap350efe4c-298a-40fe-8f62-3aa3185a306f.jpg]
[www.sali-group.com/images/27152/other2195.css]
[www.sali-group.com/Content/uploads/2023625764/20230106153002e7e4da3182bd4b3986ce949549c096e1.jpg]
[www.sali-group.com/pliers/ratchet-tie-down-strap/lifting-sling-strap.html]
[www.sali-group.com/uploads/202327152/ratchet-strapa0b48822-65fc-4d33-8e46-5248231370a7.jpg]
[www.sali-group.com/images/27152/other7a55.css]
[www.sali-group.com/uploads/202327152/small/ratchet-strap7d19335b-ae57-40c6-be3f-2022490cf0ad.jpg]
[www.sali-group.com/uploads/202327152/small/ratchet-strap712c8cb2-37fc-445b-967b-b22ea90a69af.jpg]
[www.sali-group.com/uploads/202327152/small/ratchet-strapb8f6ecc6-58b9-49b4-849f-418b3b3e9536.jpg]
[www.sali-group.com/uploads/202327152/small/ratchet-strap1ae1de43-9c24-4724-8ebb-804aab8c89e8.jpg]
[www.sali-group.com/Content/uploads/2023625764/2023010615105550f2ef6f453240d689db56bece90f6db.jpg]
[www.sali-group.com/Content/uploads/2023625764/2023010615111202d8c440bb834bd59b7e0d35aeff1a90.jpg]
[www.sali-group.com/Content/uploads/2023625764/20230106151122cd2eead860c245d5a1f98f1a5c1eddf7.jpg]
[www.sali-group.com/Content/uploads/2023625764/202301061511549b8cf275ccb74ae3b4772c54d0e060a1.jpg]
[www.sali-group.com/Content/uploads/2023625764/202301061512080535b89ba94e48dc9d10a1cd3b88ae41.jpg]
[www.sali-group.com/pliers/ratchet-tie-down-strap/ratchet-strap.html]
[www.sali-group.com/uploads/202127152/heavy-duty-ratchet-tie-down-strap01379536155.jpg]
[www.sali-group.com/images/27152/other6676.css]
[www.sali-group.com/uploads/202127152/small/heavy-duty-ratchet-tie-down-strap01261617338.jpg]
[www.sali-group.com/uploads/202127152/small/heavy-duty-ratchet-tie-down-strap01263804895.jpg]
[www.sali-group.com/uploads/202127152/small/heavy-duty-ratchet-tie-down-strap01275375524.jpg]
[www.sali-group.com/uploads/202127152/small/heavy-duty-ratchet-tie-down-strap01279915253.jpg]
[www.sali-group.com/uploads/202127152/small/heavy-duty-ratchet-tie-down-strap01288672289.jpg]
[www.sali-group.com/Content/uploads/2021625764/202107311107337d99f4d2c1ff400797ecf0d5815d422a.jpg]
[www.sali-group.com/Content/uploads/2021625764/20210728100455222600955e72412fa3b0fda7bf64242f.jpg]
[www.sali-group.com/Content/uploads/2021625764/202107311109206e4e4cd5cf2a42f289dd3febd6e1437c.jpg]
[www.sali-group.com/Content/uploads/2021625764/20210728100518968914691e0e47a9b4d14026e9a9dfa9.jpg]
[www.sali-group.com/Content/uploads/2021625764/20210728100550fa9c1d22afee42658a554a8579b1c2a2.jpg]
[www.sali-group.com/pliers/ratchet-tie-down-strap/heavy-duty-ratchet-tie-down-strap.html]
[www.sali-group.com/showroom/flap-disc/index.html]
[www.sali-group.com/images/27152/otherb9fa.css]
[www.sali-group.com/images/27152/other088e.css]
[www.sali-group.com/uploads/202327152/plastic-handle-scraperf0a57a03-fd8f-44f8-9c04-2518773e17be.jpg]
[www.sali-group.com/images/27152/other2776.css]
[www.sali-group.com/uploads/202327152/small/plastic-handle-scraperd4390deb-57e5-4908-bd65-32166dd1c887.jpg]
[www.sali-group.com/uploads/202327152/small/plastic-handle-scraperaa21422d-d8fe-48e2-be11-d255d3639304.jpg]
[www.sali-group.com/uploads/202327152/small/plastic-handle-scraperfd8dfd53-3dc2-4e13-bb8e-5ae6da39a3ca.jpg]
[www.sali-group.com/uploads/202327152/small/plastic-handle-scraper41db4125-3aa1-462b-90aa-6081695c4e0e.jpg]
[www.sali-group.com/uploads/202327152/small/plastic-handle-scraperfe87e2ef-604f-4a25-8160-9ecdf69b8724.jpg]
[www.sali-group.com/uploads/202327152/small/plastic-handle-scraper5488c263-9eaa-46cc-8f80-144b53bd170c.jpg]
[www.sali-group.com/Content/uploads/2023625764/2023031316082960c0d1052d2a4b6c8a80cf21e8398c7a.jpg]
[www.sali-group.com/Content/uploads/2023625764/20230313161509ab6a95186a08439fb78995559cada24c.jpg]
[www.sali-group.com/pliers/painting-tools/plastic-handle-scraper.html]
[www.sali-group.com/uploads/202227152/sali-paint-roll-brushes-fashion-type25153075692.jpg]
[www.sali-group.com/images/27152/other2bc1.css]
[www.sali-group.com/uploads/202227152/small/24089638269.jpg]
[www.sali-group.com/uploads/202227152/small/24092450321.jpg]
[www.sali-group.com/uploads/202227152/small/24102919186.jpg]
[www.sali-group.com/uploads/202227152/small/24099794033.jpg]
[www.sali-group.com/Content/uploads/2022625764/202203301623135af2c0ac90f14cf69683296d2799c238.jpg]
[www.sali-group.com/Content/uploads/2022625764/2022033016231466280fbf148a48eab43d54ac1c267887.jpg]
[www.sali-group.com/Content/uploads/2022625764/202203301623148e986269c1784db3b5aa84e3f07803d1.jpg]
[www.sali-group.com/Content/uploads/2022625764/202203301623141c49ab89e2774bde86f7c8d1589a672e.jpg]
[www.sali-group.com/Content/uploads/2022625764/20220330162315f9f166deba4940ec8acb6bf13e03211f.jpg]
[www.sali-group.com/Content/uploads/2022625764/20220330162315d929578ad658465b8325804ffb8c450e.jpg]
[www.sali-group.com/Content/uploads/2022625764/202203301622576382901777e54305b4460dcc381085ac.jpg]
[www.sali-group.com/pliers/painting-tools/sali-paint-roll-brushes-fashion-type.html]
[www.sali-group.com/uploads/202227152/sali-paint-brush-plastic-handle-and-wood18372137848.jpg]
[www.sali-group.com/images/27152/other9efc.css]
[www.sali-group.com/uploads/202227152/small/sali-paint-brush-plastic-handle-and-wood18413232043.jpg]
[www.sali-group.com/uploads/202227152/small/sali-paint-brush-plastic-handle-and-wood18565575839.jpg]
[www.sali-group.com/uploads/202227152/small/sali-paint-brush-plastic-handle-and-wood18571981660.jpg]
[www.sali-group.com/uploads/202227152/small/sali-paint-brush-plastic-handle-and-wood19093544146.jpg]
[www.sali-group.com/Content/uploads/2022625764/20220330162028aa075ffd6f754906aca7f47bb893edc4.jpg]
[www.sali-group.com/Content/uploads/2022625764/202203301620293c1418f7f9c14944b22175b20cf3e62e.jpg]
[www.sali-group.com/Content/uploads/2022625764/2022033016202996af7251be134af480d8fd03db9ccc90.jpg]
[www.sali-group.com/pliers/painting-tools/sali-paint-brush-plastic-handle-and-wood.html]
[www.sali-group.com/uploads/202227152/sali-wooden-handle-scraper-and-putty-knife14006669966.jpg]
[www.sali-group.com/images/27152/other840f.css]
[www.sali-group.com/uploads/202227152/small/sali-wooden-handle-scraper-and-putty-knife14198387813.jpg]
[www.sali-group.com/uploads/202227152/small/sali-wooden-handle-scraper-and-putty-knife14206356972.jpg]
[www.sali-group.com/uploads/202227152/small/sali-wooden-handle-scraper-and-putty-knife14421669076.jpg]
[www.sali-group.com/uploads/202227152/small/sali-wooden-handle-scraper-and-putty-knife15301669290.jpg]
[www.sali-group.com/uploads/202227152/small/sali-wooden-handle-scraper-and-putty-knife15306044493.jpg]
[www.sali-group.com/uploads/202227152/small/sali-wooden-handle-scraper-and-putty-knife15308701033.jpg]
[www.sali-group.com/Content/uploads/2022625764/2022033016160328736e4d4c0a47b3889965d2a9eecc95.jpg]
[www.sali-group.com/Content/uploads/2022625764/2022033016160396a852e62b3749eabe6e238cb4893458.jpg]
[www.sali-group.com/Content/uploads/2022625764/202203301616049b28781300b445fa9e8ede0e17f0974c.jpg]
[www.sali-group.com/Content/uploads/2022625764/20220330161604b53eec56ca1f48a79138f6352bb43ee7.jpg]
[www.sali-group.com/pliers/painting-tools/sali-wooden-handle-scraper-and-putty-knife.html]
[www.sali-group.com/uploads/202127152/sali-new-arrive-paint-brush-roller-set-hot03227148811.jpg]
[www.sali-group.com/images/27152/otherc674.css]
[www.sali-group.com/uploads/202127152/small/sali-new-arrive-paint-brush-roller-set-hot33287552939.jpg]
[www.sali-group.com/uploads/202127152/small/sali-new-arrive-paint-brush-roller-set-hot33292950860.jpg]
[www.sali-group.com/uploads/202127152/small/sali-new-arrive-paint-brush-roller-set-hot33280981745.jpg]
[www.sali-group.com/Content/uploads/2021625764/202109181126235195ac77ca854d74978dd716e7ad78cd.jpg]
[www.sali-group.com/Content/uploads/2021625764/20210918112703765f8408896b4c28a354dc4d76b8c512.jpg]
[www.sali-group.com/Content/uploads/2021625764/202109181129029af09f2ef82e4e93a8a9ed9bf5464823.jpg]
[www.sali-group.com/pliers/painting-tools/sali-new-arrive-paint-brush-roller-set-hot.html]
[www.sali-group.com/uploads/202127152/sali-bricklaying-trowel-carbon-steel-with04180990224.jpg]
[www.sali-group.com/images/27152/otherc906.css]
[www.sali-group.com/uploads/202127152/small/sali-bricklaying-trowel-carbon-steel-with32306039902.jpg]
[www.sali-group.com/uploads/202127152/small/sali-bricklaying-trowel-carbon-steel-with32312210013.jpg]
[www.sali-group.com/uploads/202127152/small/sali-bricklaying-trowel-carbon-steel-with32318669891.jpg]
[www.sali-group.com/uploads/202127152/small/sali-bricklaying-trowel-carbon-steel-with32332729889.jpg]
[www.sali-group.com/Content/uploads/2021625764/2021090315284618172f8654ae42efbd62b9ea8362e99e.jpg]
[www.sali-group.com/Content/uploads/2021625764/20210903152924777d99a6ba59471ab334f1a3bbd5f3d9.jpg]
[www.sali-group.com/Content/uploads/2021625764/20210903153045be3602a1233d45559e6fa525f0fe99ff.jpg]
[www.sali-group.com/pliers/painting-tools/sali-bricklaying-trowel-carbon-steel-with.html]
[www.sali-group.com/uploads/202327152/putty-knifed7f599a5-60c0-4782-b2d0-286c764793a6.jpg]
[www.sali-group.com/images/27152/other6d02.css]
[www.sali-group.com/uploads/202327152/small/putty-knifeed626596-a4d3-46f6-82ca-b508edc335b8.jpg]
[www.sali-group.com/uploads/202327152/small/putty-knifeba981b62-3005-42e2-87fb-04b05dead1f6.jpg]
[www.sali-group.com/uploads/202327152/small/putty-knife643a8556-9cd9-49c7-9cdf-54a8b20ecade.jpg]
[www.sali-group.com/uploads/202327152/small/putty-knife5eafc462-acf0-470b-b33a-4c3c77e252b9.jpg]
[www.sali-group.com/uploads/202327152/small/putty-knifef929ffb1-7171-497d-a58d-2b04a938ddc7.jpg]
[www.sali-group.com/uploads/202327152/small/putty-knifea61cbf38-ec48-414d-9eac-dfb9f8324289.jpg]
[www.sali-group.com/Content/uploads/2020625764/20201110132501dfaf68434cd34017b88f04022c3d1602.jpg]
[www.sali-group.com/Content/uploads/2020625764/20201110132503fe67de20a5634ec4bf46a0934b5d8d21.jpg]
[www.sali-group.com/pliers/painting-tools/putty-knife.html]
[www.sali-group.com/images/27152/other0ad4.css]
[www.sali-group.com/images/27152/othere3dd.css]
[www.sali-group.com/uploads/202227152/sali-steel-file-series28185263248.jpg]
[www.sali-group.com/images/27152/otherbbbe.css]
[www.sali-group.com/uploads/202227152/small/sali-steel-file-series28416990597.jpg]
[www.sali-group.com/uploads/202227152/small/sali-steel-file-series28423700397.jpg]
[www.sali-group.com/uploads/202227152/small/sali-steel-file-series28430889093.jpg]
[www.sali-group.com/uploads/202227152/small/sali-steel-file-series29069481578.jpg]
[www.sali-group.com/uploads/202227152/small/sali-steel-file-series29390731917.jpg]
[www.sali-group.com/uploads/202227152/small/sali-steel-file-series29392919117.jpg]
[www.sali-group.com/Content/uploads/2022625764/2022033016300769b8405f14a54b308e12f0f360a986ae.jpg]
[www.sali-group.com/Content/uploads/2022625764/20220330163007f0e7a80fb3424184bb9dec654db64b6e.jpg]
[www.sali-group.com/Content/uploads/2022625764/20220330163008fda5227ff80b4e0fa96d688d16bf9269.jpg]
[www.sali-group.com/Content/uploads/2022625764/20220330163016d8f2647a626a4eb59b1426dc67b9102d.jpg]
[www.sali-group.com/Content/uploads/2022625764/202203301630084cf84e4d2eab468cbb3fdee8df512ea9.jpg]
[www.sali-group.com/Content/uploads/2022625764/202203301631119916d30388f14ec696175e1348462392.jpg]
[www.sali-group.com/pliers/file/sali-steel-file-series.html]
[www.sali-group.com/uploads/202227152/sali-hand-tool-set-200pcs10413805281.jpg]
[www.sali-group.com/images/27152/otherbfda.css]
[www.sali-group.com/uploads/202227152/small/sali-hand-tool-set-200pcs17556077496.jpg]
[www.sali-group.com/uploads/202227152/small/sali-hand-tool-set-200pcs17563421277.jpg]
[www.sali-group.com/uploads/202227152/small/sali-hand-tool-set-200pcs17569827570.jpg]
[www.sali-group.com/uploads/202227152/small/sali-hand-tool-set-200pcs19505453056.jpg]
[www.sali-group.com/uploads/202227152/small/sali-hand-tool-set-200pcs21293890356.jpg]
[www.sali-group.com/Content/uploads/2022625764/202205141605468b2f2c662462470893e807319994a821.jpg]
[www.sali-group.com/Content/uploads/2022625764/202205141610052b6ae937c07c49b48dc5189067c06835.jpg]
[www.sali-group.com/Content/uploads/2022625764/20220514161246375bf644e27f475eaf93c86ea505c329.jpg]
[www.sali-group.com/Content/uploads/2022625764/202205141614381417afe4daa542abbde05110fd24ea1b.jpg]
[www.sali-group.com/Content/uploads/2022625764/20220514161821676131450b3644e2add6d59208a9e305.jpg]
[www.sali-group.com/pliers/hand-tools-set/sali-hand-tool-set-200pcs.html]
[www.sali-group.com/showroom/16-in-cutting-wheel-for-metal/index.html]
[www.sali-group.com/images/27152/other2167.css]
[www.sali-group.com/images/27152/other994d.css]
[www.sali-group.com/uploads/202227152/sali-folding-aluminum-ladder38566713601.jpg]
[www.sali-group.com/images/27152/other38fc.css]
[www.sali-group.com/uploads/202227152/small/sali-folding-aluminum-ladder39073898859.jpg]
[www.sali-group.com/uploads/202227152/small/sali-folding-aluminum-ladder39078898842.jpg]
[www.sali-group.com/uploads/202227152/small/sali-folding-aluminum-ladder39082023779.jpg]
[www.sali-group.com/uploads/202227152/small/sali-folding-aluminum-ladder39084836325.jpg]
[www.sali-group.com/Content/uploads/2022625764/2022033016372387289200191c4459aee144eb64d92b1c.jpg]
[www.sali-group.com/Content/uploads/2022625764/202203301637241eb1d250396b4ef9b9947e4b26b442a5.jpg]
[www.sali-group.com/Content/uploads/2022625764/20220330163724885f2ac552894c71bcb3b805c5054ce8.jpg]
[www.sali-group.com/Content/uploads/2022625764/202203301637243c4f696b7f9b478d98046e8f7a497b3a.jpg]
[www.sali-group.com/Content/uploads/2022625764/20220330163725c9697e542fb04468b9fa22e385e1cc98.jpg]
[www.sali-group.com/Content/uploads/2022625764/20220330163725736bb63671554d78aec73a57d02975de.jpg]
[www.sali-group.com/pliers/ladder/sali-folding-aluminum-ladder.html]
[www.sali-group.com/images/27152/other00a2.css]
[www.sali-group.com/pliers/other-tools/page-2/index.html]
[www.sali-group.com/images/27152/other7f5b.css]
[www.sali-group.com/pliers/other-tools/sali-good-quality-crowbar-new-aarrive-lowest.html]
[www.sali-group.com/uploads/202327152/tile-cuttr33cc639e-669e-484b-b362-b778148fb025.jpg]
[www.sali-group.com/images/27152/other78bc.css]
[www.sali-group.com/uploads/202327152/small/tile-cuttr12e6c194-ddfa-4696-8ac7-cef82bba3708.jpg]
[www.sali-group.com/uploads/202327152/small/tile-cuttr1c45823e-2aa8-485b-9559-3b8749aeea93.jpg]
[www.sali-group.com/uploads/202327152/small/tile-cuttr3a697743-3931-40bc-8c99-4342a5868f4b.jpg]
[www.sali-group.com/uploads/202327152/small/tile-cuttr498df176-c4e0-4c7d-9cce-75bef42e67ee.jpg]
[www.sali-group.com/Content/uploads/2023625764/2023112716091245fad54caa534770b043a4fc236d05c5.png]
[www.sali-group.com/Content/uploads/2023625764/20231127161153972ed902fb0343528fdfd9d04b224c95.png]
[www.sali-group.com/Content/uploads/2023625764/2023112716103080e3b7a769ed45dda344f224d5c71573.png]
[www.sali-group.com/Content/uploads/2023625764/202311271614075fd95e4ceb28400a9515456b04995549.png]
[www.sali-group.com/Content/uploads/2023625764/20231127161418bcc90cd06b774d3d9eb8e03ec9cc5872.png]
[www.sali-group.com/Content/uploads/2023625764/20231127161424972e055c8a6646839a5adaf27ce764e5.png]
[www.sali-group.com/pliers/other-tools/tile-cuttr.html]
[js01.v15cdn.com/modulara549.js]
[www.sali-group.com/uploads/202327152/hydraulic-crimping-tool1bd33f5b-5d74-41d2-bdd3-c58c8d836a6e.jpg]
[www.sali-group.com/images/27152/otherae84.css]
[www.sali-group.com/uploads/202327152/small/hydraulic-crimping-toolfb0888e4-a0a6-405f-b65a-709e70145b7b.jpg]
[www.sali-group.com/uploads/202327152/small/hydraulic-crimping-tool1ddbbc91-56f4-488f-a89c-da61fa95592d.jpg]
[www.sali-group.com/uploads/202327152/small/hydraulic-crimping-toolb672f967-96fd-4069-ae8d-2a4ed36235e3.jpg]
[www.sali-group.com/uploads/202327152/small/hydraulic-crimping-tool60afa72d-5af1-4bda-86c6-1eb480a19045.jpg]
[www.sali-group.com/uploads/202327152/small/hydraulic-crimping-tool7476d13f-7bec-47c7-ab49-edaca1231a49.jpg]
[www.sali-group.com/uploads/202327152/small/hydraulic-crimping-tool3a9c5847-8aaa-483c-91d5-81782b21d3b1.jpg]
[www.sali-group.com/Content/uploads/2023625764/2023080814131900fc355efc3946e4ae3be61ad5732c57.png]
[www.sali-group.com/Content/uploads/2023625764/202308081411560b141ea34d094375bb45af1869a53ff6.png]
[www.sali-group.com/Content/uploads/2023625764/202308081418591f2f742e4401494e9127113a51f15f22.png]
[www.sali-group.com/Content/uploads/2023625764/20230808142006dc0d1d076aed48a080377e08db7b775b.png]
[www.sali-group.com/Content/uploads/2023625764/202308081420134c506620a83b4b95a3463ebf5dbbeed3.png]
[www.sali-group.com/Content/uploads/2023625764/20230808142019582d702927c94b41ae449b978d4423db.png]
[www.sali-group.com/Content/uploads/2023625764/2023080814202489f385aca05943aab55706181490c077.png]
[www.sali-group.com/Content/uploads/2023625764/20230808142028cb51f1d5a6b34f6ea6354cf18fe84fed.png]
[www.sali-group.com/pliers/other-tools/hydraulic-crimping-tool.html]
[www.sali-group.com/uploads/202327152/f-style-clamps584d8f3a-7fdc-4727-ae6a-e7af804f71d1.jpg]
[www.sali-group.com/images/27152/other6767.css]
[www.sali-group.com/uploads/202327152/small/f-style-clamps5bb20729-fe6d-4196-ba68-65f0953a33d8.jpg]
[www.sali-group.com/uploads/202327152/small/f-style-clamps27297a67-463f-4a9f-a94d-fd3658a8d037.jpg]
[www.sali-group.com/uploads/202327152/small/f-style-clamps94fcdbee-a59e-4e47-9ebd-784cba040c3d.jpg]
[www.sali-group.com/uploads/202327152/small/f-style-clamps98196849-6d48-4a4c-88b4-7e86f6c9870f.jpg]
[www.sali-group.com/uploads/202327152/small/f-style-clamps764d0dea-f4ec-43fc-b81b-f84ca3f58a3b.jpg]
[www.sali-group.com/uploads/202327152/small/f-style-clampsfd5d6aee-925e-4e6c-bacf-81046f071e6f.jpg]
[www.sali-group.com/Content/uploads/2023625764/20230720114120ea246fd7c16a47a49c5c52eedc3fd85f.jpg]
[www.sali-group.com/Content/uploads/2023625764/20230720114128fa58c262700f4bbc95e2724f71e8cd08.jpg]
[www.sali-group.com/Content/uploads/2023625764/20230720114211b1e75568d6eb45cd822e46807f569fa7.jpg]
[www.sali-group.com/Content/uploads/2023625764/20230720114218cd198e2cdc554d95a2dbc0fe1b17e975.jpg]
[www.sali-group.com/Content/uploads/2023625764/20230720114235667d023404544b41903e115af0a15274.jpg]
[www.sali-group.com/Content/uploads/2023625764/202307201142299cc3fb903eb44e9d96366efdf103e50e.jpg]
[www.sali-group.com/Content/uploads/2023625764/202307201142421c70207b85264b769ad71ef866e5d002.jpg]
[www.sali-group.com/Content/uploads/2023625764/202307201142544fbf14912417450bb551ae159dd2fe89.jpg]
[www.sali-group.com/Content/uploads/2023625764/2023072011430071c418dfb2c0499b803c9b46d2cc32a1.jpg]
[www.sali-group.com/pliers/other-tools/f-style-clamps.html]
[www.sali-group.com/uploads/202327152/electric-heavy-duty-suction-cup96c7f63c-e786-4001-a7ab-88117f52aaaf.jpg]
[www.sali-group.com/images/27152/otherefc0.css]
[www.sali-group.com/uploads/202327152/small/electric-heavy-duty-suction-cup1bf67648-dc8c-4281-af50-9373f4230dd4.jpg]
[www.sali-group.com/Content/uploads/2023625764/202307031124015928026f2d4b4e60a77220793ebe092d.jpg]
[www.sali-group.com/Content/uploads/2023625764/202307031037452cf43a11a9934477be5d178b80346ac7.jpg]
[www.sali-group.com/Content/uploads/2023625764/20230703103753f03b75dee64c4cf68079579ef195c16b.jpg]
[www.sali-group.com/Content/uploads/2023625764/20230703103759ae14aeb8d7d3426e8cfee95c2aa2c289.jpg]
[www.sali-group.com/pliers/other-tools/battery-heavy-duty-suction-cup.html]
[www.sali-group.com/uploads/202327152/heavy-duty-suction-cupe81975db-db2e-45bf-baaf-4c1325bddf1c.jpg]
[www.sali-group.com/images/27152/other2218.css]
[www.sali-group.com/uploads/202327152/small/heavy-duty-suction-cup73beda29-85df-4cc1-a9ed-e3bdd618f73f.jpg]
[www.sali-group.com/uploads/202327152/small/heavy-duty-suction-cup38758670-b7db-4116-8685-5737b97505b4.jpg]
[www.sali-group.com/uploads/202327152/small/heavy-duty-suction-cupc6a2f99f-035a-43b9-8cfc-cc9ccf61f8b1.jpg]
[www.sali-group.com/uploads/202327152/small/heavy-duty-suction-cupe9519f74-1711-4b8d-bf29-7394a20a604d.jpg]
[www.sali-group.com/Content/uploads/2023625764/2023070310373916cb754c833347f8acb3a998a1484fc8.jpg]
[www.sali-group.com/pliers/other-tools/heavy-duty-suction-cup.html]
[www.sali-group.com/uploads/202327152/glass-suction-cups76f0ac29-bac2-422d-9481-90c7c03d0ea7.jpg]
[www.sali-group.com/images/27152/other14fc.css]
[www.sali-group.com/uploads/202327152/small/glass-suction-cupsbbf4766c-d923-4c47-9cd9-e3b3300df461.jpg]
[www.sali-group.com/uploads/202327152/small/glass-suction-cupsac6fed72-7e43-49e8-9faa-05983d2cd057.jpg]
[www.sali-group.com/uploads/202327152/small/glass-suction-cups4934aae4-3216-428b-abaf-590c0dd94dfe.jpg]
[www.sali-group.com/uploads/202327152/small/glass-suction-cups56d93d32-0439-4bee-b8f0-a6759d163ca5.jpg]
[www.sali-group.com/uploads/202327152/small/glass-suction-cupse5a1dde8-280d-463e-9da0-3e97d2cce381.jpg]
[www.sali-group.com/uploads/202327152/small/glass-suction-cups56e4a7a2-209c-4f4a-8c41-6b4c543eb39b.jpg]
[www.sali-group.com/Content/uploads/2023625764/20230628153128527234be9ac74b53b0bcac9078461792.png]
[www.sali-group.com/Content/uploads/2023625764/20230628153137000223fe1e6a4021b96b36d4d2f22d22.png]
[www.sali-group.com/Content/uploads/2023625764/202306281535244891519a44ae4e91a99c0073f918f9b2.png]
[www.sali-group.com/pliers/other-tools/glass-suction-cups.html]
[www.sali-group.com/uploads/202327152/wrecking-bar4b5d7ed1-eae8-4fa2-89d6-41423a697dc7.jpg]
[www.sali-group.com/images/27152/other560b.css]
[www.sali-group.com/uploads/202327152/small/wrecking-bar54b34ca2-891b-4fdb-b08e-5a3e5612897b.jpg]
[www.sali-group.com/uploads/202327152/small/wrecking-bar71f9c02d-b1e8-4e56-9f56-18e3a2002fba.jpg]
[www.sali-group.com/uploads/202327152/small/wrecking-bar31864592-1010-4d1b-8c6a-fe71f466e917.jpg]
[www.sali-group.com/uploads/202327152/small/wrecking-bar231c340c-54f7-4257-aa10-b6df6f42d39a.jpg]
[www.sali-group.com/uploads/202327152/small/wrecking-bar9fdafee6-9df0-497e-a47f-9bd9d7a01b55.jpg]
[www.sali-group.com/Content/uploads/2023625764/2023022511294859211902726b40579634512b5b2fe196.png]
[www.sali-group.com/pliers/other-tools/wrecking-bar.html]
[www.sali-group.com/uploads/202227152/3-in-1-staple-gun35364326005.jpg]
[www.sali-group.com/images/27152/other0d8e.css]
[www.sali-group.com/uploads/202227152/small/3-in-1-staple-gun35589639329.jpg]
[www.sali-group.com/uploads/202227152/small/3-in-1-staple-gun35594171125.jpg]
[www.sali-group.com/uploads/202227152/small/3-in-1-staple-gun36041045941.jpg]
[www.sali-group.com/uploads/202227152/small/3-in-1-staple-gun36036983512.jpg]
[www.sali-group.com/uploads/202227152/small/3-in-1-staple-gun36073702519.jpg]
[www.sali-group.com/Content/upload/2022625764/202211051836499120691.jpg]
[www.sali-group.com/Content/upload/2022625764/202211051836493290500.jpg]
[www.sali-group.com/Content/upload/2022625764/202211051836507962611.jpg]
[www.sali-group.com/Content/upload/2022625764/202211051836503918801.jpg]
[www.sali-group.com/Content/upload/2022625764/202211051836512760720.jpg]
[www.sali-group.com/Content/upload/2022625764/202211051836511161309.jpg]
[www.sali-group.com/Content/upload/2022625764/202211051836526117499.jpg]
[www.sali-group.com/pliers/other-tools/3-in-1-staple-gun.html]
[www.sali-group.com/uploads/202227152/grease-gun32126633335.jpg]
[www.sali-group.com/images/27152/otherff66.css]
[www.sali-group.com/uploads/202227152/small/grease-gun45191022465.jpg]
[www.sali-group.com/uploads/202227152/small/grease-gun45283210407.jpg]
[www.sali-group.com/uploads/202227152/small/grease-gun45358366334.jpg]
[www.sali-group.com/uploads/202227152/small/grease-gun45453522468.jpg]
[www.sali-group.com/Content/upload/2022625764/202209091139384823179.jpg]
[www.sali-group.com/Content/upload/2022625764/202209091139386295762.jpg]
[www.sali-group.com/pliers/other-tools/grease-gun.html]
[www.sali-group.com/uploads/202227152/sali-ceramic-tile-cutter35073387799.jpg]
[www.sali-group.com/images/27152/other2465.css]
[www.sali-group.com/Content/uploads/2022625764/20220330163342629df99082074b8a9a2ae372bbc16c19.jpg]
[www.sali-group.com/pliers/other-tools/sali-ceramic-tile-cutter.html]
[www.sali-group.com/showroom/9-inch-angle-grinder/index.html]
[www.sali-group.com/images/27152/other03fb.css]
[www.sali-group.com/pliers/plier/page-2/index.html]
[www.sali-group.com/images/27152/other1099.css]
[www.sali-group.com/images/27152/other558b.css]
[www.sali-group.com/uploads/202327152/japanese-style-long-nose-plierf092445b-f302-4847-977b-f273b35abd65.jpg]
[www.sali-group.com/images/27152/other0424.css]
[www.sali-group.com/uploads/202327152/small/japanese-style-long-nose-plier4408eb48-6090-41fd-90cc-7a5a8af9565d.jpg]
[www.sali-group.com/uploads/202327152/small/japanese-style-long-nose-plier58dadef6-a917-4086-9b50-a3be4a23220c.jpg]
[www.sali-group.com/uploads/202327152/small/japanese-style-long-nose-plier87081d68-4d1e-4a20-9041-0c2e281dcc40.jpg]
[www.sali-group.com/uploads/202327152/small/japanese-style-long-nose-plier6efa09dc-b2cb-4404-a394-154fcc49db79.jpg]
[www.sali-group.com/uploads/202327152/small/japanese-style-long-nose-pliere042c4d4-6e46-4f61-8b5f-b1ec7d4eeb15.jpg]
[www.sali-group.com/Content/uploads/2023625764/202312291031522feb5ea6ab2048fdbe6bb3bb0684b7ce.jpg]
[www.sali-group.com/Content/uploads/2023625764/202312291055072712a0734a0e4dcb9a8d4cfb1f303ac8.jpg]
[www.sali-group.com/pliers/plier/japanese-style-long-nose-plier.html]
[www.sali-group.com/uploads/202327152/japanese-style-cutting-pliers700599b4-94fd-490b-aaea-35776cd36efb.jpg]
[www.sali-group.com/images/27152/other34d9.css]
[www.sali-group.com/uploads/202327152/small/japanese-style-cutting-pliersf6c16547-559e-40eb-b3e3-086fddd87c6c.jpg]
[www.sali-group.com/uploads/202327152/small/japanese-style-cutting-pliers4e7809d2-d1a3-4d0e-a175-1d2807a74cb1.jpg]
[www.sali-group.com/uploads/202327152/small/japanese-style-cutting-pliers9eff4026-af58-41c3-a75b-91742446f002.jpg]
[www.sali-group.com/uploads/202327152/small/japanese-style-cutting-pliers1ed8c52e-0d61-48e5-b6d0-c0dd5adcb636.jpg]
[www.sali-group.com/Content/uploads/2023625764/20231229103211710c52880b84417a925e3a2704dccb81.jpg]
[www.sali-group.com/pliers/plier/japanese-style-cutting-pliers.html]
[www.sali-group.com/uploads/202327152/japanese-style-combination-pliers912c0863-8686-4944-a698-40f0b1715905.jpg]
[www.sali-group.com/images/27152/other7f76.css]
[www.sali-group.com/uploads/202327152/small/japanese-style-combination-pliers1b066a47-b387-4742-93ea-0610e369827c.jpg]
[www.sali-group.com/uploads/202327152/small/japanese-style-combination-pliers45294104-b006-4d45-a2c2-8123c77bf2fd.jpg]
[www.sali-group.com/uploads/202327152/small/japanese-style-combination-pliers2aae8051-bd36-42a7-94fa-9b9975aec8d9.jpg]
[www.sali-group.com/uploads/202327152/small/japanese-style-combination-pliers17ab3b5f-bc43-4c6e-aaa4-e8f7cc2b4ea9.jpg]
[www.sali-group.com/Content/uploads/2023625764/20231228140810c1c19e3f8c68497d8c081f70a71373d5.png]
[www.sali-group.com/Content/uploads/2023625764/20231228141117770cf51ef1594cc0a9d650e1589819e9.png]
[www.sali-group.com/pliers/plier/japanese-style-combination-pliers.html]
[www.sali-group.com/uploads/202327152/sali-end-cutting-nipper349351db-8747-4f8f-910e-ac427d0bf834.jpg]
[www.sali-group.com/images/27152/other1fc8.css]
[www.sali-group.com/uploads/202327152/small/sali-end-cutting-nipper32174a97-aa7b-4689-8a0e-d9fbeb8a21c8.jpg]
[www.sali-group.com/uploads/202327152/small/sali-end-cutting-nipper32f4e8c0-407f-44bb-ac5e-cfa5b5fb2abf.jpg]
[www.sali-group.com/uploads/202327152/small/sali-end-cutting-nipper1283e769-12a8-4ec4-b5d6-7b83b5f43b1b.jpg]
[www.sali-group.com/uploads/202327152/small/sali-end-cutting-nipper290266c5-c611-40e7-8dbc-bd4ea1ea7049.jpg]
[www.sali-group.com/uploads/202327152/small/sali-end-cutting-nipper63719368-ba73-41fa-bfdb-54740d1eed92.jpg]
[www.sali-group.com/Content/uploads/2023625764/202312151427321330622356764aa3913ee38da4ebc578.jpg]
[www.sali-group.com/Content/uploads/2023625764/202312151427452573bb03dbf147778459298c8f535f3e.jpg]
[www.sali-group.com/Content/uploads/2023625764/20231215142753ed62f05f0bfb4a9dbc0c07dc5c914c47.jpg]
[www.sali-group.com/pliers/plier/sali-end-cutting-nipper.html]
[www.sali-group.com/uploads/202227152/pump-pliers20215495257.jpg]
[www.sali-group.com/images/27152/other092d.css]
[www.sali-group.com/uploads/202227152/small/sali-pump-pliers46119237325.jpg]
[www.sali-group.com/uploads/202227152/small/sali-pump-pliers46157674733.jpg]
[www.sali-group.com/uploads/202227152/small/sali-pump-pliers46195643633.jpg]
[www.sali-group.com/Content/uploads/2022625764/20221011103105c015aefefa8d43c897032b085c5ce3ce.jpg]
[www.sali-group.com/Content/uploads/2022625764/20221011103540d714ac487ea34a748d13e793dac4f81d.jpg]
[www.sali-group.com/Content/uploads/2022625764/202210111035476c1619f71f424a4f93ff77a9603f03b7.jpg]
[www.sali-group.com/Content/uploads/2022625764/202210111037287d050930b62d470da268fe147f765e54.png]
[www.sali-group.com/pliers/plier/sali-pump-pliers.html]
[www.sali-group.com/uploads/202127152/sali-snap-ring-plier-4-type-choose00544539306.jpg]
[www.sali-group.com/images/27152/other76d3.css]
[www.sali-group.com/uploads/202127152/small/sali-snap-ring-plier-4-type-choose01281338776.jpg]
[www.sali-group.com/uploads/202127152/small/sali-snap-ring-plier-4-type-choose01284198740.jpg]
[www.sali-group.com/uploads/202127152/small/sali-snap-ring-plier-4-type-choose01294379050.jpg]
[www.sali-group.com/uploads/202127152/small/sali-snap-ring-plier-4-type-choose01300329113.jpg]
[www.sali-group.com/uploads/202127152/small/sali-snap-ring-plier-4-type-choose01403178764.jpg]
[www.sali-group.com/pliers/plier/sali-snap-ring-plier-5-type-choose.html]
[www.sali-group.com/uploads/202127152/sali-snap-ring-pliers58185159318.jpg]
[www.sali-group.com/images/27152/otherdf90.css]
[www.sali-group.com/uploads/202127152/small/sali-wire-stripper-much-hole58484748702.jpg]
[www.sali-group.com/uploads/202127152/small/sali-wire-stripper-much-hole58490648767.jpg]
[www.sali-group.com/uploads/202127152/small/sali-wire-stripper-much-hole58496908752.jpg]
[www.sali-group.com/uploads/202127152/small/sali-wire-stripper-much-hole58502578825.jpg]
[www.sali-group.com/uploads/202127152/small/sali-wire-stripper-much-hole58522438684.jpg]
[www.sali-group.com/pliers/plier/sali-wire-stripper-much-hole.html]
[www.sali-group.com/uploads/202127152/sali-plastic-cutting-plier47267700465.jpg]
[www.sali-group.com/images/27152/other2931.css]
[www.sali-group.com/uploads/202127152/small/sali-plastic-cutting-plier47437520089.jpg]
[www.sali-group.com/uploads/202127152/small/sali-plastic-cutting-plier47440140070.jpg]
[www.sali-group.com/uploads/202127152/small/sali-plastic-cutting-plier47449260116.jpg]
[www.sali-group.com/uploads/202127152/small/sali-plastic-cutting-plier47450650067.jpg]
[www.sali-group.com/Content/uploads/2021625764/20210810134804db4e7750ef8d41b3a287caaf7096100a.jpg]
[www.sali-group.com/Content/uploads/2021625764/20210810134910bc754a98c04a45068f668cea4536c20a.jpg]
[www.sali-group.com/pliers/plier/sali-plastic-cutting-plier.html]
[www.sali-group.com/uploads/202027152/combination-pliers13371867992.jpg]
[www.sali-group.com/images/27152/other5bb6.css]
[www.sali-group.com/uploads/202027152/small/combination-pliers13372962192.jpg]
[www.sali-group.com/uploads/202027152/small/combination-pliers13374056027.jpg]
[www.sali-group.com/uploads/202027152/small/combination-pliers13374993427.jpg]
[www.sali-group.com/uploads/202027152/small/combination-pliers13375774149.jpg]
[www.sali-group.com/Content/uploads/2020625764/20201110111126773dfb96230e40439c3629178b39095e.jpg]
[www.sali-group.com/Content/uploads/2020625764/2020111011125525b3c4d469bf4e69a0e820739e8f9c32.jpg]
[www.sali-group.com/Content/uploads/2020625764/202011101112593dc685116a9d4530ad6e182f6ce1a51e.jpg]
[www.sali-group.com/Content/uploads/2020625764/202011101113014c427eb5a46645c999447d17bc4e9ebc.jpg]
[www.sali-group.com/Content/uploads/2020625764/202011101113067df3f5c9a2a7496bb2d3e446dfd47eb7.jpg]
[www.sali-group.com/pliers/plier/combination-pliers.html]
[www.sali-group.com/uploads/202027152/diagonal-cutting-pliers17358814175.jpg]
[www.sali-group.com/images/27152/other8d58.css]
[www.sali-group.com/uploads/202027152/small/diagonal-cutting-pliers17359909375.jpg]
[www.sali-group.com/uploads/202027152/small/diagonal-cutting-pliers17360689333.jpg]
[www.sali-group.com/uploads/202027152/small/diagonal-cutting-pliers17361470696.jpg]
[www.sali-group.com/uploads/202027152/small/diagonal-cutting-pliers17362564178.jpg]
[www.sali-group.com/Content/uploads/2020625764/20201110111616d2c69acf5d5c4190ab4a25afcc29389a.jpg]
[www.sali-group.com/Content/uploads/2020625764/20201110111648c240c291f1714efdb81ca6016b3929d1.jpg]
[www.sali-group.com/Content/uploads/2020625764/202011101116517174f982dbd84f9bbdcf59c9cfc97715.jpg]
[www.sali-group.com/Content/uploads/2020625764/2020111011165308b54daa2e2647eea03a7b12bcb93eb1.jpg]
[www.sali-group.com/Content/uploads/2020625764/202011101116567e75540144064191b1e50f8aeaf1923a.jpg]
[www.sali-group.com/pliers/plier/diagonal-cutting-pliers.html]
[www.sali-group.com/uploads/202027152/long-nose-pliers20432604976.jpg]
[www.sali-group.com/images/27152/other9c73.css]
[www.sali-group.com/uploads/202027152/small/long-nose-pliers20433699006.jpg]
[www.sali-group.com/uploads/202027152/small/long-nose-pliers20434480739.jpg]
[www.sali-group.com/uploads/202027152/small/long-nose-pliers20435261627.jpg]
[www.sali-group.com/uploads/202027152/small/long-nose-pliers20436199069.jpg]
[www.sali-group.com/Content/uploads/2020625764/20201110111945fb382ca05c5e4280a2f6dd93b352209c.jpg]
[www.sali-group.com/Content/uploads/2020625764/20201110112015e71c85fdc87443c2aaa46b57b2d73a8e.jpg]
[www.sali-group.com/Content/uploads/2020625764/20201110112018caf3226a3542414cb3e75ebff4885895.jpg]
[www.sali-group.com/Content/uploads/2020625764/20201110112020f427c179cf76470ba10fc02a74bb077b.jpg]
[www.sali-group.com/Content/uploads/2020625764/202011101120216e471fc0ca1f4b92bb3102015eebc459.jpg]
[www.sali-group.com/pliers/plier/long-nose-pliers.html]
[www.sali-group.com/uploads/202027152/american-combination-pliers34195592944.jpg]
[www.sali-group.com/images/27152/otherca2b.css]
[www.sali-group.com/uploads/202027152/small/american-combination-pliers33133725478.jpg]
[www.sali-group.com/uploads/202027152/small/american-combination-pliers33507518107.jpg]
[www.sali-group.com/uploads/202027152/small/american-combination-pliers33134818856.jpg]
[www.sali-group.com/Content/uploads/2020625764/20201110112233572efe188bc942748a819cfdcd1c64a7.jpg]
[www.sali-group.com/Content/uploads/2020625764/20201110112250af22e2d83fe24aa18b66e5f671900f8e.jpg]
[www.sali-group.com/Content/uploads/2020625764/20201110112252f94c6105b5ed44669a742b35a373af37.jpg]
[www.sali-group.com/pliers/plier/american-combination-pliers.html]
[www.sali-group.com/images/27152/other7520.css]
[www.sali-group.com/uploads/27152/sali-5inch-angle-grinder-6125b-1010w6601a.jpg]
[www.sali-group.com/images/27152/other300a.css]
[www.sali-group.com/uploads/27152/small/sali-5inch-angle-grinder-6125b-1010w78634.jpg]
[www.sali-group.com/uploads/27152/small/sali-5inch-angle-grinder-6125b-1010w16615.jpg]
[www.sali-group.com/uploads/27152/small/sali-5inch-angle-grinder-6125b-1010w6543f.jpg]
[www.sali-group.com/uploads/27152/small/sali-5inch-angle-grinder-6125b-1010wc3053.jpg]
[www.sali-group.com/uploads/27152/products/p20240625163629e3037.jpg]
[www.sali-group.com/high-pressure-power-tool/angle-grinder/sali-5inch-angle-grinder-6125b-1010w.html]
[www.sali-group.com/uploads/202027152/7-inch-angle-grinder29319361897.jpg]
[www.sali-group.com/images/27152/other6ede.css]
[www.sali-group.com/uploads/202027152/small/7-inch-angle-grinder29320299963.jpg]
[www.sali-group.com/uploads/202027152/small/7-inch-angle-grinder29321236686.jpg]
[www.sali-group.com/uploads/202027152/small/7-inch-angle-grinder29322490312.jpg]
[www.sali-group.com/uploads/202027152/small/7-inch-angle-grinder29323740403.jpg]
[www.sali-group.com/Content/uploads/2024625764/20240625162247c672d50d06724741a25a8c409ed1337b.png]
[www.sali-group.com/Content/uploads/2020625764/202011101028277456eda3e9cc4b58a8dbbfd33120e2f2.jpg]
[www.sali-group.com/Content/uploads/2020625764/20201110102829c4f0effe6252400a9a159deb83de86f6.jpg]
[www.sali-group.com/Content/uploads/2020625764/2020111010283269ef8fb486764e65872aba17d557bc25.jpg]
[www.sali-group.com/Content/uploads/2020625764/20201110102834239ec4f541664b0db68e69dd0286c7bc.jpg]
[www.sali-group.com/high-pressure-power-tool/angle-grinder/7-inch-angle-grinder.html]
[www.sali-group.com/uploads/27152/sali-angle-grinder-6180g-1800w8cf3a.jpg]
[www.sali-group.com/images/27152/othere198.css]
[www.sali-group.com/Content/uploads/2022625764/20220513192302e40219e7624a4c05ba0deb7eadc6dade.jpg]
[www.sali-group.com/Content/uploads/2022625764/202205131929172432f5f81322468e930966419dfd8ec1.jpg]
[www.sali-group.com/high-pressure-power-tool/angle-grinder/sali-angle-grinder-6180g-1800w.html]
[www.sali-group.com/uploads/202027152/9-inch-angle-grinder32203774622.jpg]
[www.sali-group.com/images/27152/otherb414.css]
[www.sali-group.com/uploads/202027152/small/9-inch-angle-grinder32204712588.jpg]
[www.sali-group.com/uploads/202027152/small/9-inch-angle-grinder32205962532.jpg]
[www.sali-group.com/uploads/202027152/small/9-inch-angle-grinder32206899854.jpg]
[www.sali-group.com/uploads/202027152/small/9-inch-angle-grinder32207681117.jpg]
[www.sali-group.com/Content/uploads/2020625764/202011101031309337f4f911114a3c9607a701666da28f.jpg]
[www.sali-group.com/Content/uploads/2020625764/20201110103140cd16b7629fb14541a4912fdb193ca837.jpg]
[www.sali-group.com/Content/uploads/2020625764/20201110103142be359b8c2278445fb7f91fd667a997eb.jpg]
[www.sali-group.com/Content/uploads/2020625764/20201110103144d1ab654ed4b44ff0beaf7805aae63920.jpg]
[www.sali-group.com/Content/uploads/2020625764/202011101031469018f3837ce244d68c0e09ad29351f1d.jpg]
[www.sali-group.com/high-pressure-power-tool/angle-grinder/9-inch-angle-grinder.html]
[www.sali-group.com/uploads/27152/sali-angle-grinder-6230gf0b69.jpg]
[www.sali-group.com/images/27152/othera640.css]
[www.sali-group.com/uploads/27152/small/sali-angle-grinder-6230g753dc.jpg]
[www.sali-group.com/uploads/27152/products/p20240308161449e1199.png]
[www.sali-group.com/uploads/27152/products/p20240308162441c5a3e.png]
[www.sali-group.com/uploads/27152/products/p202403081626571a9d4.png]
[www.sali-group.com/high-pressure-power-tool/angle-grinder/sali-angle-grinder-6230g.html]
[www.sali-group.com/uploads/27152/sali-angle-grinder-6230c-2800w311ef.jpg]
[www.sali-group.com/images/27152/othera95e.css]
[www.sali-group.com/uploads/27152/small/sali-angle-grinder-6230c-2800waa5af.jpg]
[www.sali-group.com/uploads/27152/small/sali-angle-grinder-6230c-2800we2951.jpg]
[www.sali-group.com/uploads/27152/small/sali-angle-grinder-6230c-2800wa095a.jpg]
[www.sali-group.com/uploads/27152/small/sali-angle-grinder-6230c-2800w0358a.jpg]
[www.sali-group.com/uploads/27152/small/sali-angle-grinder-6230c-2800w9aa51.jpg]
[www.sali-group.com/uploads/27152/small/sali-angle-grinder-6230c-2800wc67a9.jpg]
[www.sali-group.com/uploads/27152/products/p20240625161021e17a5.jpg]
[www.sali-group.com/high-pressure-power-tool/angle-grinder/sali-9inch-angle-grinder-6230c-2800w.html]
[www.sali-group.com/uploads/202327152/angle-grrinder-6100f41f80de7-bef3-406d-b963-d54ce9719dff.jpg]
[www.sali-group.com/images/27152/other4e56.css]
[www.sali-group.com/uploads/202327152/small/angle-grrinder-6100f7c8f717c-91e6-4c7e-aa9f-b8f7bf8bef56.jpg]
[www.sali-group.com/uploads/202327152/small/angle-grrinder-6100f40d22022-70a5-47a2-a3ae-bd8c07ed9e6d.jpg]
[www.sali-group.com/uploads/202327152/small/angle-grrinder-6100f2aa79834-1414-4c69-b03d-d28168ae8e0f.jpg]
[www.sali-group.com/Content/uploads/2023625764/20230106155649452470ffa1cd4dde95824090e7b81ce4.jpg]
[www.sali-group.com/Content/uploads/2023625764/202301061558035a649ca7a8fd466283b4cb8afb5bb13c.jpg]
[www.sali-group.com/Content/uploads/2023625764/20230106155811ce65590d802e42f39076745303a3d882.jpg]
[www.sali-group.com/Content/uploads/2023625764/2023010615591571980e2a5c2f4a46a58a0f3f09c4af1f.jpg]
[www.sali-group.com/high-pressure-power-tool/angle-grinder/angle-grrinder-6100f.html]
[www.sali-group.com/uploads/202227152/sali-angle-grinder-6115c-110v-120v22500882803.jpg]
[www.sali-group.com/images/27152/other2e4b.css]
[www.sali-group.com/uploads/202227152/small/sali-angle-grinder-6115c-110v-120v23240101815.jpg]
[www.sali-group.com/uploads/202227152/small/sali-angle-grinder-6115c-110v-120v23288695793.jpg]
[www.sali-group.com/uploads/202227152/small/sali-angle-grinder-6115c-110v-120v23429320722.jpg]
[www.sali-group.com/uploads/202227152/small/sali-angle-grinder-6115c-110v-120v23432914703.jpg]
[www.sali-group.com/uploads/202227152/small/sali-angle-grinder-6115c-110v-120v23477602131.jpg]
[www.sali-group.com/uploads/202227152/small/sali-angle-grinder-6115c-110v-120v23464946018.jpg]
[www.sali-group.com/Content/upload/2022625764/202207251434055514218.jpg]
[www.sali-group.com/Content/upload/2022625764/202207251434052284973.jpg]
[www.sali-group.com/Content/upload/2022625764/202207251434053757555.jpg]
[www.sali-group.com/Content/upload/2022625764/202207251434059528310.jpg]
[www.sali-group.com/high-pressure-power-tool/angle-grinder/sali-angle-grinder-6115c-110v-120v.html]
[www.sali-group.com/uploads/202127152/sali-100p-angle-grinder-high-speed48330028725.jpg]
[www.sali-group.com/images/27152/other7424.css]
[www.sali-group.com/uploads/202127152/small/sali-100p-angle-grinder-high-speed49413359316.jpg]
[www.sali-group.com/uploads/202127152/small/sali-100p-angle-grinder-high-speed49417408684.jpg]
[www.sali-group.com/uploads/202127152/small/sali-100p-angle-grinder-high-speed49428948974.jpg]
[www.sali-group.com/uploads/202127152/small/sali-100p-angle-grinder-high-speed49432658877.jpg]
[www.sali-group.com/high-pressure-power-tool/angle-grinder/sali-100p-angle-grinder-high-speed.html]
[www.sali-group.com/uploads/202027152/4-inch-angle-grinder19272187254.jpg]
[www.sali-group.com/images/27152/otherfebf.css]
[www.sali-group.com/uploads/202027152/small/4-inch-angle-grinder19273281556.jpg]
[www.sali-group.com/uploads/202027152/small/4-inch-angle-grinder19274531245.jpg]
[www.sali-group.com/uploads/202027152/small/4-inch-angle-grinder19275704477.jpg]
[www.sali-group.com/uploads/202027152/small/4-inch-angle-grinder19276867489.jpg]
[www.sali-group.com/Content/uploads/2020625764/20201110101749b7a839f744504e6faa218ef60cf889c8.jpg]
[www.sali-group.com/Content/uploads/2020625764/202011101018125378262b9e2a41deb6a093b6b26b5a7b.jpg]
[www.sali-group.com/Content/uploads/2020625764/20201110101824ef6ad3943baa49db8072bff97cfba9ae.jpg]
[www.sali-group.com/Content/uploads/2020625764/20201110101825f62b9b99bdbd472abd40a0a74ecd5a42.jpg]
[www.sali-group.com/Content/uploads/2020625764/20201110101827b6ddae1937f94e20b45e93062e29e015.jpg]
[www.sali-group.com/Content/uploads/2020625764/2020111010183246e92c1da9094ff3a11179f989915716.jpg]
[www.sali-group.com/high-pressure-power-tool/angle-grinder/4-inch-angle-grinder.html]
[www.sali-group.com/uploads/202027152/5-inch-angle-grinder25227888983.jpg]
[www.sali-group.com/images/27152/other9142.css]
[www.sali-group.com/uploads/202027152/small/5-inch-angle-grinder25229450762.jpg]
[www.sali-group.com/uploads/202027152/small/5-inch-angle-grinder25230701406.jpg]
[www.sali-group.com/uploads/202027152/small/5-inch-angle-grinder25231941906.jpg]
[www.sali-group.com/uploads/202027152/small/5-inch-angle-grinder25233036807.jpg]
[www.sali-group.com/Content/uploads/2020625764/202011101024386edb702c9c9e43a0bc0bfcebeeec44db.jpg]
[www.sali-group.com/Content/uploads/2020625764/20201110102447e0e46ca5214d467a8824bc98de2384de.jpg]
[www.sali-group.com/Content/uploads/2020625764/20201110102450c1f1feaaee93471fbc5352d39d722436.jpg]
[www.sali-group.com/Content/uploads/2020625764/20201110102452919093586cfc4bd4bb25863b3f769964.jpg]
[www.sali-group.com/Content/uploads/2020625764/202011101024553a6eabd8915141018b98e7a7862f7be3.jpg]
[www.sali-group.com/Content/uploads/2020625764/2020111010245714a56fddb20b4f009c35ae62325f00c2.jpg]
[www.sali-group.com/high-pressure-power-tool/angle-grinder/5-inch-angle-grinder.html]
[www.sali-group.com/showroom/7-inch-angle-grinder/index.html]
[www.sali-group.com/images/27152/otherc11b.css]
[www.sali-group.com/images/27152/other1024.css]
[www.sali-group.com/uploads/27152/demolition-hammer-95mm737f8.jpg]
[www.sali-group.com/images/27152/other3070.css]
[www.sali-group.com/uploads/27152/small/demolition-hammer-95mm004d4.jpg]
[www.sali-group.com/uploads/27152/small/demolition-hammer-95mm7c92a.jpg]
[www.sali-group.com/uploads/27152/small/demolition-hammer-95mm15263.jpg]
[www.sali-group.com/uploads/27152/products/p2024012310160624445.jpg]
[www.sali-group.com/uploads/27152/products/p20240123102634188b2.jpg]
[www.sali-group.com/uploads/27152/products/p20240123102647aaf5b.jpg]
[www.sali-group.com/uploads/27152/products/p20240123102718e60bc.jpg]
[www.sali-group.com/uploads/27152/products/p20240123102723db194.jpg]
[www.sali-group.com/high-pressure-power-tool/demolition-hammer/demolition-hammer-95mm.html]
[js01.v15cdn.com/modulard5d8.js]
[www.sali-group.com/uploads/202027152/sali-demolition-hammer-1350w42307780224.jpg]
[www.sali-group.com/Content/uploads/2020625764/20201210094511cb7917af8327416b8be5a4ab83d2b3ff.jpg]
[www.sali-group.com/Content/uploads/2020625764/202012100945125194f710f83d486aaef087669353a2bb.jpg]
[www.sali-group.com/Content/uploads/2020625764/202012100945152be5435b74c3455384fbbac0dd298f3d.jpg]
[www.sali-group.com/Content/uploads/2020625764/20201210094520f6237542867949beb6c14ec342a93c8d.jpg]
[www.sali-group.com/high-pressure-power-tool/demolition-hammer/sali-demolition-hammer-1350w.html]
[www.sali-group.com/uploads/202027152/sali-demolition-hammer-1500w36568050382.jpg]
[www.sali-group.com/images/27152/other8b4b.css]
[www.sali-group.com/uploads/202027152/small/sali-demolition-hammer-1500w40598078013.jpg]
[www.sali-group.com/uploads/202027152/small/sali-demolition-hammer-1500w40599181302.jpg]
[www.sali-group.com/uploads/202027152/small/sali-demolition-hammer-1500w41000743209.jpg]
[www.sali-group.com/uploads/202027152/small/sali-demolition-hammer-1500w41001993272.jpg]
[www.sali-group.com/Content/uploads/2020625764/2020121009411616597c225d6c437aa6f27977f00d84c2.jpg]
[www.sali-group.com/Content/uploads/2020625764/20201210094118fa9f8368989141bfb3216744f40063fd.jpg]
[www.sali-group.com/Content/uploads/2020625764/20201210094122a81a4c5f226f4ad1b8c0eba60bf4deb8.jpg]
[www.sali-group.com/Content/uploads/2020625764/20201210094123ad2ddff2cb1a46329645060fef3c4454.jpg]
[www.sali-group.com/high-pressure-power-tool/demolition-hammer/sali-demolition-hammer-1500w.html]
[www.sali-group.com/images/27152/other3e5d.css]
[www.sali-group.com/images/27152/other2f8f.css]
[www.sali-group.com/uploads/202027152/electric-hand-planer-blade27391462360.jpg]
[www.sali-group.com/images/27152/otherdd74.css]
[www.sali-group.com/uploads/202027152/small/electric-hand-planer-blade27552378189.jpg]
[www.sali-group.com/uploads/202027152/small/electric-hand-planer-blade27587714698.jpg]
[www.sali-group.com/Content/uploads/2020625764/20201123152859b9e426308a564d40bdb5b04a0945effb.jpg]
[www.sali-group.com/Content/uploads/2020625764/20201123152901dba7deaec8644e1289723eecbad34a7b.jpg]
[www.sali-group.com/Content/uploads/2020625764/20201123152903a927123a99fe4cad8992dffd316ed752.jpg]
[www.sali-group.com/Content/uploads/2020625764/20201123152909cf6a10a5ec2d4686ae8d90a2a4c6160e.jpg]
[www.sali-group.com/high-pressure-power-tool/electric-planer/electric-hand-planer-blade.html]
[www.sali-group.com/uploads/202027152/electric-wood-planer-machine-560w22101180665.jpg]
[www.sali-group.com/images/27152/othere44e.css]
[www.sali-group.com/uploads/202027152/small/electric-wood-planer-machine-560w22170476324.jpg]
[www.sali-group.com/Content/uploads/2020625764/202011231526084824244768c641d09d6768c2ed9f136e.jpg]
[www.sali-group.com/Content/uploads/2020625764/20201123152610e4470ecf43b74c86acc4874d290a7743.jpg]
[www.sali-group.com/Content/uploads/2020625764/20201123152613d6eb6b6967754f5ba9ff0d967914678c.jpg]
[www.sali-group.com/high-pressure-power-tool/electric-planer/electric-wood-planer-machine-560w.html]
[www.sali-group.com/images/27152/other204f.css]
[www.sali-group.com/uploads/202027152/jig-saw-65mm-as-600w40029163298.jpg]
[www.sali-group.com/images/27152/other0bf3.css]
[www.sali-group.com/Content/uploads/2020625764/2020112516403598219c7107404a3993a3e6aa8c0dd6e3.jpg]
[www.sali-group.com/high-pressure-power-tool/jig-saw/jig-saw-65mm-as-600w.html]
[www.sali-group.com/uploads/202027152/jig-saw-110mm-in-750w38280908625.jpg]
[www.sali-group.com/images/27152/otherbe08.css]
[www.sali-group.com/uploads/202027152/small/jig-saw-110mm-in-750w38380370870.jpg]
[www.sali-group.com/uploads/202027152/small/jig-saw-110mm-in-750w38392883184.jpg]
[www.sali-group.com/Content/uploads/2020625764/202011251639331215fb83122b4f19bb18d8bb1443b637.jpg]
[www.sali-group.com/Content/uploads/2020625764/2020112516393812492811cc634459a947d0b302ee06af.jpg]
[www.sali-group.com/Content/uploads/2020625764/2020112516393920bba08f59ec40769bfe5dd2f53e6990.jpg]
[www.sali-group.com/Content/uploads/2020625764/20201125163939165d96b443534bb694c4d3ed390cac75.jpg]
[www.sali-group.com/high-pressure-power-tool/jig-saw/jig-saw-110mm-in-750w.html]
[www.sali-group.com/showroom/jig-saw-110mm-in-750w/index.html]
[www.sali-group.com/images/27152/otherbe8f.css]
[www.sali-group.com/images/27152/other171e.css]
[www.sali-group.com/uploads/27152/sali-impact-drill0bea6.jpg]
[www.sali-group.com/images/27152/otherd041.css]
[www.sali-group.com/uploads/202127152/small/sali-impact-drill26569006897.jpg]
[www.sali-group.com/uploads/202127152/small/sali-impact-drill26578547235.jpg]
[www.sali-group.com/uploads/202127152/small/sali-impact-drill26584945892.jpg]
[www.sali-group.com/uploads/202127152/small/sali-impact-drill26586986473.jpg]
[www.sali-group.com/Content/uploads/2021625764/20210611154503c162ddcf5e494893a76a5a89b2ca18f2.jpg]
[www.sali-group.com/Content/uploads/2021625764/20210611154505c0dcb562b698447a8dea34ce87d53fdf.jpg]
[www.sali-group.com/high-pressure-power-tool/impact-drill/sali-impact-drill.html]
[www.sali-group.com/uploads/27152/electric-impact-drill-2113a-710wab00b.jpg]
[www.sali-group.com/images/27152/other88a9.css]
[www.sali-group.com/uploads/27152/small/electric-impact-drill-2113a-710wcd9a6.jpg]
[www.sali-group.com/uploads/27152/small/electric-impact-drill-2113a-710wa4c6f.jpg]
[www.sali-group.com/uploads/27152/small/electric-impact-drill-2113a-710w7da3b.jpg]
[www.sali-group.com/uploads/27152/small/electric-impact-drill-2113a-710w849a9.jpg]
[www.sali-group.com/uploads/27152/small/electric-impact-drill-2113a-710wf4397.jpg]
[www.sali-group.com/Content/uploads/2024625764/2024072511422364e04cbd75c643639855c10dd20c4957.jpg]
[www.sali-group.com/high-pressure-power-tool/impact-drill/electric-impact-drill-2113a-710w.html]
[www.sali-group.com/uploads/27152/aircraft-electric-drill-16mmcf614.jpg]
[www.sali-group.com/images/27152/othercf05.css]
[www.sali-group.com/uploads/202127152/small/aircraft-electric-drill-16mm59053196197.jpg]
[www.sali-group.com/uploads/202127152/small/aircraft-electric-drill-16mm59087731816.jpg]
[www.sali-group.com/uploads/202127152/small/aircraft-electric-drill-16mm59121208983.jpg]
[www.sali-group.com/Content/uploads/2021625764/2021060711214257471ee27dd14690b0acf3b6777d95c1.jpg]
[www.sali-group.com/Content/uploads/2024625764/20240725104806ff0d134845094f85b8b30f76a045b575.jpg]
[www.sali-group.com/high-pressure-power-tool/impact-drill/aircraft-electric-drill-16mm.html]
[www.sali-group.com/uploads/202227152/electric-drill-6mm-220-240v54177861211.jpg]
[www.sali-group.com/images/27152/otherd704.css]
[www.sali-group.com/uploads/202227152/small/electric-drill-6mm-220-240v52392548708.jpg]
[www.sali-group.com/uploads/202227152/small/electric-drill-6mm-220-240v52475048170.jpg]
[www.sali-group.com/uploads/202227152/small/electric-drill-6mm-220-240v52577079811.jpg]
[www.sali-group.com/uploads/202227152/small/electric-drill-6mm-220-240v53085829491.jpg]
[www.sali-group.com/uploads/202227152/small/electric-drill-6mm-220-240v53163642305.jpg]
[www.sali-group.com/Content/uploads/2022625764/2022060618544365c116a8d1804576a0fd641385a282eb.jpg]
[www.sali-group.com/Content/uploads/2022625764/20220606185513e5b28f5038724d12a915f8f0c040113f.jpg]
[www.sali-group.com/high-pressure-power-tool/impact-drill/electric-drill-6mm-220-240v.html]
[www.sali-group.com/uploads/202127152/sali-2106a-electric-drill13080846616.jpg]
[www.sali-group.com/images/27152/other8076.css]
[www.sali-group.com/uploads/202127152/small/sali-2106a-electric-drill12390566836.jpg]
[www.sali-group.com/uploads/202127152/small/sali-2106a-electric-drill12478311930.jpg]
[www.sali-group.com/uploads/202127152/small/sali-2106a-electric-drill12483160422.jpg]
[www.sali-group.com/uploads/202127152/small/sali-2106a-electric-drill12489728863.jpg]
[www.sali-group.com/Content/uploads/2021625764/202106081414044a3b7517dae24400bea876368dac4179.jpg]
[www.sali-group.com/high-pressure-power-tool/impact-drill/sali-2106a-electric-drill.html]
[www.sali-group.com/uploads/202027152/key-type-drill-chuck54038774527.jpg]
[www.sali-group.com/images/27152/other64bb.css]
[www.sali-group.com/uploads/202027152/small/key-type-drill-chuck54040337064.jpg]
[www.sali-group.com/uploads/202027152/small/key-type-drill-chuck54041274388.jpg]
[www.sali-group.com/uploads/202027152/small/key-type-drill-chuck54042368009.jpg]
[www.sali-group.com/Content/uploads/2020625764/2020111814525461c6440e6c504faa8e07d241e29613a9.jpg]
[www.sali-group.com/Content/uploads/2020625764/2020111814525960c5e7f5984d4ef397c1de3c13e8ead8.jpg]
[www.sali-group.com/Content/uploads/2020625764/202011181453010da4be5ef98c4c339b8163997257fd27.jpg]
[www.sali-group.com/Content/uploads/2020625764/202011181502015eb8e389f41547e68c957f21eb72143a.jpg]
[www.sali-group.com/Content/uploads/2020625764/2020111814530388526b6e02e143efafda00fba1d88a6d.jpg]
[www.sali-group.com/Content/uploads/2020625764/20201118145306998ae47bf64341eb873a96ae60b719b6.jpg]
[www.sali-group.com/high-pressure-power-tool/impact-drill/key-type-drill-chuck.html]
[www.sali-group.com/uploads/202027152/keyless-type-drill-chuck-for-ac-dc-power-tool57400060928.jpg]
[www.sali-group.com/images/27152/other335e.css]
[www.sali-group.com/uploads/202027152/small/keyless-type-drill-chuck-for-ac-dc-power-tool57401359806.jpg]
[www.sali-group.com/uploads/202027152/small/keyless-type-drill-chuck-for-ac-dc-power-tool57402298081.jpg]
[www.sali-group.com/uploads/202027152/small/keyless-type-drill-chuck-for-ac-dc-power-tool57403235048.jpg]
[www.sali-group.com/Content/uploads/2020625764/20201118145653eb4ce2ff35c649dda4d5b218c63143e7.jpg]
[www.sali-group.com/Content/uploads/2020625764/20201118145655f1e5dca3d0dd4b99942fbb7789063c80.jpg]
[www.sali-group.com/Content/uploads/2020625764/20201118145658ba9a8bb262cf4f968c291a0f914bb4d2.jpg]
[www.sali-group.com/Content/uploads/2020625764/20201118145659e5df9a873fa440a8a50144273c1e96f1.jpg]
[www.sali-group.com/Content/uploads/2020625764/202011181457014cbccab32e764869998a3c032f41659c.jpg]
[www.sali-group.com/Content/uploads/2020625764/202011181457035cb9e51b54bc4505b8e09b82295470c9.jpg]
[www.sali-group.com/high-pressure-power-tool/impact-drill/keyless-type-drill-chuck-for-ac-dc-power-tool.html]
[www.sali-group.com/uploads/202027152/key-type-drill-chuck-for-impact-drill01263421570.jpg]
[www.sali-group.com/images/27152/other3d76.css]
[www.sali-group.com/uploads/202027152/small/key-type-drill-chuck-for-impact-drill01264818262.jpg]
[www.sali-group.com/uploads/202027152/small/key-type-drill-chuck-for-impact-drill01265912020.jpg]
[www.sali-group.com/uploads/202027152/small/key-type-drill-chuck-for-impact-drill01267006197.jpg]
[www.sali-group.com/Content/uploads/2020625764/2020111814595905dcb607b1214240a068dc68b6090304.jpg]
[www.sali-group.com/Content/uploads/2020625764/2020111815000206fe62bde49f461589e1efdf5ca09b7b.jpg]
[www.sali-group.com/Content/uploads/2020625764/20201118150004c4fa633680654f1f9f51cc2cae295c7d.jpg]
[www.sali-group.com/Content/uploads/2020625764/20201118150005b6de7866342f4c8ea8df400f42757b84.jpg]
[www.sali-group.com/Content/uploads/2020625764/202011181500075c0d38d87ec04e4180058eb462879f21.jpg]
[www.sali-group.com/Content/uploads/2020625764/20201118150010682b53df94ca4a748502080081a66304.jpg]
[www.sali-group.com/high-pressure-power-tool/impact-drill/key-type-drill-chuck-for-impact-drill.html]
[www.sali-group.com/images/27152/othera973.css]
[www.sali-group.com/uploads/202127152/sali-2132p-rotary-hammer42191666290.jpg]
[www.sali-group.com/images/27152/other525a-2.css]
[www.sali-group.com/uploads/202127152/small/sali-2132p-rotary-hammer42513512698.jpg]
[www.sali-group.com/uploads/202127152/small/sali-2132p-rotary-hammer42517770016.jpg]
[www.sali-group.com/uploads/202127152/small/sali-2132p-rotary-hammer42525875445.jpg]
[www.sali-group.com/uploads/202127152/small/sali-2132p-rotary-hammer42539157267.jpg]
[www.sali-group.com/uploads/202127152/small/sali-2132p-rotary-hammer42548075620.jpg]
[www.sali-group.com/uploads/202127152/small/sali-2132p-rotary-hammer42549794344.jpg]
[www.sali-group.com/Content/uploads/2021625764/202106161444394b8ac56376084e319b5b7d49034297db.jpg]
[www.sali-group.com/Content/uploads/2021625764/202106161444406fd8cb0c0de74e71a4368a492d704ae0.jpg]
[www.sali-group.com/Content/uploads/2021625764/20210616144441084420e78ce14fbd9f12006247d8d890.jpg]
[www.sali-group.com/Content/uploads/2021625764/20210616144441c93601e347824953b654b5fd327681b6.jpg]
[www.sali-group.com/Content/uploads/2021625764/20210616144443c0d8f37111544faba4564054b53a32cd.jpg]
[www.sali-group.com/Content/uploads/2021625764/20210616144444065ab3c7ed0b4b23a08c78c0a4bc7dbb.jpg]
[www.sali-group.com/Content/uploads/2021625764/202106161444463ca8b16490884badbf1a27b046772279.jpg]
[www.sali-group.com/Content/uploads/2021625764/20210616144446ee879932baaf4c01bf721de43439445f.jpg]
[www.sali-group.com/high-pressure-power-tool/rotary-hammer/sali-2132p-rotary-hammer.html]
[www.sali-group.com/images/27152/otherf31c.css]
[www.sali-group.com/uploads/202227152/reciprocating-saw13181925059.jpg]
[www.sali-group.com/images/27152/other04ee.css]
[www.sali-group.com/uploads/202227152/small/reciprocating-saw21464581399.jpg]
[www.sali-group.com/uploads/202227152/small/reciprocating-saw21468956301.jpg]
[www.sali-group.com/uploads/202227152/small/reciprocating-saw21479269482.jpg]
[www.sali-group.com/uploads/202227152/small/reciprocating-saw21474425336.jpg]
[www.sali-group.com/Content/uploads/2022625764/2022061118290605b91aac772940ea9dc404c897955a26.jpg]
[www.sali-group.com/Content/uploads/2022625764/20220611182941d08354742129487d936e14164f273d7f.jpg]
[www.sali-group.com/high-pressure-power-tool/power-saws/reciprocating-saw.html]
[www.sali-group.com/uploads/202227152/sali-wall-chaser-with-saw-blade-change15001360452.jpg]
[www.sali-group.com/images/27152/other4163.css]
[www.sali-group.com/uploads/202227152/small/sali-wall-chaser-with-saw-blade-change15091204902.jpg]
[www.sali-group.com/uploads/202227152/small/sali-wall-chaser-with-saw-blade-change15262610566.jpg]
[www.sali-group.com/uploads/202227152/small/sali-wall-chaser-with-saw-blade-change15276829236.jpg]
[www.sali-group.com/uploads/202227152/small/sali-wall-chaser-with-saw-blade-change15271204673.jpg]
[www.sali-group.com/uploads/202227152/small/sali-wall-chaser-with-saw-blade-change15287610620.jpg]
[www.sali-group.com/uploads/202227152/small/sali-wall-chaser-with-saw-blade-change15282141713.jpg]
[www.sali-group.com/Content/uploads/2022625764/20220331111943eb8dfa9a5da041d9a417f1b5bed86a49.jpg]
[www.sali-group.com/Content/uploads/2022625764/202203311119101ce388612282475aa9864839af19df8c.jpg]
[www.sali-group.com/Content/uploads/2022625764/202203311119102350501217eb47479e2232e530fe64c4.jpg]
[www.sali-group.com/Content/uploads/2022625764/202203311121257138e4abef004f399504dea8da95aa37.jpg]
[www.sali-group.com/Content/uploads/2022625764/202203311121253166ff1847294065a71e49abd0411b40.jpg]
[www.sali-group.com/high-pressure-power-tool/power-saws/sali-wall-chaser-with-saw-blade-change.html]
[www.sali-group.com/uploads/202227152/sali-circular-saw-use-tct-saw-blade58593215971.jpg]
[www.sali-group.com/images/27152/otherd259.css]
[www.sali-group.com/uploads/202227152/small/sali-circular-saw-use-tct-saw-blade02217590794.jpg]
[www.sali-group.com/uploads/202227152/small/sali-circular-saw-use-tct-saw-blade02209935002.jpg]
[www.sali-group.com/uploads/202227152/small/sali-circular-saw-use-tct-saw-blade02215716077.jpg]
[www.sali-group.com/uploads/202227152/small/sali-circular-saw-use-tct-saw-blade02220559809.jpg]
[www.sali-group.com/uploads/202227152/small/sali-circular-saw-use-tct-saw-blade02224778609.jpg]
[www.sali-group.com/uploads/202227152/small/sali-circular-saw-use-tct-saw-blade02228684403.jpg]
[www.sali-group.com/Content/uploads/2022625764/202203261000585c9c2fb2607a42038e10f67db461ce32.jpg]
[www.sali-group.com/Content/uploads/2022625764/2022032610005849f9b3714f344dbda7f43ebd8ac17d11.jpg]
[www.sali-group.com/Content/uploads/2022625764/202203261001345029823bcb334fd8bbbe6f2357a370cf.jpg]
[www.sali-group.com/high-pressure-power-tool/power-saws/sali-circular-saw-use-tct-saw-blade.html]
[www.sali-group.com/uploads/202227152/upgraded-sali-aluminum-sawing-with-steel52385698746.jpg]
[www.sali-group.com/images/27152/other7581.css]
[www.sali-group.com/uploads/202227152/small/upgraded-sali-aluminum-sawing-with-steel52552730145.jpg]
[www.sali-group.com/uploads/202227152/small/upgraded-sali-aluminum-sawing-with-steel52557730229.jpg]
[www.sali-group.com/uploads/202227152/small/upgraded-sali-aluminum-sawing-with-steel52568667806.jpg]
[www.sali-group.com/uploads/202227152/small/upgraded-sali-aluminum-sawing-with-steel52563511382.jpg]
[www.sali-group.com/uploads/202227152/small/upgraded-sali-aluminum-sawing-with-steel52574136481.jpg]
[www.sali-group.com/uploads/202227152/small/upgraded-sali-aluminum-sawing-with-steel52579604990.jpg]
[www.sali-group.com/Content/uploads/2022625764/2022032609551572ac384969d54abb9ceb5a79db021edd.jpg]
[www.sali-group.com/Content/uploads/2022625764/20220326095530feb1d9a8d9054f63af3b5d9c8f063d89.jpg]
[www.sali-group.com/Content/uploads/2022625764/20220326095530ff1ea18697ac4618bc5b37bf75b6be7d.jpg]
[www.sali-group.com/Content/uploads/2022625764/2022032609565524c91014cffd4c4cb2752bfaeed749da.jpg]
[www.sali-group.com/high-pressure-power-tool/power-saws/upgraded-sali-aluminum-sawing-with-steel.html]
[www.sali-group.com/uploads/202227152/sali-255mm-1800w-high-speed-miter-saw44147241154.jpg]
[www.sali-group.com/images/27152/other6cae.css]
[www.sali-group.com/uploads/202227152/small/sali-255mm-1800w-high-speed-miter-saw48229292412.jpg]
[www.sali-group.com/uploads/202227152/small/sali-255mm-1800w-high-speed-miter-saw48232573742.jpg]
[www.sali-group.com/uploads/202227152/small/sali-255mm-1800w-high-speed-miter-saw48243199172.jpg]
[www.sali-group.com/uploads/202227152/small/sali-255mm-1800w-high-speed-miter-saw48239761617.jpg]
[www.sali-group.com/Content/uploads/2022625764/202203260949437ba42ccfd68b4e1ebf2497f29b2b47bc.jpg]
[www.sali-group.com/high-pressure-power-tool/power-saws/sali-255mm-1800w-high-speed-miter-saw.html]
[www.sali-group.com/showroom/key-type-drill-chuck/index.html]
[www.sali-group.com/images/27152/other29b9.css]
[www.sali-group.com/images/27152/other4a6c.css]
[www.sali-group.com/uploads/202227152/sali-household-heat-gun24219210817.jpg]
[www.sali-group.com/images/27152/othere6a2.css]
[www.sali-group.com/uploads/202227152/small/sali-household-heat-gun24485774030.jpg]
[www.sali-group.com/uploads/202227152/small/sali-household-heat-gun24489679739.jpg]
[www.sali-group.com/uploads/202227152/small/sali-household-heat-gun24506242047.jpg]
[www.sali-group.com/uploads/202227152/small/sali-household-heat-gun24495773382.jpg]
[www.sali-group.com/uploads/202227152/small/sali-household-heat-gun24500618319.jpg]
[www.sali-group.com/Content/uploads/2022625764/20220331112507678ee1d2c6b04a1eaac6c5c5d00c429b.jpg]
[www.sali-group.com/Content/uploads/2022625764/2022033111264316298b6fb17e48aca5331db7f188cafc.jpg]
[www.sali-group.com/Content/uploads/2022625764/20220331112643c1c93cbabaa34ef2a35851456ffabe94.jpg]
[www.sali-group.com/high-pressure-power-tool/other-power-tools/sali-household-heat-gun.html]
[www.sali-group.com/uploads/202227152/sali-best-quality-hand-use-blower49465405350.jpg]
[www.sali-group.com/images/27152/other5264.css]
[www.sali-group.com/uploads/202227152/small/sali-best-quality-hand-use-blower49553217938.jpg]
[www.sali-group.com/uploads/202227152/small/sali-best-quality-hand-use-blower49564468657.jpg]
[www.sali-group.com/uploads/202227152/small/sali-best-quality-hand-use-blower49562124497.jpg]
[www.sali-group.com/Content/uploads/2022625764/2022033014485263446c990e0a4404b4806d4d3564d526.jpg]
[www.sali-group.com/high-pressure-power-tool/other-power-tools/sali-best-quality-hand-use-blower.html]
[www.sali-group.com/uploads/202227152/sali-mimi-trimmer-hand-easy-to-hold-and-use43242576543.jpg]
[www.sali-group.com/images/27152/other5e91.css]
[www.sali-group.com/uploads/202227152/small/sali-mimi-trimmer-hand-easy-to-hold-and-use43403201898.jpg]
[www.sali-group.com/uploads/202227152/small/sali-mimi-trimmer-hand-easy-to-hold-and-use43419139065.jpg]
[www.sali-group.com/uploads/202227152/small/sali-mimi-trimmer-hand-easy-to-hold-and-use43409140244.jpg]
[www.sali-group.com/uploads/202227152/small/sali-mimi-trimmer-hand-easy-to-hold-and-use43413826946.jpg]
[www.sali-group.com/uploads/202227152/small/sali-mimi-trimmer-hand-easy-to-hold-and-use43430389022.jpg]
[www.sali-group.com/Content/uploads/2022625764/202203301442159c43a50927fc4b11be8c89462994b7dd.jpg]
[www.sali-group.com/Content/uploads/2022625764/202203301443580924d52fd65641efb8534a1fced17535.jpg]
[www.sali-group.com/high-pressure-power-tool/other-power-tools/sali-mimi-trimmer-hand-easy-to-hold-and-use.html]
[www.sali-group.com/uploads/202227152/sali-high-performance-two-models-of-electric35465256181.jpg]
[www.sali-group.com/images/27152/other3c20.css]
[www.sali-group.com/uploads/202227152/small/sali-high-performance-of-electric-router36290724944.jpg]
[www.sali-group.com/uploads/202227152/small/sali-high-performance-of-electric-router36307443967.jpg]
[www.sali-group.com/uploads/202227152/small/sali-high-performance-of-electric-router36296818550.jpg]
[www.sali-group.com/uploads/202227152/small/sali-high-performance-of-electric-router36302287318.jpg]
[www.sali-group.com/uploads/202227152/small/sali-high-performance-of-electric-router36318381901.jpg]
[www.sali-group.com/uploads/202227152/small/sali-high-performance-of-electric-router36313069224.jpg]
[www.sali-group.com/Content/uploads/2022625764/2022033014365552c4796a0ac14e8daad423a8aa85d2f1.jpg]
[www.sali-group.com/Content/uploads/2022625764/202203301436550813de2bfb7d418b814b6b5c769526f8.jpg]
[www.sali-group.com/high-pressure-power-tool/other-power-tools/sali-high-performance-of-electric-router.html]
[www.sali-group.com/uploads/202127152/sali-high-quality-bench-grinder-3-type-can14324775709.jpg]
[www.sali-group.com/images/27152/otherf51b.css]
[www.sali-group.com/uploads/202127152/small/sali-high-quality-bench-grinder-3-type-can15032378607.jpg]
[www.sali-group.com/uploads/202127152/small/sali-high-quality-bench-grinder-3-type-can15043339998.jpg]
[www.sali-group.com/uploads/202127152/small/sali-high-quality-bench-grinder-3-type-can15038194112.jpg]
[www.sali-group.com/uploads/202127152/small/sali-high-quality-bench-grinder-3-type-can15321248788.jpg]
[www.sali-group.com/uploads/202127152/small/sali-high-quality-bench-grinder-3-type-can15342360344.jpg]
[www.sali-group.com/Content/uploads/2021625764/20211231111634fb0b2a8812244e67961e37f761e7925d.jpg]
[www.sali-group.com/Content/uploads/2021625764/20211231111634d1a233c06d734fd8a85c1e5a0c56555e.jpg]
[www.sali-group.com/Content/uploads/2021625764/20211231111634b2b05594b95740f681a79e2a1e6937b7.jpg]
[www.sali-group.com/Content/uploads/2021625764/2021123111163539ba2fea18ad474e99085fd0b6acef03.jpg]
[www.sali-group.com/Content/uploads/2021625764/20211231111635f74640048f3540d88e6dffc73e7fed70.jpg]
[www.sali-group.com/Content/uploads/2021625764/20211231111635962eb8666c49461997a6cc07a42b77ae.jpg]
[www.sali-group.com/Content/uploads/2021625764/202112311116365005a90a31b54ce0a09313de0ff3a675.jpg]
[www.sali-group.com/Content/uploads/2021625764/202112311116369cad762e20b8429188aebd43405a5ac6.jpg]
[www.sali-group.com/Content/uploads/2021625764/2021123111163733d595bff3be4e01b25dfc5495129cea.jpg]
[www.sali-group.com/high-pressure-power-tool/other-power-tools/sali-high-quality-bench-grinder-3-type-can.html]
[www.sali-group.com/images/27152/otherbfc3.css]
[www.sali-group.com/images/27152/other3e2a.css]
[www.sali-group.com/uploads/202227152/sali-hand-pushed-large-multi-functional-high31034793658.jpg]
[www.sali-group.com/images/27152/other2e9f.css]
[www.sali-group.com/uploads/202227152/small/sali-hand-pushed-large-multi-functional-high26453856625.jpg]
[www.sali-group.com/uploads/202227152/small/sali-hand-pushed-large-multi-functional-high39144045023.jpg]
[www.sali-group.com/uploads/202227152/small/sali-hand-pushed-large-multi-functional-high39147013809.jpg]
[www.sali-group.com/uploads/202227152/small/sali-hand-pushed-large-multi-functional-high39165294971.jpg]
[www.sali-group.com/uploads/202227152/small/sali-hand-pushed-large-multi-functional-high39154514068.jpg]
[www.sali-group.com/uploads/202227152/small/sali-hand-pushed-large-multi-functional-high39158888946.jpg]
[www.sali-group.com/Content/uploads/2022625764/202203281443405a65bfa437994881a6cb22274d8e313c.jpg]
[www.sali-group.com/Content/uploads/2022625764/20220328144340edb8efd44d284a25adb2e7f56d6acf55.jpg]
[www.sali-group.com/Content/uploads/2022625764/20220328144340364ac76c8c82439bb801ebf0ec381416.jpg]
[www.sali-group.com/Content/uploads/2022625764/20220328144341d6290f53fb5a434caf7d21b420438637.jpg]
[www.sali-group.com/Content/uploads/2022625764/2022032814434102a8b5a64cdd4c17b3feb37a9795bc7d.jpg]
[www.sali-group.com/Content/uploads/2022625764/20220328144341c64ad458e38844c09d411fd7bf4530ce.jpg]
[www.sali-group.com/high-pressure-power-tool/high-pressure-washer/sali-hand-pushed-large-multi-functional-high.html]
[www.sali-group.com/uploads/202227152/sali-multi-function-car-washing-machine25027137671.jpg]
[www.sali-group.com/images/27152/other186f-2.css]
[www.sali-group.com/uploads/202227152/small/sali-multi-function-car-washing-machine25170418534.jpg]
[www.sali-group.com/uploads/202227152/small/sali-multi-function-car-washing-machine25175419024.jpg]
[www.sali-group.com/uploads/202227152/small/sali-multi-function-car-washing-machine25180262945.jpg]
[www.sali-group.com/Content/uploads/2022625764/2022032814154700cb9e1e2a6e406c9eb494ce5e211558.jpg]
[www.sali-group.com/Content/uploads/2022625764/202203281415480da2e179e7bc466781b7ac7fea3e6492.jpg]
[www.sali-group.com/Content/uploads/2022625764/202203281415501fb41a1b94ec477a9fe85c5fb3e43679.jpg]
[www.sali-group.com/Content/uploads/2022625764/20220328141703ddbb21cb5a8c4a2db64174fb6e0c6c5e.jpg]
[www.sali-group.com/Content/uploads/2022625764/202203281419088598a3b4147944fea0c3b643b909b7d1.jpg]
[www.sali-group.com/high-pressure-power-tool/high-pressure-washer/sali-multi-function-car-washing-machine.html]
[www.sali-group.com/showroom/grinding-wheel-for-metal/index.html]
[www.sali-group.com/images/27152/other1348.css]
[cdn.seo.com.cn/Content/Images/nine-icon-white.png]
[css01.v15cdn.com/templates.css]
[www.sali-group.com/images/27152/othere584.css]
[www.sali-group.com/images/27152/other1622.css]
[www.sali-group.com/images/27152/other4ea8.css]
[www.sali-group.com/images/27152/other2b4e.css]
[www.sali-group.com/images/27152/otherd7b3.css]
[www.sali-group.com/images/27152/other8067.css]
[www.sali-group.com/showroom/t29-calcined-alumuinum-flap-disc/index.html]
[www.sali-group.com/showroom/flap-disc/-wheel-for-angle-grinder/index.html]
[www.sali-group.com/images/27152/otherf82a.css]
[www.sali-group.com/images/27152/otherccf4.css]
[www.sali-group.com/images/27152/otherff1e.css]
[www.sali-group.com/images/27152/otherc4d3.css]
[www.sali-group.com/images/27152/other6747.css]
[www.sali-group.com/showroom/amecian-diagonal-cutting-pliers/index.html]
[www.sali-group.com/images/27152/otherc243.css]
[www.sali-group.com/images/27152/other09cc.css]
[www.sali-group.com/showroom/diamond-wet-polishing-pad/index.html]
[www.sali-group.com/images/27152/other616a.css]
[www.sali-group.com/showroom/folding-utility-knife/index.html]
[www.sali-group.com/images/27152/other1016.css]
[www.sali-group.com/showroom/retractable-utility-knife/index.html]
[www.sali-group.com/images/27152/other825c.css]
[www.sali-group.com/showroom/zinc-alloy-retractable-utility-knife/index.html]
[www.sali-group.com/images/27152/otherb699.css]
[www.sali-group.com/showroom/abs-folding-utility-knife/index.html]
[www.sali-group.com/images/27152/other8a44.css]
[www.sali-group.com/showroom/keyless-type-drill-chuck-for-ac-dc-power-tool/index.html]
[www.sali-group.com/images/27152/other2c61.css]
[www.sali-group.com/showroom/saw-blade-for-aluminum/index.html]
[www.sali-group.com/images/27152/other15b1.css]
[www.sali-group.com/images/27152/othereff0.css]
[www.sali-group.com/images/27152/other23f7.css]
[www.sali-group.com/showroom/segment-diamond-saw-blade/index.html]
[www.sali-group.com/images/27152/other1a48.css]
[www.sali-group.com/uploads/202027152/plastic-welding-machine-set06244040281.jpg]
[www.sali-group.com/images/27152/otherb37b.css]
[www.sali-group.com/uploads/202027152/small/plastic-welding-machine-set06245134079.jpg]
[www.sali-group.com/uploads/202027152/small/plastic-welding-machine-set06246073027.jpg]
[www.sali-group.com/uploads/202027152/small/plastic-welding-machine-set06247321438.jpg]
[www.sali-group.com/Content/uploads/2020625764/20201110100528aeea0e92df054b14805a2a250e830904.jpg]
[www.sali-group.com/Content/uploads/2020625764/20201110100546164d617026fd420ebe01f1b726515a9c.jpg]
[www.sali-group.com/Content/uploads/2020625764/202011101005480560de24955a41b38cf5290832a52e91.jpg]
[www.sali-group.com/Content/uploads/2020625764/20201110100549410ef0c6d620481f90d2470672d6a5ff.jpg]
[www.sali-group.com/Content/uploads/2020625764/202011101005529f0180ab1242475aa0cbb02e689ea60d.jpg]
[www.sali-group.com/welding-tools/plastic-welding-machine-set.html]
[www.sali-group.com/images/27152/other224d.css]
[www.sali-group.com/images/27152/other496a.css]
[www.sali-group.com/uploads/202027152/electrode-holder07205196504.jpg]
[www.sali-group.com/images/27152/other5b6f-2.css]
[www.sali-group.com/uploads/202027152/small/electrode-holder08442106281.jpg]
[www.sali-group.com/uploads/202027152/small/electrode-holder08443200064.jpg]
[www.sali-group.com/uploads/202027152/small/electrode-holder08444293830.jpg]
[www.sali-group.com/uploads/202027152/small/electrode-holder08445387577.jpg]
[www.sali-group.com/uploads/202027152/small/electrode-holder08446404467.jpg]
[www.sali-group.com/Content/uploads/2020625764/202011101007535d9f35fc21344852ae35f4fb97bd02b4.jpg]
[www.sali-group.com/Content/uploads/2020625764/20201110100820aeea85c6e3704af3bc84ae536eba43fb.jpg]
[www.sali-group.com/welding-tools/electrode-holder.html]
[www.sali-group.com/uploads/202027152/t-type-knife-blade23209173360.jpg]
[www.sali-group.com/images/27152/othera36b.css]
[www.sali-group.com/uploads/202027152/small/t-type-knife-blade23266568421.jpg]
[www.sali-group.com/uploads/202027152/small/t-type-knife-blade23267660616.jpg]
[www.sali-group.com/uploads/202027152/small/t-type-knife-blade23268598550.jpg]
[www.sali-group.com/uploads/202027152/small/t-type-knife-blade23269692088.jpg]
[www.sali-group.com/Content/uploads/2020625764/202011101322080b25f9d2ba084445baa23b2f2d95c970.jpg]
[www.sali-group.com/Content/uploads/2020625764/20201110132230c12b98b594904f3d85ceab70a211d195.jpg]
[www.sali-group.com/pliers/knife/t-type-knife-blade.html]
[www.sali-group.com/images/27152/other36ea.css]
[www.sali-group.com/showroom/marble-diamond-polish-pad/index.html]
[www.sali-group.com/images/27152/other5574.css]
[www.sali-group.com/showroom/diamond-dry-polish-pad/index.html]
[www.sali-group.com/images/27152/other421d.css]
[www.sali-group.com/uploads/202027152/dc-inverter-welder50446463226.jpg]
[www.sali-group.com/images/27152/other047f.css]
[www.sali-group.com/uploads/202027152/small/dc-inverter-welder50447561466.jpg]
[www.sali-group.com/uploads/202027152/small/dc-inverter-welder50448493894.jpg]
[www.sali-group.com/uploads/202027152/small/dc-inverter-welder50449587584.jpg]
[www.sali-group.com/uploads/202027152/small/dc-inverter-welder50450524959.jpg]
[www.sali-group.com/Content/uploads/2020625764/202011100947517f021a4bb8b74d1e91a1d78f55abccc9.jpg]
[www.sali-group.com/Content/uploads/2020625764/20201110094858bd91df49604c4ecb871a3b763d52d54d.jpg]
[www.sali-group.com/Content/uploads/2020625764/2020111009490064550b588d2241bb80c73634cd6adefa.jpg]
[www.sali-group.com/welding-tools/dc-inverter-welder.html]
[www.sali-group.com/images/27152/other58f3.css]
[www.sali-group.com/uploads/202227152/locking-pliers36333762913.jpg]
[www.sali-group.com/images/27152/other1bf3.css]
[www.sali-group.com/uploads/202027152/small/locking-pliers42550008885.jpg]
[www.sali-group.com/uploads/202027152/small/locking-pliers42551223192.jpg]
[www.sali-group.com/uploads/202027152/small/locking-pliers42552518775.jpg]
[www.sali-group.com/uploads/202027152/small/locking-pliers42553612466.jpg]
[www.sali-group.com/Content/uploads/2020625764/20201110114146a38abc54e1ad4916bafd8971147eb10d.jpg]
[www.sali-group.com/Content/uploads/2020625764/20201110114148ed35443befb44ba789d3015862a93124.jpg]
[www.sali-group.com/Content/uploads/2020625764/202011101141518e847b666b0148469dafe20f59854e87.jpg]
[www.sali-group.com/pliers/plier/locking-pliers.html]
[www.sali-group.com/images/27152/other371f.css]
[www.sali-group.com/images/27152/other160e.css]
[www.sali-group.com/showroom/proffesional-diamond-saw-blade/index.html]
[www.sali-group.com/images/27152/other2e92.css]
[www.sali-group.com/showroom/diamond-wheels-bits/index.html]
[www.sali-group.com/images/27152/other49ed.css]
[www.sali-group.com/showroom/diamond-grinding-plate/index.html]
[www.sali-group.com/images/27152/other1813.css]
[www.sali-group.com/showroom/diamond-grinding-wheel-with-double-row/index.html]
[www.sali-group.com/images/27152/other22b9.css]
[www.sali-group.com/uploads/202027152/pump-pliers36224803868.jpg]
[www.sali-group.com/images/27152/other2ecd.css]
[www.sali-group.com/uploads/202027152/small/pump-pliers36225897513.jpg]
[www.sali-group.com/uploads/202027152/small/pump-pliers36226835224.jpg]
[www.sali-group.com/uploads/202027152/small/pump-pliers36227772829.jpg]
[www.sali-group.com/uploads/202027152/small/pump-pliers36228729787.jpg]
[www.sali-group.com/Content/uploads/2020625764/20201110113529feae765d2d194449bedf21871b07510a.jpg]
[www.sali-group.com/Content/uploads/2020625764/20201110113531a4969ddd1ae14daa9b29eed6b79fa332.jpg]
[www.sali-group.com/Content/uploads/2020625764/20201110113544da259b00fab14d2db18f60ea1e7340a1.jpg]
[www.sali-group.com/Content/uploads/2020625764/20201110113550ed6ab648c49047c4a515f13bc49a6c06.jpg]
[www.sali-group.com/Content/uploads/2020625764/2020111011355287feb7bdffb74e2a931ce3085f7152a4.jpg]
[www.sali-group.com/Content/uploads/2020625764/20201110113554bb5b97533c194316a31da54d52e7f5b3.jpg]
[www.sali-group.com/Content/uploads/2020625764/20201110113556c0c72f24b51544fa836a5c49df3103e1.jpg]
[www.sali-group.com/Content/uploads/2020625764/202011101135582ba17b24e032458ebdabb05b940144ac.jpg]
[www.sali-group.com/pliers/plier/pump-pliers.html]
[www.sali-group.com/images/27152/otherca84.css]
[www.sali-group.com/showroom/diamond-grinding-wheel-with-turbo/index.html]
[www.sali-group.com/images/27152/otherd73d.css]
[www.sali-group.com/images/27152/otherd67e.css]
[www.sali-group.com/images/27152/other0664.css]
[www.sali-group.com/images/27152/otherf349.css]
[www.sali-group.com/showroom/diamond-blade/-for-circular-saw/index.html]
[www.sali-group.com/images/27152/other5aba.css]
[www.sali-group.com/showroom/diamond-proffessional-saw-blades/index.html]
[www.sali-group.com/images/27152/otherd3f8.css]
[www.sali-group.com/showroom/proffessional-diamond-hole-saw/index.html]
[www.sali-group.com/images/27152/otherbd3c.css]
[www.sali-group.com/showroom/diamond-blade/index.html]
[www.sali-group.com/images/27152/other74b0.css]
[www.sali-group.com/images/27152/other8661.css]
[www.sali-group.com/uploads/202027152/amecian-long-nose-pliers32398895209.jpg]
[www.sali-group.com/images/27152/other5bb8.css]
[www.sali-group.com/uploads/202027152/small/amecian-long-nose-pliers32400144980.jpg]
[www.sali-group.com/uploads/202027152/small/amecian-long-nose-pliers32401239114.jpg]
[www.sali-group.com/uploads/202027152/small/amecian-long-nose-pliers32402646306.jpg]
[www.sali-group.com/uploads/202027152/small/amecian-long-nose-pliers32403583392.jpg]
[www.sali-group.com/Content/uploads/2020625764/20201110113027909ff11980764cf1b8205779c309b66e.jpg]
[www.sali-group.com/Content/uploads/2020625764/202011101131402c6229a8687846fd8fdae5e97368826a.jpg]
[www.sali-group.com/Content/uploads/2020625764/20201110113141e7b6c643133f48d58fec77d896d0dda5.jpg]
[www.sali-group.com/Content/uploads/2020625764/20201110113143c3d3391ced3a488d9dad4e834e8e1b3e.jpg]
[www.sali-group.com/pliers/plier/amecian-long-nose-pliers.html]
[www.sali-group.com/showroom/electric-hand-planer-blade/index.html]
[www.sali-group.com/images/27152/other4ccb.css]
[www.sali-group.com/images/27152/otherf97b.css]
[www.sali-group.com/showroom/gasoline-water-pump/index.html]
[www.sali-group.com/images/27152/other4cc7.css]
[www.sali-group.com/images/27152/other81d3.css]
[www.sali-group.com/showroom/10-in-tct-saw-blade-for-metal/index.html]
[www.sali-group.com/images/27152/other61e3.css]
[www.sali-group.com/showroom/30-teech-saw-blade-1-in-hole/index.html]
[www.sali-group.com/images/27152/otherb794.css]
[www.sali-group.com/showroom/tct-circular-saw-blade/index.html]
[www.sali-group.com/images/27152/other94fb.css]
[www.sali-group.com/images/27152/other155e.css]
[www.sali-group.com/images/27152/other299c.css]
[www.sali-group.com/images/27152/other6e61.css]
[www.sali-group.com/images/27152/other4986.css]
[www.sali-group.com/images/27152/other0cb1.css]
[www.sali-group.com/images/27152/otherac0c.css]
[www.sali-group.com/images/27152/othera0ae.css]
[www.sali-group.com/images/27152/other7781.css]
[www.sali-group.com/images/27152/otherd449.css]
[www.sali-group.com/images/27152/other1afd.css]
[www.sali-group.com/showroom/inox-wheel-grit-a-60-sgp/index.html]
[www.sali-group.com/showroom/hammer/index.html]
[www.sali-group.com/images/27152/othercee0.css]
[www.sali-group.com/images/27152/other5c0d.css]
[www.sali-group.com/uploads/202327152/cordless-hydraulic-crimping-tool759b93a5-401c-4a23-ac2c-9d59d7859fa0.jpg]
[www.sali-group.com/images/27152/other018c.css]
[www.sali-group.com/uploads/202327152/small/cordless-hydraulic-crimping-toolbc327461-47df-4eb0-9ae7-ae494cefa4b9.jpg]
[www.sali-group.com/uploads/202327152/small/cordless-hydraulic-crimping-toolf86d9a7b-ac68-4564-9966-8c96788e137e.jpg]
[www.sali-group.com/uploads/202327152/small/cordless-hydraulic-crimping-tool6770d27b-97df-48f8-8cf2-1212fe38e350.jpg]
[www.sali-group.com/uploads/202327152/small/cordless-hydraulic-crimping-toold81bed99-770e-41bc-bfa4-fec282593ab3.jpg]
[www.sali-group.com/uploads/202327152/small/cordless-hydraulic-crimping-toolf2b9b1f6-fb34-4b39-be5a-f784be283982.jpg]
[www.sali-group.com/Content/uploads/2023625764/20230815112209802facb0d9254b67b4d3a49c5d9afd80.jpg]
[www.sali-group.com/Content/uploads/2023625764/20230815113425b44e25d045804b1bb65e84100c9471b7.jpg]
[www.sali-group.com/Content/uploads/2023625764/202308160959469219baf9dbcc4475a50f8a97a653b9d1.jpg]
[www.sali-group.com/Content/uploads/2023625764/20230816095952e0d657a580ce45738273358e769f70a6.jpg]
[www.sali-group.com/Content/uploads/2023625764/20230816100010463788a6fa194319b4e19c827fedae19.jpg]
[www.sali-group.com/Content/uploads/2023625764/20230816100018b744e8e1585a4ca890441188a028d91e.jpg]
[www.sali-group.com/Content/uploads/2023625764/2023081610002446d035ba178a44649fbfe3f0f5950be6.jpg]
[www.sali-group.com/Content/uploads/2023625764/2023081610003144cd144f518443dc96f4349df243a7fb.jpg]
[www.sali-group.com/Content/uploads/2023625764/20230816100039b2658c9144c8439da559a204424e66e8.jpg]
[www.sali-group.com/Content/uploads/2023625764/202308161000523958e6f51e9442619d96948d7aa2f60d.jpg]
[www.sali-group.com/Content/uploads/2023625764/2023081610004697282388aa47451f82547c6da08c29cc.jpg]
[www.sali-group.com/cordless/cordless-hydraulic-crimping-tool.html]
[www.sali-group.com/uploads/202327152/3-6v-cordless-screwdrive-setd02a3398-a4e1-4499-b009-746e8043f6db.jpg]
[www.sali-group.com/images/27152/otherf48e.css]
[www.sali-group.com/uploads/202327152/small/3-6v-cordless-screwdrive-set0df89b3e-9827-4de3-a6a2-d6c385e3df62.jpg]
[www.sali-group.com/uploads/202327152/small/3-6v-cordless-screwdrive-setd940eb81-8018-4fdc-be84-39c35b6b8bb7.jpg]
[www.sali-group.com/uploads/202327152/small/3-6v-cordless-screwdrive-set1dbf9dd2-4f44-4584-9768-9850b762f17b.jpg]
[www.sali-group.com/uploads/202327152/small/3-6v-cordless-screwdrive-setae10944f-2bd2-47ff-b4a7-b11b4c0ec35f.jpg]
[www.sali-group.com/Content/uploads/2023625764/20230802102524dff4186c9cb6484d847f44701c9d41f3.png]
[www.sali-group.com/Content/uploads/2023625764/202308021028382ed5116ee49b4c799900c3eb66d1c26f.png]
[www.sali-group.com/Content/uploads/2023625764/202308021029441dbbd46db1694692b0b18cdd0792aa0f.png]
[www.sali-group.com/Content/uploads/2023625764/20230802103024cac2c41e34684172a9ac806852ed3c88.png]
[www.sali-group.com/cordless/3-6v-cordless-screwdrive-set.html]
[www.sali-group.com/uploads/202027152/20v-cordless-spanner13578912583.jpg]
[www.sali-group.com/images/27152/other642d.css]
[www.sali-group.com/uploads/202027152/small/20v-cordless-spanner45197633370.jpg]
[www.sali-group.com/uploads/202027152/small/20v-cordless-spanner45198727114.jpg]
[www.sali-group.com/uploads/202027152/small/20v-cordless-spanner45199977110.jpg]
[www.sali-group.com/uploads/202027152/small/20v-cordless-spanner45201071311.jpg]
[www.sali-group.com/uploads/202027152/small/20v-cordless-spanner45202165462.jpg]
[www.sali-group.com/cordless/20v-cordless-spanner.html]
[www.sali-group.com/showroom/lion-10mm-brushless-cordless-drill/index.html]
[www.sali-group.com/images/27152/otherf22d.css]
[www.sali-group.com/images/27152/other0716.css]
[www.sali-group.com/images/27152/otherb927.css]
[www.sali-group.com/images/27152/other52f7.css]
[www.sali-group.com/uploads/202227152/sali-heavy-duty-3-way-staple-gun15451477227.jpg]
[www.sali-group.com/images/27152/otherd0bf.css]
[www.sali-group.com/uploads/202227152/small/sali-heavy-duty-3-way-staple-gun15423195853.jpg]
[www.sali-group.com/uploads/202227152/small/sali-heavy-duty-3-way-staple-gun15426164604.jpg]
[www.sali-group.com/uploads/202227152/small/sali-heavy-duty-3-way-staple-gun15434758856.jpg]
[www.sali-group.com/uploads/202227152/small/sali-heavy-duty-3-way-staple-gun15431945890.jpg]
[www.sali-group.com/uploads/202227152/small/sali-heavy-duty-3-way-staple-gun15436945970.jpg]
[www.sali-group.com/Content/uploads/2022625764/20220330151703b0478d917adf455398386431f8b55479.jpg]
[www.sali-group.com/Content/uploads/2022625764/20220330151749a162735aaff74bfd814f2bc605f1e31a.jpg]
[www.sali-group.com/pliers/other-tools/sali-heavy-duty-3-way-staple-gun.html]
[www.sali-group.com/images/27152/other9272.css]
[www.sali-group.com/images/27152/other1fd9.css]
[www.sali-group.com/images/27152/other08c1.css]
[www.sali-group.com/images/27152/othera225.css]
[www.sali-group.com/uploads/202227152/combination-spanner02407639784.jpg]
[www.sali-group.com/images/27152/other5d01.css]
[www.sali-group.com/uploads/202227152/small/combination-spanner05160608814.jpg]
[www.sali-group.com/uploads/202227152/small/combination-spanner05577170616.jpg]
[www.sali-group.com/uploads/202227152/small/combination-spanner06181858274.jpg]
[www.sali-group.com/uploads/202227152/small/combination-spanner06475608119.jpg]
[www.sali-group.com/uploads/202227152/small/combination-spanner06487483537.jpg]
[www.sali-group.com/Content/uploads/2022625764/2022071515264249059ee49e634581a1247d90973eb406.jpg]
[www.sali-group.com/Content/uploads/2022625764/20220715152655ac7beedb326040ada7a248b070077197.jpg]
[www.sali-group.com/Content/uploads/2022625764/20220715152703968e426a0965471491d014e528e5cddf.jpg]
[www.sali-group.com/Content/uploads/2022625764/20220715152709db8f004831d64b7e82b53f050ce960c1.jpg]
[www.sali-group.com/pliers/wrench/combination-spanner.html]
[www.sali-group.com/uploads/202227152/9pcs-hex-key-allen-key-wrench-set59430562722.jpg]
[www.sali-group.com/images/27152/other98b6.css]
[www.sali-group.com/uploads/202227152/small/9pcs-hex-key-allen-key-wrench-set00431194383.jpg]
[www.sali-group.com/uploads/202227152/small/9pcs-hex-key-allen-key-wrench-set00598069410.jpg]
[www.sali-group.com/uploads/202227152/small/9pcs-hex-key-allen-key-wrench-set01004944798.jpg]
[www.sali-group.com/uploads/202227152/small/9pcs-hex-key-allen-key-wrench-set01011194461.jpg]
[www.sali-group.com/uploads/202227152/small/9pcs-hex-key-allen-key-wrench-set02106195120.jpg]
[www.sali-group.com/Content/uploads/2022625764/20220711152054d93c36b530844a5586a059eeb1706af6.jpg]
[www.sali-group.com/Content/uploads/2022625764/20220711152829c8130b02f5854c8c9cd80ed76ca6de6f.jpg]
[www.sali-group.com/Content/uploads/2022625764/2022071115284020c80ac7be5a44b385d873b3d5adc433.jpg]
[www.sali-group.com/pliers/wrench/9pcs-hex-key-allen-key-wrench-set.html]
[www.sali-group.com/uploads/202127152/80w-blue-hot-melt-glue-gun-durable-tempreture28295478528.jpg]
[www.sali-group.com/images/27152/otherbf03.css]
[www.sali-group.com/uploads/202127152/small/80w-blue-hot-melt-glue-gun-durable-tempreture28546357181.jpg]
[www.sali-group.com/uploads/202127152/small/80w-blue-hot-melt-glue-gun-durable-tempreture28550877501.jpg]
[www.sali-group.com/uploads/202127152/small/80w-blue-hot-melt-glue-gun-durable-tempreture28561376788.jpg]
[www.sali-group.com/uploads/202127152/small/80w-blue-hot-melt-glue-gun-durable-tempreture28574200012.jpg]
[www.sali-group.com/uploads/202127152/small/80w-blue-hot-melt-glue-gun-durable-tempreture28577008410.jpg]
[www.sali-group.com/Content/uploads/2021625764/202102041131021257be17721a44eda743248b45dd03c1.jpg]
[www.sali-group.com/Content/uploads/2021625764/202102041131030d4cd4c0db3e4378a83e52bc4362bddc.jpg]
[www.sali-group.com/Content/uploads/2021625764/202102041131043e25eafb350b417e82dc42b140e60285.jpg]
[www.sali-group.com/Content/uploads/2021625764/202102041131058ac533c99bdd40349a52d421c1480698.jpg]
[www.sali-group.com/high-pressure-power-tool/80w-blue-hot-melt-glue-gun-durable-tempreture.html]
[www.sali-group.com/images/27152/other4f65.css]
[www.sali-group.com/uploads/202127152/sali-30m-with-1-pc-spirit-bubble-chalk-line29483310095.jpg]
[www.sali-group.com/images/27152/other97c4.css]
[www.sali-group.com/uploads/202127152/small/sali-30m-with-1-pc-spirit-bubble-chalk-line30142520447.jpg]
[www.sali-group.com/uploads/202127152/small/sali-30m-with-1-pc-spirit-bubble-chalk-line30146060111.jpg]
[www.sali-group.com/uploads/202127152/small/sali-30m-with-1-pc-spirit-bubble-chalk-line30160580102.jpg]
[www.sali-group.com/uploads/202127152/small/sali-30m-with-1-pc-spirit-bubble-chalk-line30169500222.jpg]
[www.sali-group.com/Content/uploads/2021625764/2021081014321273ba9b07f94748e3a2968d8249659e59.jpg]
[www.sali-group.com/Content/uploads/2021625764/20210810143213d7052d118afd4ba99ab237a55b637ea9.jpg]
[www.sali-group.com/Content/uploads/2021625764/20210810143214de0562cc57f94f108443eae6c5e8f24c.jpg]
[www.sali-group.com/pliers/other-tools/sali-30m-with-1-pc-spirit-bubble-chalk-line.html]
[www.sali-group.com/images/27152/other94f4.css]
[www.sali-group.com/showroom/cup-brush/index.html]
[www.sali-group.com/images/27152/otherd778.css]
[www.sali-group.com/images/27152/othera08e.css]
[www.sali-group.com/images/27152/other5d85.css]
[www.sali-group.com/images/27152/other7135.css]
[www.sali-group.com/images/27152/other8ec4.css]
[www.sali-group.com/images/27152/othera790.css]
[www.sali-group.com/uploads/202027152/high-pressure-washer-180-bar20238587076.jpg]
[www.sali-group.com/images/27152/other24b9.css]
[www.sali-group.com/uploads/202027152/small/high-pressure-washer-180-bar20275512622.jpg]
[www.sali-group.com/uploads/202027152/small/high-pressure-washer-180-bar20290682650.jpg]
[www.sali-group.com/uploads/202027152/small/high-pressure-washer-180-bar20341667084.jpg]
[www.sali-group.com/uploads/202027152/small/high-pressure-washer-180-bar20351979152.jpg]
[www.sali-group.com/Content/uploads/2020625764/202011171123220723ec755033493f8d16c9b2f5ed5e76.jpg]
[www.sali-group.com/Content/uploads/2020625764/20201117112324d21a0722cc1d4401a35be3becd340893.jpg]
[www.sali-group.com/Content/uploads/2020625764/202011171123269b2598134e8a4906af611f2356f4b76f.jpg]
[www.sali-group.com/Content/uploads/2020625764/20201117112331cbeb801766154f03a29a23eae674fec0.jpg]
[www.sali-group.com/Content/uploads/2020625764/20201117112332bda371872963402fac180d2427866559.jpg]
[www.sali-group.com/Content/uploads/2020625764/202011171123359c8088c361cd4c2ca8f4f6df71342a7b.jpg]
[www.sali-group.com/high-pressure-power-tool/high-pressure-washer-180-bar.html]
[www.sali-group.com/uploads/202127152/sali-marble-cutter-high-quality-new-arrive09453110486.jpg]
[www.sali-group.com/images/27152/otheree59.css]
[www.sali-group.com/uploads/202127152/small/sali-marble-cutter-high-quality-new-arrive10447700074.jpg]
[www.sali-group.com/Content/uploads/2021625764/202108101608471e5808a8b21c4a5d9b38406f939e3bdb.jpg]
[www.sali-group.com/Content/uploads/2021625764/20210810161256473b5efc049d45618e7fb33eb28673c7.jpg]
[www.sali-group.com/Content/uploads/2021625764/20210810161226420202c3451a40bdba333b270fb777de.jpg]
[www.sali-group.com/high-pressure-power-tool/sali-marble-cutter-high-quality-new-arrive.html]
[www.sali-group.com/uploads/202127152/sali-20w-hot-melt-glue-gun15033162706.jpg]
[www.sali-group.com/images/27152/other495c.css]
[www.sali-group.com/uploads/202127152/small/sali-20w-hot-melt-glue-gun14526005886.jpg]
[www.sali-group.com/uploads/202127152/small/sali-20w-hot-melt-glue-gun15176416303.jpg]
[www.sali-group.com/uploads/202127152/small/sali-20w-hot-melt-glue-gun15181415889.jpg]
[www.sali-group.com/uploads/202127152/small/sali-20w-hot-melt-glue-gun15186905594.jpg]
[www.sali-group.com/Content/uploads/2021625764/20210204112111f41a3dcd5bf6427e96132abc90d3b78c.jpg]
[www.sali-group.com/Content/uploads/2021625764/20210204112112b6e8aef9a5174fe19cca572de04f9004.jpg]
[www.sali-group.com/Content/uploads/2021625764/2021020411211347ce1df3e30b4e5382ffd90fa70e8b89.jpg]
[www.sali-group.com/Content/uploads/2021625764/202102041121130a0ac2da6e1d44e4a59ee8ef5b4dd0fe.jpg]
[www.sali-group.com/high-pressure-power-tool/sali-20w-hot-melt-glue-gun.html]
[www.sali-group.com/images/27152/otherfac0.css]
[www.sali-group.com/uploads/202327152/cordless-pruner-12v18b59655-3c01-4a8b-9991-f4f72490bb3e.jpg]
[www.sali-group.com/images/27152/otherda6f.css]
[www.sali-group.com/uploads/202327152/small/cordless-pruner-12vc50a3db7-9ff9-4c94-8a69-bf4581f64e00.jpg]
[www.sali-group.com/uploads/202327152/small/7b2fd41e-ccc1-4285-b1a9-50b67664277a.jpg]
[www.sali-group.com/uploads/202327152/small/8900111b-efcf-4148-bfe1-8186f533b629.jpg]
[www.sali-group.com/uploads/202327152/small/a400d831-533a-4735-9213-50277afb5351.jpg]
[www.sali-group.com/uploads/202327152/small/6d5a2692-a97e-417a-b680-34398e1b67e9.jpg]
[www.sali-group.com/Content/uploads/2023625764/20231103151419458e4bc0bae2401b8ac0dd7a32ad3494.jpg]
[www.sali-group.com/Content/uploads/2023625764/2023110315163196148e8bdb26493eb51a63d9c2a6e2d7.jpg]
[www.sali-group.com/cordless/cordless-pruner-12v.html]
[www.sali-group.com/uploads/202027152/lion-battery-with-charging-adapter39016001817.jpg]
[www.sali-group.com/images/27152/other2f56.css]
[www.sali-group.com/uploads/202027152/small/lion-battery-with-charging-adapter41089489397.jpg]
[www.sali-group.com/uploads/202027152/small/lion-battery-with-charging-adapter41090131684.jpg]
[www.sali-group.com/uploads/202027152/small/lion-battery-with-charging-adapter41090730216.jpg]
[www.sali-group.com/uploads/202027152/small/lion-battery-with-charging-adapter41091355240.jpg]
[www.sali-group.com/Content/uploads/2020625764/20201123154030a95ec68a599c480d8e1ce5e2ed23b35f.jpg]
[www.sali-group.com/Content/uploads/2020625764/2020112315403208d951f1319c456db21e8a6e5291a2a4.jpg]
[www.sali-group.com/Content/uploads/2020625764/20201123154036417d153de768435cb55f095659318718.jpg]
[www.sali-group.com/Content/uploads/2020625764/2020112315403769e5776f4ed948d5b0cb553e50167806.jpg]
[www.sali-group.com/Content/uploads/2020625764/2020112315403919b8dc1a30944e3daf80d66e29950321.jpg]
[www.sali-group.com/Content/uploads/2020625764/2020112315404024c9c12682524cdb808b7dcf0af39cd8.jpg]
[www.sali-group.com/cordless/lion-battery-with-charging-adapter.html]
[www.sali-group.com/images/27152/other5aa0.css]
[www.sali-group.com/images/27152/otherc7d5.css]
[www.sali-group.com/showroom/cut-off-wheel-7-8-in-arbor-hole/index.html]
[www.sali-group.com/images/27152/other5237.css]
[www.sali-group.com/images/27152/other77b5.css]
[www.sali-group.com/images/27152/othera53b.css]
[www.sali-group.com/images/27152/other9ef0.css]
[www.sali-group.com/images/27152/othere76c.css]
[www.sali-group.com/images/27152/otherda0f.css]
[www.sali-group.com/images/27152/other3354.css]
[www.sali-group.com/uploads/202227152/sali-ratchet-wrench54322925698.jpg]
[www.sali-group.com/images/27152/other107f.css]
[www.sali-group.com/uploads/202227152/small/sali-ratchet-wrench55093393939.jpg]
[www.sali-group.com/uploads/202227152/small/sali-ratchet-wrench55413706552.jpg]
[www.sali-group.com/uploads/202227152/small/sali-ratchet-wrench55421362759.jpg]
[www.sali-group.com/Content/uploads/2022625764/202203311452571f9aeae3e072412499f86733e1ae24e2.jpg]
[www.sali-group.com/Content/uploads/2022625764/20220331145257a4a1b0ede9b846e29da76538056e4ec3.jpg]
[www.sali-group.com/Content/uploads/2022625764/20220331145258d1413b9861e24fb1b6d64688e45bd8be.jpg]
[www.sali-group.com/Content/uploads/2022625764/2022033114525831243397f1de46ebbaeee010488b2a2f.jpg]
[www.sali-group.com/pliers/wrench/sali-ratchet-wrench.html]
[www.sali-group.com/images/27152/other8c83.css]
[www.sali-group.com/images/27152/other9ab4.css]
[www.sali-group.com/images/27152/other58e6.css]
[www.sali-group.com/images/27152/other5b39.css]
[www.sali-group.com/uploads/202027152/amecian-diagonal-cutting-pliers36362944986.jpg]
[www.sali-group.com/images/27152/othera3d7.css]
[www.sali-group.com/uploads/202027152/small/amecian-diagonal-cutting-pliers35264495089.jpg]
[www.sali-group.com/uploads/202027152/small/amecian-diagonal-cutting-pliers35265588805.jpg]
[www.sali-group.com/uploads/202027152/small/amecian-diagonal-cutting-pliers35266838819.jpg]
[www.sali-group.com/uploads/202027152/small/amecian-diagonal-cutting-pliers35267923603.jpg]
[www.sali-group.com/Content/uploads/2020625764/2020111011270895be0d8a35ac4d2f9926f299f291df87.jpg]
[www.sali-group.com/Content/uploads/2020625764/202011101127386eaf58a90a2f4fdda32859cebb82ac1c.jpg]
[www.sali-group.com/Content/uploads/2020625764/20201110112741ac4480243a174d2f8f608f840cfc5465.jpg]
[www.sali-group.com/Content/uploads/2020625764/20201110112742bd2617d53dc3472696b770c9f57a6dc3.jpg]
[www.sali-group.com/pliers/plier/amecian-diagonal-cutting-pliers.html]
[www.sali-group.com/images/27152/other68a2.css]
[www.sali-group.com/uploads/202327152/cordless-pruneraf0dbfc6-73a1-49cb-90f7-2febcb648de5.jpg]
[www.sali-group.com/images/27152/other1f10.css]
[www.sali-group.com/uploads/202327152/small/cordless-pruner748fcdfa-90d1-4093-9992-3dcffe7190e0.jpg]
[www.sali-group.com/uploads/202327152/small/cordless-pruner2ab4ffbf-0ec5-4072-95ae-805945da8240.jpg]
[www.sali-group.com/uploads/202327152/small/cordless-pruner84acec27-7f11-4bd3-977a-1b4eaf4d7cfa.jpg]
[www.sali-group.com/uploads/202327152/small/cordless-pruner07de97f7-8ae7-4434-8fc0-263610203556.jpg]
[www.sali-group.com/uploads/202327152/small/cordless-prunerebe06773-1fab-422a-be67-0830fb317158.jpg]
[www.sali-group.com/uploads/202327152/small/cordless-pruner85f1cda6-64ff-4424-ba8d-755b958c9aea.jpg]
[www.sali-group.com/Content/uploads/2023625764/202309271501534adf0b7fe68f46a8ba49711de11c4e44.jpg]
[www.sali-group.com/Content/uploads/2023625764/202309271508581f011ba918f34ebcb4d6248ac8fc135a.jpg]
[www.sali-group.com/Content/uploads/2023625764/20230927150904e7a50e57adc14c269931332db114b436.jpg]
[www.sali-group.com/Content/uploads/2023625764/202309271514065fc85c15b7d74d70932cf1252e9a07bb.jpg]
[www.sali-group.com/Content/uploads/2023625764/20230927151413aced93a2ef014b98ae27f3100c11e651.jpg]
[www.sali-group.com/Content/uploads/2023625764/20230927151421d82c6f9c10df475cb2c9b8b99a1ffa0a.jpg]
[www.sali-group.com/cordless/cordless-pruner.html]
[www.sali-group.com/uploads/202327152/cordless-circular-saw34c5506b-deaa-4189-8065-ac43201dc56c.jpg]
[www.sali-group.com/images/27152/other0d31.css]
[www.sali-group.com/uploads/202327152/small/cordless-circular-saw70b765af-288a-47c5-9f8c-e6384c8c4b14.jpg]
[www.sali-group.com/uploads/202327152/small/cordless-circular-saw6c5d2853-a88c-4621-a195-77970e51c3a7.jpg]
[www.sali-group.com/uploads/202327152/small/cordless-circular-saw540d46dc-d2d3-4cdc-aea9-bc730fe0e615.jpg]
[www.sali-group.com/uploads/202327152/small/cordless-circular-saw422c0519-43e7-4b94-8de5-37dd512b6726.jpg]
[www.sali-group.com/uploads/202327152/small/cordless-circular-saw1375df5a-48c6-463c-a732-0f194592ecc2.jpg]
[www.sali-group.com/Content/uploads/2023625764/20230906093057866aec9e437b46b989f6835befba5e3c.jpg]
[www.sali-group.com/Content/uploads/2023625764/202309060924390e6c0b4be96f463695022f01ef80fb21.jpg]
[www.sali-group.com/Content/uploads/2023625764/20230906094905bd2d7b7069ea43d0a9b11053bd4c72fd.jpg]
[www.sali-group.com/Content/uploads/2023625764/2023090609491354103aa39fb6443482f359c0366ca0cb.jpg]
[www.sali-group.com/Content/uploads/2023625764/20230906094919e9e174f2a19549afa486b9fe1ad4880b.jpg]
[www.sali-group.com/Content/uploads/2023625764/20230906094931c7985851751e4e0c80411631590ae417.png]
[www.sali-group.com/cordless/cordless-circular-saw.html]
[www.sali-group.com/showroom/cutting-wheel-355mm/index.html]
[www.sali-group.com/images/27152/otherdc3c.css]
[www.sali-group.com/images/27152/otherd9eb.css]
[www.sali-group.com/images/27152/other38e8.css]
[www.sali-group.com/images/27152/other5330.css]
[www.sali-group.com/uploads/202227152/sali-blue-grease-gun03168686662.jpg]
[www.sali-group.com/images/27152/othera2f6.css]
[www.sali-group.com/uploads/202227152/small/sali-blue-grease-gun03332126471.jpg]
[www.sali-group.com/uploads/202227152/small/sali-blue-grease-gun03342436599.jpg]
[www.sali-group.com/uploads/202227152/small/sali-blue-grease-gun03337124076.jpg]
[www.sali-group.com/uploads/202227152/small/sali-blue-grease-gun03348061623.jpg]
[www.sali-group.com/uploads/202227152/small/sali-blue-grease-gun03364155399.jpg]
[www.sali-group.com/uploads/202227152/small/sali-blue-grease-gun03353686686.jpg]
[www.sali-group.com/Content/uploads/2022625764/20220330150523530e397c9180405b9fdc90efb97d2204.jpg]
[www.sali-group.com/Content/uploads/2022625764/2022033015040043e300c5b04f436dba7980326bbd39fa.jpg]
[www.sali-group.com/Content/uploads/2022625764/20220330150427a082e9cd8772453d958b3a885ad191f3.jpg]
[www.sali-group.com/Content/uploads/2022625764/20220330150444b1a82635a36c431a939ce9d7b0678b05.jpg]
[www.sali-group.com/pliers/other-tools/sali-blue-grease-gun.html]
[www.sali-group.com/images/27152/otherb339.css]
[www.sali-group.com/images/27152/other3be4.css]
[www.sali-group.com/uploads/202227152/sali-adjustable-wrench-plastic-handle-or05419045093.jpg]
[www.sali-group.com/images/27152/other4df7.css]
[www.sali-group.com/uploads/202227152/small/sali-adjustable-wrench-plastic-handle-or05573732730.jpg]
[www.sali-group.com/uploads/202227152/small/sali-adjustable-wrench-plastic-handle-or05579045057.jpg]
[www.sali-group.com/uploads/202227152/small/sali-adjustable-wrench-plastic-handle-or05581701363.jpg]
[www.sali-group.com/uploads/202227152/small/sali-adjustable-wrench-plastic-handle-or06143576522.jpg]
[www.sali-group.com/uploads/202227152/small/sali-adjustable-wrench-plastic-handle-or06146388941.jpg]
[www.sali-group.com/Content/uploads/2022625764/20220331150635737e53b50e694a569e82ca40c382eee7.jpg]
[www.sali-group.com/Content/uploads/2022625764/20220331150635a2af53f2d29947258ab51254c202b40a.jpg]
[www.sali-group.com/pliers/wrench/sali-adjustable-wrench-plastic-handle-or.html]
[www.sali-group.com/images/27152/other92a7.css]
[www.sali-group.com/images/27152/other8841.css]
[www.sali-group.com/uploads/202227152/9pcs-ball-end-hex-key-set35532019313.jpg]
[www.sali-group.com/images/27152/other6e42.css]
[www.sali-group.com/uploads/202227152/small/9pcs-ball-end-hex-key-set38126549781.jpg]
[www.sali-group.com/uploads/202227152/small/9pcs-ball-end-hex-key-set38167643471.jpg]
[www.sali-group.com/uploads/202227152/small/9pcs-ball-end-hex-key-set38209518911.jpg]
[www.sali-group.com/uploads/202227152/small/9pcs-ball-end-hex-key-set38307354648.jpg]
[www.sali-group.com/uploads/202227152/small/9pcs-ball-end-hex-key-set38379855050.jpg]
[www.sali-group.com/uploads/202227152/small/9pcs-ball-end-hex-key-set39062511015.jpg]
[www.sali-group.com/Content/uploads/2022625764/20220711154425862c1d2c7413479bb1aaafff56152603.jpg]
[www.sali-group.com/Content/uploads/2022625764/20220711154438a8d1d3b2f1bf4a7f9ea426502b9308a1.jpg]
[www.sali-group.com/Content/uploads/2022625764/20220711154452c2c87ff7e46e4c6583cc234671b6de3b.jpg]
[www.sali-group.com/pliers/wrench/9pcs-ball-end-hex-key-set.html]
[www.sali-group.com/uploads/202227152/sali-heavy-duty-pipe-wrench-with-rubber-grip21133624485.jpg]
[www.sali-group.com/images/27152/other491c.css]
[www.sali-group.com/uploads/202227152/small/sali-heavy-duty-pipe-wrench-with-rubber-grip22517687009.jpg]
[www.sali-group.com/uploads/202227152/small/sali-heavy-duty-pipe-wrench-with-rubber-grip22518781241.jpg]
[www.sali-group.com/uploads/202227152/small/sali-heavy-duty-pipe-wrench-with-rubber-grip22519718643.jpg]
[www.sali-group.com/uploads/202227152/small/sali-heavy-duty-pipe-wrench-with-rubber-grip22520812343.jpg]
[www.sali-group.com/uploads/202227152/small/sali-heavy-duty-pipe-wrench-with-rubber-grip22521749749.jpg]
[www.sali-group.com/Content/uploads/2022625764/20220524161600664ac58db97e45f9a1ba27a1a8a1a057.jpg]
[www.sali-group.com/Content/uploads/2022625764/2022052416160854ce7cc57f9447b9858b20ff1764ecf9.jpg]
[www.sali-group.com/pliers/wrench/sali-heavy-duty-pipe-wrench-with-rubber-grip.html]
[www.sali-group.com/uploads/202227152/sali-two-ways-household-wrench-tool-set10156986538.jpg]
[www.sali-group.com/images/27152/other0d55.css]
[www.sali-group.com/uploads/202227152/small/sali-two-ways-household-wrench-tool-set10274174238.jpg]
[www.sali-group.com/Content/uploads/2022625764/20220331150853fc617f6437624b43b4f742694b631ae2.jpg]
[www.sali-group.com/pliers/wrench/sali-two-ways-household-wrench-tool-set.html]
[www.sali-group.com/images/27152/otherbf4d.css]
[www.sali-group.com/showroom/dc-inverter-welder/index.html]
[www.sali-group.com/images/27152/othera987.css]
[www.sali-group.com/uploads/202227152/sali-9pcs-ball-star-hex-end-hex-key-set39245609401.jpg]
[www.sali-group.com/images/27152/otherd78d.css]
[www.sali-group.com/uploads/202227152/small/sali-9pcs-ball-star-hex-end-hex-key-set39412577617.jpg]
[www.sali-group.com/uploads/202227152/small/sali-9pcs-ball-star-hex-end-hex-key-set40130858881.jpg]
[www.sali-group.com/uploads/202227152/small/sali-9pcs-ball-star-hex-end-hex-key-set40258046432.jpg]
[www.sali-group.com/uploads/202227152/small/sali-9pcs-ball-star-hex-end-hex-key-set40262577470.jpg]
[www.sali-group.com/uploads/202227152/small/sali-9pcs-ball-star-hex-end-hex-key-set40281796432.jpg]
[www.sali-group.com/uploads/202227152/small/sali-9pcs-ball-star-hex-end-hex-key-set40382421667.jpg]
[www.sali-group.com/Content/uploads/2022625764/2022033114411907c9faad065d4c93a82ecc62db8bb240.jpg]
[www.sali-group.com/Content/uploads/2022625764/2022033114411980bceaaf8b2a4719a27c40f7d1de305a.jpg]
[www.sali-group.com/Content/uploads/2022625764/2022033114411955378965447c4296916e80ac1fdc0261.jpg]
[www.sali-group.com/pliers/wrench/sali-9pcs-ball-star-hex-end-hex-key-set.html]
[www.sali-group.com/uploads/202227152/sali-heavy-duty-straight-pipe-wrench-with01309386160.jpg]
[www.sali-group.com/images/27152/otheref51.css]
[www.sali-group.com/uploads/202227152/small/sali-heavy-duty-straight-pipe-wrench-with01508292442.jpg]
[www.sali-group.com/uploads/202227152/small/sali-heavy-duty-straight-pipe-wrench-with01513136009.jpg]
[www.sali-group.com/uploads/202227152/small/sali-heavy-duty-straight-pipe-wrench-with01529385814.jpg]
[www.sali-group.com/uploads/202227152/small/sali-heavy-duty-straight-pipe-wrench-with01524229668.jpg]
[www.sali-group.com/uploads/202227152/small/sali-heavy-duty-straight-pipe-wrench-with01535479896.jpg]
[www.sali-group.com/uploads/202227152/small/sali-heavy-duty-straight-pipe-wrench-with01540635913.jpg]
[www.sali-group.com/Content/uploads/2022625764/202203311159450c335ef9856a4ea5a0dfee4509cea36d.jpg]
[www.sali-group.com/pliers/wrench/sali-heavy-duty-straight-pipe-wrench-with.html]
[www.sali-group.com/images/27152/otherac87.css]
[www.sali-group.com/showroom/dc-welding-machine/index.html]
[www.sali-group.com/images/27152/other76c7.css]
[www.sali-group.com/images/27152/other0ddd.css]
[www.sali-group.com/images/27152/otherf746.css]
[www.sali-group.com/images/27152/othera08f.css]
[www.sali-group.com/images/27152/other39f5.css]
[www.sali-group.com/images/27152/otherfd34.css]
[www.sali-group.com/images/27152/other76ed.css]
[www.sali-group.com/images/27152/other184b.css]
[www.sali-group.com/images/27152/other5452.css]
[www.sali-group.com/pliers/page-8/index.html]
[www.sali-group.com/images/27152/other3329.css]
[www.sali-group.com/images/27152/other0ca5.css]
[www.sali-group.com/uploads/202227152/sali-1-2-socket17585572306.jpg]
[www.sali-group.com/images/27152/othera234.css]
[www.sali-group.com/uploads/202227152/small/sali-1-2-socket19326040761.jpg]
[www.sali-group.com/uploads/202227152/small/sali-1-2-socket19396666041.jpg]
[www.sali-group.com/Content/uploads/2022625764/20220721173541ad8f05639eae419db0c2de12968315d3.jpg]
[www.sali-group.com/pliers/wrench/sali-1-2-socket.html]
[www.sali-group.com/uploads/202227152/ratchet-tubing-wrench04208802357.jpg]
[www.sali-group.com/images/27152/otherabc2.css]
[www.sali-group.com/uploads/202227152/small/ratchet-tubing-wrench06321458910.jpg]
[www.sali-group.com/uploads/202227152/small/ratchet-tubing-wrench08068958608.jpg]
[www.sali-group.com/Content/uploads/2022625764/20220719141835fb5cb59dba6e4e43bc603b0fdb08685f.jpg]
[www.sali-group.com/Content/uploads/2022625764/202207191418465f06cfcc86bd4682a562ec137556ed30.jpg]
[www.sali-group.com/Content/uploads/2022625764/20220719141909726576859df443fea1107cf8e98e7db8.jpg]
[www.sali-group.com/Content/uploads/2022625764/2022071914191213b240b2ffb44b9e9c7c237e76c919ac.jpg]
[www.sali-group.com/Content/uploads/2022625764/202207191419330fbad4ea903c466f90fddedda9f21321.jpg]
[www.sali-group.com/Content/uploads/2022625764/202207191419446557ee0507fa4f1c8b22b40e5451f9f1.jpg]
[www.sali-group.com/Content/uploads/2022625764/20220719141944684d8b305a0b48949862f342924c2b4d.jpg]
[www.sali-group.com/Content/uploads/2022625764/2022071914195229f3bb3f00e048f08065e2467518bd14.jpg]
[www.sali-group.com/Content/uploads/2022625764/20220719142002a062c876c0e841559982a3e11855dfdf.jpg]
[www.sali-group.com/Content/uploads/2022625764/202207191420119f088dab3d644ed59a1dcace07cf1fbd.jpg]
[www.sali-group.com/Content/uploads/2022625764/20220719142031a9a92f5d2b52489c8a0bcbea5b1a0194.jpg]
[www.sali-group.com/Content/uploads/2022625764/20220719142031368610e540f04719acc80b2925084819.jpg]
[www.sali-group.com/Content/uploads/2022625764/202207191420316f4cbcc53ca94cc791fb7dfe8ec829cb.jpg]
[www.sali-group.com/Content/uploads/2022625764/202207191421092e50dffa90554e7a94293fb332bc89c0.jpg]
[www.sali-group.com/Content/uploads/2022625764/202207191420319f28d45aeb4b4f40936c9bc17649fe2c.jpg]
[www.sali-group.com/Content/uploads/2022625764/20220719142031baccac07b9104dcaa35ef2e4f420c438.jpg]
[www.sali-group.com/pliers/wrench/ratchet-tubing-wrench.html]
[www.sali-group.com/uploads/202227152/9pcs-satr-end-hex-key-set19148929627.jpg]
[www.sali-group.com/images/27152/other33f9.css]
[www.sali-group.com/uploads/202227152/small/9pcs-satr-end-hex-key-set20001117028.jpg]
[www.sali-group.com/uploads/202227152/small/9pcs-satr-end-hex-key-set20057522923.jpg]
[www.sali-group.com/uploads/202227152/small/9pcs-satr-end-hex-key-set20105804755.jpg]
[www.sali-group.com/uploads/202227152/small/9pcs-satr-end-hex-key-set20197992117.jpg]
[www.sali-group.com/uploads/202227152/small/9pcs-satr-end-hex-key-set20305804523.jpg]
[www.sali-group.com/Content/uploads/2022625764/20220711162652e5aa155a7cad40879b2fca0079a0166f.jpg]
[www.sali-group.com/Content/uploads/2022625764/20220711162700ebcae7d8d6114dd8a32b99e017be9e78.jpg]
[www.sali-group.com/Content/uploads/2022625764/20220711162707d8d6e361c1934ba28c5df63c7fefa059.jpg]
[www.sali-group.com/pliers/wrench/9pcs-satr-end-hex-key-set.html]
[www.sali-group.com/pliers/page-9/index.html]
[www.sali-group.com/images/27152/otherf810.css]
[www.sali-group.com/images/27152/otherfeac.css]
[www.sali-group.com/pliers/page-10/index.html]
[www.sali-group.com/images/27152/otherb74d.css]
[www.sali-group.com/pliers/page-13/index.html]
[www.sali-group.com/images/27152/other81be.css]
[www.sali-group.com/images/27152/other6164.css]
[www.sali-group.com/pliers/page-11/index.html]
[www.sali-group.com/images/27152/other05a6.css]
[www.sali-group.com/pliers/page-12/index.html]
[www.sali-group.com/images/27152/other8397.css]
[www.sali-group.com/images/27152/othercb1e.css]
[www.sali-group.com/uploads/202027152/rabbet-pliers39107347350.jpg]
[www.sali-group.com/uploads/202027152/small/rabbet-pliers39108441013.jpg]
[www.sali-group.com/uploads/202027152/small/rabbet-pliers39109436191.jpg]
[www.sali-group.com/uploads/202027152/small/rabbet-pliers39110316981.jpg]
[www.sali-group.com/uploads/202027152/small/rabbet-pliers24084831423.jpg]
[www.sali-group.com/Content/uploads/2020625764/20201110113813fd0561ba51f94776bd0ae36237a42260.jpg]
[www.sali-group.com/Content/uploads/2020625764/20201110113828d50f8a879d46493eb18427b06962c8f7.jpg]
[www.sali-group.com/pliers/plier/rabbet-pliers.html]
[www.sali-group.com/images/27152/other2760.css]
[www.sali-group.com/images/27152/otherb61e.css]
[www.sali-group.com/images/27152/other67e0.css]
[www.sali-group.com/images/27152/othered93.css]
[www.sali-group.com/images/27152/other2414.css]
[www.sali-group.com/images/27152/other17e3.css]
[www.sali-group.com/images/27152/other7c35.css]
[www.sali-group.com/images/27152/other974b.css]
[www.sali-group.com/showroom/plastic-welding-machine-set/index.html]
[www.sali-group.com/images/27152/other8ad9.css]
[www.sali-group.com/images/27152/other7c1f.css]
[www.sali-group.com/images/27152/other5a2a.css]
[www.sali-group.com/images/27152/otherb76e.css]
[www.sali-group.com/images/27152/other3f41.css]
[www.sali-group.com/uploads/202027152/igbt-welder03110996958.jpg]
[www.sali-group.com/images/27152/other684d.css]
[www.sali-group.com/uploads/202027152/small/igbt-welder03112247475.jpg]
[www.sali-group.com/uploads/202027152/small/igbt-welder03113184956.jpg]
[www.sali-group.com/uploads/202027152/small/igbt-welder03114439841.jpg]
[www.sali-group.com/Content/uploads/2020625764/20201110100110991e8442efea46108fd3d94c6c16ef31.jpg]
[www.sali-group.com/Content/uploads/2020625764/20201110100141fa42175a16724170a91b98ed13adff4f.jpg]
[www.sali-group.com/Content/uploads/2020625764/2020111010014324693b98cace4a158047171253006b8c.jpg]
[www.sali-group.com/Content/uploads/2020625764/202011101001454f69133f608e457db91f85b8f089ebad.jpg]
[www.sali-group.com/welding-tools/igbt-welder.html]
[www.sali-group.com/images/27152/other666c.css]
[www.sali-group.com/images/27152/other7e7d.css]
[www.sali-group.com/images/27152/otherf065.css]
[www.sali-group.com/images/27152/other35a7.css]
[www.sali-group.com/images/27152/othera1a5.css]
[www.sali-group.com/images/27152/other7e77.css]
[www.sali-group.com/images/27152/other0130.css]
[www.sali-group.com/images/27152/other175f.css]
[www.sali-group.com/images/27152/other2c5d.css]
[www.sali-group.com/images/27152/otherdba4.css]
[www.sali-group.com/images/27152/other2616.css]
[www.sali-group.com/uploads/202127152/sali-high-quality-long-life-power-electric41475492931.jpg]
[www.sali-group.com/images/27152/othera1a9.css]
[www.sali-group.com/uploads/202127152/small/sali-high-quality-long-life-power-electric42005918594.jpg]
[www.sali-group.com/uploads/202127152/small/sali-high-quality-long-life-power-electric42031240001.jpg]
[www.sali-group.com/uploads/202127152/small/sali-high-quality-long-life-power-electric42015295393.jpg]
[www.sali-group.com/uploads/202127152/small/sali-high-quality-long-life-power-electric42027507119.jpg]
[www.sali-group.com/uploads/202127152/small/sali-high-quality-long-life-power-electric42036288889.jpg]
[www.sali-group.com/Content/uploads/2021625764/2021121714455721a80d5b0cd142aca27e31a979b8103f.jpg]
[www.sali-group.com/Content/uploads/2021625764/20211217144558961dfb346d98435ca01465c858178160.jpg]
[www.sali-group.com/Content/uploads/2021625764/20211217144558cca0b835e29e4602aa90f1f2c63a4ffa.jpg]
[www.sali-group.com/Content/uploads/2021625764/202112171447148788a557596343e69a10b35f27d4df6e.jpg]
[www.sali-group.com/Content/uploads/2021625764/2021121714463547ab3fe1ef974151beec53f34e505e89.jpg]
[www.sali-group.com/Content/uploads/2021625764/20211217144654be1c1032d3ab4564b41673766c4a4379.jpg]
[www.sali-group.com/Content/uploads/2021625764/2021121714475743bf345681114e8aa6f77961dbf950e2.jpg]
[www.sali-group.com/Content/uploads/2021625764/20211217144757c0734f98fed545c5b53098c10327827a.jpg]
[www.sali-group.com/high-pressure-power-tool/sali-high-quality-long-life-power-electric.html]
[www.sali-group.com/uploads/202127152/40w-holt-melt-glue-gun-on-off-switch-online23236578302.jpg]
[www.sali-group.com/images/27152/othere3e9.css]
[www.sali-group.com/uploads/202127152/small/40w-holt-melt-glue-gun-on-off-switch-online24435481640.jpg]
[www.sali-group.com/uploads/202127152/small/40w-holt-melt-glue-gun-on-off-switch-online24437154126.jpg]
[www.sali-group.com/uploads/202127152/small/40w-holt-melt-glue-gun-on-off-switch-online24441418544.jpg]
[www.sali-group.com/uploads/202127152/small/40w-holt-melt-glue-gun-on-off-switch-online24456137057.jpg]
[www.sali-group.com/Content/uploads/2021625764/2021020411262077f3f52d0bbc486396c0bd69b687990e.jpg]
[www.sali-group.com/Content/uploads/2021625764/20210204112620db0cab5c56a745629def32938b5e7771.jpg]
[www.sali-group.com/Content/uploads/2021625764/20210204112621e4af4eb2f90348448953576460234e3b.jpg]
[www.sali-group.com/Content/uploads/2021625764/20210204112622b917fc9b9eed4e05a339ce83cc9fe471.jpg]
[www.sali-group.com/high-pressure-power-tool/60w-holt-melt-glue-gun-on-off-switch-online.html]
[www.sali-group.com/images/27152/other5ef3.css]
[www.sali-group.com/images/27152/other130c.css]
[www.sali-group.com/images/27152/other5773.css]
[www.sali-group.com/images/27152/other62c9.css]
[www.sali-group.com/uploads/202127152/sali-30w-soldering-iron33568304801.jpg]
[www.sali-group.com/images/27152/other7300.css]
[www.sali-group.com/uploads/202127152/small/sali-30w-soldering-iron34134535827.jpg]
[www.sali-group.com/uploads/202127152/small/sali-30w-soldering-iron34139858866.jpg]
[www.sali-group.com/uploads/202127152/small/sali-30w-soldering-iron34145567066.jpg]
[www.sali-group.com/uploads/202127152/small/sali-30w-soldering-iron34150723742.jpg]
[www.sali-group.com/Content/uploads/2021625764/202102041139292ed2e602debd4c738723d0bcf3d6d6ab.jpg]
[www.sali-group.com/Content/uploads/2021625764/2021020411392965363203f8e340fe8e7a33c1f6802b92.jpg]
[www.sali-group.com/Content/uploads/2021625764/20210204113930c5853a880e6543839c5518e2f29d9f4c.jpg]
[www.sali-group.com/Content/uploads/2021625764/2021020411393179b82fedb2f84c72b14ee20be0a3b9d4.jpg]
[www.sali-group.com/Content/uploads/2021625764/202102041146101c7cc3635bec431d86614dd424e83e74.jpg]
[www.sali-group.com/Content/uploads/2021625764/20210204114610f1ddf5a8039540e6a2985aff1bde2812.jpg]
[www.sali-group.com/welding-tools/sali-30w-soldering-iron.html]
[www.sali-group.com/images/27152/other5a54.css]
[www.sali-group.com/images/27152/other4180.css]
[www.sali-group.com/images/27152/other653c.css]
[www.sali-group.com/images/27152/other27b4.css]
[www.sali-group.com/images/27152/otherba05.css]
[www.sali-group.com/images/27152/other5150.css]
[www.sali-group.com/images/27152/othere7c8.css]
[www.sali-group.com/images/27152/other1dc8.css]
[www.sali-group.com/images/27152/other4daf.css]
[www.sali-group.com/uploads/202127152/sali-household-hardware-hand-tool-set-tool11521295918.jpg]
[www.sali-group.com/images/27152/otherac08.css]
[www.sali-group.com/uploads/202127152/small/sali-household-hardware-hand-tool-set-tool11562119826.jpg]
[www.sali-group.com/uploads/202127152/small/sali-household-hardware-hand-tool-set-tool11565870256.jpg]
[www.sali-group.com/uploads/202127152/small/sali-household-hardware-hand-tool-set-tool11568985158.jpg]
[www.sali-group.com/uploads/202127152/small/sali-household-hardware-hand-tool-set-tool12009503463.jpg]
[www.sali-group.com/uploads/202127152/small/sali-household-hardware-hand-tool-set-tool12014963028.jpg]
[www.sali-group.com/Content/uploads/2021625764/202107151417332da4ee3ce93b43dba953fd19cfb9e8e3.jpg]
[www.sali-group.com/Content/uploads/2021625764/20210715141951dc93f9ff5d6646a998c488ba50376511.jpg]
[www.sali-group.com/Content/uploads/2021625764/202107160913327f6cc8d4fb81450a93c87fc3f6517655.jpg]
[www.sali-group.com/pliers/sali-household-hardware-hand-tool-set-tool.html]
[www.sali-group.com/images/27152/otherf3b2.css]
[www.sali-group.com/images/27152/otherc715.css]
[www.sali-group.com/images/27152/other1d0b.css]
[www.sali-group.com/images/27152/other36d0.css]
[www.sali-group.com/images/27152/other0251.css]
[www.sali-group.com/images/27152/other184f.css]
[www.sali-group.com/images/27152/otherceae.css]
[www.sali-group.com/images/27152/otherc827.css]
[www.sali-group.com/images/27152/other8acf.css]
[www.sali-group.com/images/27152/other1306.css]
[www.sali-group.com/images/27152/other43b7.css]
[www.sali-group.com/images/27152/other5bac.css]
[www.sali-group.com/images/27152/other9d9b.css]
[www.sali-group.com/images/27152/other8964.css]
[www.sali-group.com/images/27152/other7dac.css]
[www.sali-group.com/images/27152/other71fe.css]
[www.sali-group.com/images/27152/other3c6a.css]
[www.sali-group.com/showroom/wheel-diam-metal-inox-grinding-wheel/index.html]
[www.sali-group.com/images/27152/other73ac.css]
[www.sali-group.com/images/27152/other5639.css]
[www.sali-group.com/images/27152/otherd9a3.css]
[www.sali-group.com/images/27152/other9e6d.css]
[www.sali-group.com/images/27152/otherd9f0.css]
[www.sali-group.com/images/27152/other93c7.css]
[www.sali-group.com/images/27152/other838d.css]
[www.sali-group.com/images/27152/other2ae8.css]
[www.sali-group.com/images/27152/othercbad.css]
[www.sali-group.com/images/27152/other0be3.css]
[www.sali-group.com/images/27152/other917e.css]
[www.sali-group.com/images/27152/othere093.css]
[www.sali-group.com/images/27152/other4ab6.css]
[www.sali-group.com/images/27152/other22bf.css]
[www.sali-group.com/images/27152/other186f.css]
[www.sali-group.com/images/27152/other7b41.css]
[www.sali-group.com/images/27152/othere783.css]
[www.sali-group.com/images/27152/other3348.css]
[www.sali-group.com/images/27152/othercdc0.css]
[www.sali-group.com/images/27152/other997a.css]
[www.sali-group.com/images/27152/otherca63.css]
[www.sali-group.com/images/27152/otherdea4.css]
[www.sali-group.com/images/27152/other7a98.css]
[www.sali-group.com/images/27152/other3dc4.css]
[www.sali-group.com/images/27152/other2238.css]
[www.sali-group.com/images/27152/other867f.css]
[www.sali-group.com/images/27152/other7d3d.css]
[www.sali-group.com/images/27152/other8b4f.css]
[www.sali-group.com/images/27152/othercb83.css]
[www.sali-group.com/images/27152/other1801.css]
[www.sali-group.com/images/27152/other9028.css]
[www.sali-group.com/images/27152/otherddb6.css]
[www.sali-group.com/images/27152/other93b5.css]
[www.sali-group.com/images/27152/other1476.css]
[www.sali-group.com/images/27152/other5f01.css]
[www.sali-group.com/images/27152/other2b6c.css]
[www.sali-group.com/images/27152/othere1c8.css]
[www.sali-group.com/images/27152/other9197.css]
[www.sali-group.com/images/27152/otherd2f2.css]
[www.sali-group.com/images/27152/otherda17.css]
[www.sali-group.com/images/27152/othercbd4.css]
[www.sali-group.com/images/27152/otherb376.css]
[www.sali-group.com/images/27152/other2464.css]
[www.sali-group.com/uploads/27152/news/p2024091514000766508.jpg]
[www.sali-group.com/news/mid-autumn-festival-wishes-from-sali-company-80816780.html]
[www.sali-group.com/news/sali-company-business-travel-76321621.html]
[www.sali-group.com/images/27152/other7fb6.css]
[www.sali-group.com/images/27152/other9594.css]
[www.sali-group.com/uploads/27152/news/p20240316161040ce238.jpg]
[www.sali-group.com/news/ramadan-mubarak-75931908.html]
[www.sali-group.com/images/27152/otherd5c7.css]
[www.sali-group.com/uploads/27152/news/p202403081659375e379.jpg]
[www.sali-group.com/news/happy-woman-s-day-75678752.html]
[www.sali-group.com/images/27152/othera810.css]
[www.sali-group.com/images/27152/other05e9.css]
[www.sali-group.com/uploads/27152/news/p20240617151248f500b.jpg]
[www.sali-group.com/news/eid-mubarak-78265273.html]
[www.sali-group.com/images/27152/other1c3f.css]
[www.sali-group.com/uploads/27152/news/p202404101012148df33.jpg]
[www.sali-group.com/news/eid-mubarak-76557946.html]
[www.sali-group.com/images/27152/other9143.css]
[www.sali-group.com/uploads/27152/news/p2024060816302837941.jpg]
[www.sali-group.com/news/dragon-boat-festival-78043283.html]
[www.sali-group.com/images/27152/other03c9.css]
[www.sali-group.com/Content/uploads/2023625764/20231122113222293bfefab067423a88a6ff90afb640f0.jpg]
[www.sali-group.com/news/power-tools-big-promotion-72725393.html]
[www.sali-group.com/images/27152/other6af2.css]
[www.sali-group.com/uploads/27152/news/p20240202102750960b4.jpg]
[www.sali-group.com/news/happy-chinese-new-year-spring-festival-74888669.html]
[www.sali-group.com/images/27152/otherf105.css]
[www.sali-group.com/Content/uploads/2023625764/20230927170004aec23b516d854add8f0c5be8243fba13.jpg]
[www.sali-group.com/news/mid-autumn-festival-national-day-of-china-71399546.html]
[www.sali-group.com/images/27152/otherd5d3.css]
[www.sali-group.com/Content/uploads/2023625764/20231230161915cee7db189bed4ed4ad3f56df78a4cb14.jpg]
[www.sali-group.com/news/happy-new-year-73768768.html]
[www.sali-group.com/images/27152/other640a.css]
[www.sali-group.com/Content/uploads/2022625764/20220705164144a53c31b162184d218ff0e97051cfe2f2.jpg]
[www.sali-group.com/news/10-cartons-get-1-carton-free-free-free-58782238.html]
[www.sali-group.com/images/27152/other61cd.css]
[www.sali-group.com/images/27152/otherfdab.css]
[www.sali-group.com/Content/uploads/2023625764/20230323141137e566ed95ad5b47b3987c2b567cfc3829.jpg]
[www.sali-group.com/news/ramadan-kareem-65817110.html]
[www.sali-group.com/images/27152/otherd8ec.css]
[www.sali-group.com/Content/uploads/2023625764/20230630105702162f8dbf643b49b99e56c03fd93c4d3e.jpg]
[www.sali-group.com/news/eid-al-adha-68869729.html]
[www.sali-group.com/images/27152/other67d8.css]
[www.sali-group.com/Content/uploads/2022625764/2022092714474646a2100cde7e45b6bb77abf536cb03a6.jpg]
[www.sali-group.com/Content/uploads/2022625764/20220927144746c737faed14ed49b78cb234155e8999ca.jpg]
[www.sali-group.com/news/germany-cologne-hardware-exhibition-61350010.html]
[www.sali-group.com/images/27152/othere976.css]
[www.sali-group.com/Content/uploads/2023625764/20230102094958418ce79010ca4e52a0f64faef6a7d555.jpg]
[www.sali-group.com/news/happy-new-year-64122914.html]
[www.sali-group.com/images/27152/othercd40.css]
[www.sali-group.com/Content/uploads/2022625764/202207291605437a89538c175441c0921eba0b84bd44cc.jpg]
[www.sali-group.com/Content/uploads/2022625764/2022072916054592b0fd8cf17d463a9ecc8965f4da1d28.jpg]
[www.sali-group.com/Content/uploads/2022625764/20220729160915dbe1fd0075ed47f88d8f8db1c1ba009d.jpg]
[www.sali-group.com/news/happy-one-month-to-althea-rhaine-59666632.html]
[www.sali-group.com/images/27152/otherbfcb.css]
[www.sali-group.com/images/27152/otherce57.css]
[www.sali-group.com/Content/uploads/2022625764/202204121524470e63cdbe63a3450685ecfb14a8ff40a8.jpg]
[www.sali-group.com/news/sali-escorts-your-safety-55748203.html]
[www.sali-group.com/news/customer-feedback-55496817.html]
[www.sali-group.com/images/27152/other4df6.css]
[www.sali-group.com/images/27152/othera4c7.css]
[www.sali-group.com/newslist-8.html]
[www.sali-group.com/images/27152/other191a.css]
[www.sali-group.com/newslist-11.html]
[www.sali-group.com/images/27152/other5411.css]
[www.sali-group.com/Content/uploads/2022625764/20220312104818d5b07fbbe563406390ab200aae53d58e.jpg]
[www.sali-group.com/news/who-will-be-the-next-country-agent-54811238.html]
[www.sali-group.com/images/27152/other90c4.css]
[www.sali-group.com/Content/uploads/2022625764/20220321110111d170357bf5f249d99e3560dccb47b113.jpg]
[www.sali-group.com/news/alibaba-website-live-show-schedule-54690253.html]
[www.sali-group.com/images/27152/other5b86.css]
[www.sali-group.com/Content/uploads/2022625764/202203021630591f08568810a7433294e769cb74fc135c.jpg]
[www.sali-group.com/news/hello-march-54501845.html]
[www.sali-group.com/images/27152/otherd585.css]
[www.sali-group.com/Content/uploads/2022625764/20220225102015ad5276c1177a497681ebc01e8de1da71.jpg]
[www.sali-group.com/Content/uploads/2022625764/20220225102015789eb2ad063245309af6fa522df7c907.jpg]
[www.sali-group.com/Content/uploads/2022625764/20220225102016bdc5df7ae60c40fc97e62d6ce90df8f7.jpg]
[www.sali-group.com/news/the-hot-delivery-season-has-begun-54310658.html]
[www.sali-group.com/images/27152/other3ba9.css]
[www.sali-group.com/Content/uploads/2022625764/202202161512405f68bcc6636b401e9d0ebb7790506f86.jpg]
[www.sali-group.com/news/happy-day-54082285.html]
[www.sali-group.com/news/happy-valentine-s-day-54029605.html]
[www.sali-group.com/images/27152/other311f.css]
[www.sali-group.com/images/27152/other38d9.css]
[www.sali-group.com/Content/uploads/2022625764/20220211091421a7e299c5031b49b9878286387152e626.jpg]
[www.sali-group.com/Content/uploads/2022625764/202202110914213b0475adbf1045f7a8e623ef4649b744.jpg]
[www.sali-group.com/news/hello-we-are-starting-working-today-53966688.html]
[www.sali-group.com/news/daily-53697640.html]
[www.sali-group.com/images/27152/other716d.css]
[www.sali-group.com/news/sali-notice-53617182.html]
[www.sali-group.com/images/27152/otherb188.css]
[www.sali-group.com/newslist-9.html]
[www.sali-group.com/images/27152/other0c78.css]
[www.sali-group.com/images/27152/othereb77.css]
[www.sali-group.com/images/27152/other47af.css]
[www.sali-group.com/Content/uploads/2022625764/20220110150553aa93878f3296447bb66fc2a9838de2af.jpg]
[www.sali-group.com/news/happy-laba-chinese-festival-53364512.html]
[www.sali-group.com/images/27152/other49b9.css]
[www.sali-group.com/Content/uploads/2022625764/20220107164729e39f6ed06f7049a0be9a3cd3bce19caa.jpg]
[www.sali-group.com/news/sali-double-faced-rubber-soft-hammer-53310682.html]
[www.sali-group.com/images/27152/otherb0ce.css]
[www.sali-group.com/Content/uploads/2022625764/20220107100738687b6f75ad3c4a5e8130195e79f33934.jpg]
[www.sali-group.com/news/sali-make-customers-better-business-53302105.html]
[www.sali-group.com/images/27152/otherc7ce.css]
[www.sali-group.com/Content/uploads/2022625764/202201031601438af09a8ab178459e84309be8531a1a9a.jpg]
[www.sali-group.com/news/new-year-s-business-53217121.html]
[www.sali-group.com/images/27152/otherf34b.css]
[www.sali-group.com/Content/uploads/2021625764/2021122914514100a6231f42544745ac93db21de1a240b.jpg]
[www.sali-group.com/Content/uploads/2021625764/202112291451410bd7f21a7bd1430d89e0126416e4d52f.jpg]
[www.sali-group.com/Content/uploads/2021625764/20211229145142dcb8d295cb3e4b04bf3400bc2fbdf776.jpg]
[www.sali-group.com/news/bench-grinder-will-coming-to-our-stock-soon-53053011.html]
[www.sali-group.com/images/27152/other5986.css]
[www.sali-group.com/Content/uploads/2021625764/20211227142921bf1ad194cbff4daa9b6af1125808414a.jpg]
[www.sali-group.com/Content/uploads/2021625764/2021122714292164151a5209c34da0a263f77222dd34a4.jpg]
[www.sali-group.com/Content/uploads/2021625764/2021122714292108fd7816abd34f7092fb0d0addcd2356.jpg]
[www.sali-group.com/news/new-product-bench-grinder-is-coming-online-soo-52969260.html]
[www.sali-group.com/images/27152/other755e.css]
[www.sali-group.com/Content/uploads/2021625764/20211225105102861726cee6084ab38a5d483e497ca9a0.jpg]
[www.sali-group.com/news/wish-you-everything-is-fine-52916527.html]
[www.sali-group.com/images/27152/other8925.css]
[www.sali-group.com/Content/uploads/2021625764/20211224134844cc6e7ded02864f688123b3a2723bc05d.jpg]
[www.sali-group.com/news/marry-christmas-52885228.html]
[www.sali-group.com/images/27152/other5e61.css]
[admin.seo.com.cn/Content/uploads/2021625764/20211222134711c1fde63ecbc04f0a825f88b5b6b133d6.jpg]
[admin.seo.com.cn/Content/uploads/2021625764/20211222134713ffba54f522cb4af1bfa72af801aa365b.jpg]
[admin.seo.com.cn/Content/uploads/2021625764/2021122213471388bed1e75ed64f498b97663d555735a6.jpg]
[www.sali-group.com/news/end-of-year-container-52808942.html]
[www.sali-group.com/images/27152/other14c0.css]
[www.sali-group.com/Content/uploads/2021625764/202112201445533e841e5e8d9c4a5999c5d2b3db60a6f8.jpg]
[www.sali-group.com/news/sali-plastic-cutting-pliers-52725726.html]
[www.sali-group.com/newslist-10.html]
[www.sali-group.com/images/27152/other7ff1.css]
[www.sali-group.com/images/27152/other5013.css]
[www.sali-group.com/news/brief-introduction-of-grinding-wheel-39508585.html]
[www.sali-group.com/images/27152/other8f70.css]
[www.sali-group.com/news/several-commonly-used-flocking-sandpaper-39508533.html]
[www.sali-group.com/images/27152/othera48b.css]
[www.sali-group.com/news/the-use-process-of-grinding-wheel-39508498.html]
[www.sali-group.com/images/27152/other08fa.css]
[www.sali-group.com/news/three-series-of-characteristics-of-abrasives-39508484.html]
[www.sali-group.com/images/27152/other998f.css]
[www.sali-group.com/news/performance-requirements-of-colorants-for-grin-39508477.html]
[www.sali-group.com/images/27152/otherdb44.css]
[www.sali-group.com/news/analysis-of-common-sense-of-abrasives-39508439.html]
[www.sali-group.com/images/27152/other3491.css]
[www.sali-group.com/news/explore-the-abrasives-commonly-used-in-grindin-39508402.html]
[www.sali-group.com/images/27152/other26c5.css]
[www.sali-group.com/news/types-and-selection-methods-of-polishing-mater-39508384.html]
[www.sali-group.com/images/27152/otherc038.css]
[www.sali-group.com/news/the-significance-of-abrasives-in-mechanical-pr-39508352.html]
[www.sali-group.com/images/27152/other266b.css]
[www.sali-group.com/newslist-12.html]
[www.sali-group.com/images/27152/otherae28.css]
[www.sali-group.com/images/27152/other605d.css]
[www.sali-group.com/news/happy-month-48158588.html]
[www.sali-group.com/news/care-from-sali-48112720.html]
[www.sali-group.com/news/100-day-growth-plan-47900337.html]
[www.sali-group.com/news/full-of-salesman-47891301.html]
[www.sali-group.com/news/nothing-but-pray-47866872.html]
[www.sali-group.com/news/good-news-47744252.html]
[www.sali-group.com/news/shareholders-meeting-47721798.html]
[www.sali-group.com/news/good-news-for-sali-47689646.html]
[www.sali-group.com/newslist-13.html]
[www.sali-group.com/news/yuncang-large-third-party-warehouse-47669205.html]
[www.sali-group.com/images/27152/otherfa91.css]
[www.sali-group.com/news/good-news-47590890.html]
[www.sali-group.com/news/end-of-100-day-growth-plan-47466912.html]
[www.sali-group.com/news/nothing-47399833.html]
[www.sali-group.com/news/regular-meetings-of-the-management-meeting-47336646.html]
[www.sali-group.com/news/sali-new-cabinet-47301755.html]
[www.sali-group.com/news/warmly-celebrate-the-100th-anniversary-of-the-47249280.html]
[www.sali-group.com/news/the-whole-container-of-grinding-wheel-discs-is-47220021.html]
[www.sali-group.com/news/new-car-new-goods-47177805.html]
[www.sali-group.com/newslist-14.html]
[www.sali-group.com/news/shipping-47002594.html]
[www.sali-group.com/images/27152/otherf9a8.css]
[www.sali-group.com/news/sali-academy-46876590.html]
[www.sali-group.com/news/order-or-not-order-is-a-question-or-not-46783603.html]
[www.sali-group.com/news/it-s-another-year-for-dragon-boat-festival-46672238.html]
[www.sali-group.com/news/a-video-call-with-ourcustomers-in-mauritius-to-46626198.html]
[www.sali-group.com/news/sali-is-loading-friends-come-order-now-46576331.html]
[www.sali-group.com/newslist-15.html]
[www.sali-group.com/newslist-16.html]
[www.sali-group.com/news/sali-video-conference-today-46540354.html]
[www.sali-group.com/newslist-17.html]
[www.sali-group.com/images/27152/other1139.css]
[www.sali-group.com/images/27152/other6f0b.css]
[www.sali-group.com/images/27152/otherc574.css]
[www.sali-group.com/images/27152/other97d1.css]
[www.sali-group.com/images/27152/otherac80.css]
[www.sali-group.com/images/27152/other6856.css]
[www.sali-group.com/images/27152/other7b05.css]
[www.sali-group.com/news/business-difficult-to-do-52626708.html]
[www.sali-group.com/images/27152/other697c.css]
[www.sali-group.com/news/sali-group-of-announcement-52489196.html]
[www.sali-group.com/images/27152/otheref74.css]
[www.sali-group.com/images/27152/otherbd23.css]
[www.sali-group.com/Content/uploads/2021625764/2021121013570456711413628345cebcb5447c665bd9ce.jpg]
[www.sali-group.com/news/sali-thanks-for-you-and-your-support-52378784.html]
[www.sali-group.com/images/27152/otherc96d.css]
[admin.seo.com.cn/Content/uploads/2021625764/202112081026247f60020f16a9428ab3e83047ab2616d3.jpg]
[www.sali-group.com/Content/uploads/2021625764/202112081026247d66803140b149efa75cdd28e269c1f2.jpg]
[www.sali-group.com/Content/uploads/2021625764/202112081026254bd430271fac4a31be1bbedd103e7109.jpg]
[www.sali-group.com/news/sali-our-best-choice-52308494.html]
[www.sali-group.com/images/27152/otherf63f.css]
[www.sali-group.com/Content/uploads/2021625764/202112011442294d4f9cc88c294f9ab1ebf0ff65c97dbc.jpg]
[www.sali-group.com/Content/uploads/2021625764/20211201144229eea16edd6b984dde9552c898860aec89.jpg]
[www.sali-group.com/Content/uploads/2021625764/202112011442320f95900716eb4f1a9aff1bfcd154b5db.jpg]
[www.sali-group.com/Content/uploads/2021625764/20211201144237789b686cd7a54d7396b4ce087510d047.jpg]
[www.sali-group.com/Content/uploads/2021625764/202112011442385324e889f35b44388af319d483067358.jpg]
[www.sali-group.com/Content/uploads/2021625764/20211201144240877376386b46471794d701f288bbcf4f.jpg]
[www.sali-group.com/Content/uploads/2021625764/20211201144240ece9e2acfba44e26a1bc150006a94893.jpg]
[www.sali-group.com/Content/uploads/2021625764/20211201144240b2740b0d761d49589bbeab22f29bc6d3.jpg]
[www.sali-group.com/Content/uploads/2021625764/20211201144242bf7f741dea1e47ceb8cac08c574b0464.jpg]
[www.sali-group.com/news/new-container-for-coustomer-52131173.html]
[www.sali-group.com/images/27152/other87d3.css]
[www.sali-group.com/images/27152/otherb34e.css]
[www.sali-group.com/Content/uploads/2021625764/20211124143438c418556c323a431ea40db96ee0db7aa0.jpg]
[www.sali-group.com/news/good-feedback-from-australia-51893025.html]
[www.sali-group.com/news/about-temperature-51799549.html]
[www.sali-group.com/images/27152/othera384.css]
[www.sali-group.com/images/27152/other6799.css]
[www.sali-group.com/Content/uploads/2021625764/20211117093558249693945882482fbdd86939a36eaa90.jpg]
[www.sali-group.com/news/sali-provide-high-quality-products-create-51599354.html]
[www.sali-group.com/images/27152/othere509.css]
[www.sali-group.com/Content/uploads/2021625764/20211113153943031d3a0cdd02404999668b8e37de0ee4.jpg]
[www.sali-group.com/Content/uploads/2021625764/2021111315394314b2919d0bf54d34ba19bd75aaf403f0.jpg]
[www.sali-group.com/news/see-you-soon-51494518.html]
[www.sali-group.com/images/27152/other57c5.css]
[www.sali-group.com/Content/uploads/2021625764/2021111014095411f87670da5042c1bebe06059c2346af.jpg]
[www.sali-group.com/Content/uploads/2021625764/20211110140954cba0fe2cc6ef48deb8ecd8c497b5aae9.jpg]
[www.sali-group.com/news/sali-go-go-go-51369775.html]
[www.sali-group.com/images/27152/other52ae.css]
[www.sali-group.com/Content/uploads/2021625764/2021110909405847ac8ad44b8c418396073fb0d79e9686.jpg]
[www.sali-group.com/Content/uploads/2021625764/2021110909405840def499d8dd45c48723334d823be5a7.jpg]
[www.sali-group.com/news/new-2-container-to-customer-51313170.html]
[www.sali-group.com/images/27152/other6a29.css]
[www.sali-group.com/Content/uploads/2021625764/20211106134634ae4ea27f7ebd41b580cef9c0dbbd5ff7.jpg]
[www.sali-group.com/news/today-loading-one-container-to-customers-51198470.html]
[www.sali-group.com/images/27152/other8a3b.css]
[www.sali-group.com/Content/uploads/2021625764/202111051338545957db49d5984ec7be09be7f6758d715.jpg]
[www.sali-group.com/news/efficient-work-51118444.html]
[www.sali-group.com/images/27152/other8950.css]
[www.sali-group.com/Content/uploads/2021625764/20211101095613b15f7d42627247c6a8870026345bdc27.jpg]
[www.sali-group.com/Content/uploads/2021625764/2021110109561447446178ee9043a5aded1670f2ad1c70.jpg]
[www.sali-group.com/news/autumn-outing-50899943.html]
[www.sali-group.com/images/27152/other8cd3.css]
[www.sali-group.com/Content/uploads/2021625764/2021102915472249cc1b5837f3400fa25b37f951644895.jpg]
[www.sali-group.com/news/normal-day-50794386.html]
[www.sali-group.com/images/27152/other8824.css]
[www.sali-group.com/Content/uploads/2021625764/2021102718510911dc899f404c47e38902c28bf4fdcdec.jpg]
[www.sali-group.com/Content/uploads/2021625764/202110271851099e4f1f808ef44402abd5eeb2f195dde8.jpg]
[www.sali-group.com/news/daily-of-sali-50739959.html]
[www.sali-group.com/news/supplier-visited-our-company-50693618.html]
[www.sali-group.com/images/27152/other2718.css]
[www.sali-group.com/newslist-862627-8.html]
[www.sali-group.com/images/27152/other8c54.css]
[www.sali-group.com/images/27152/other9e11.css]
[www.sali-group.com/images/27152/otherd70e.css]
[www.sali-group.com/Content/uploads/2021625764/202110201403502479c53b2cf24caf8288e85d248e0529.jpg]
[www.sali-group.com/news/important-notice-50563522.html]
[www.sali-group.com/images/27152/otherab72.css]
[www.sali-group.com/Content/uploads/2021625764/202110181341337ffbdf1ecf9d47d9a9c2562411e31981.jpg]
[www.sali-group.com/news/happy-day-50509517.html]
[www.sali-group.com/images/27152/othera04b.css]
[www.sali-group.com/Content/uploads/2021625764/202110131340012dfd1052330e4cf48d5c3a8a0a669c9f.jpg]
[www.sali-group.com/Content/uploads/2021625764/2021101313400473b10ad760004a1e8780aa532aff2c87.jpg]
[www.sali-group.com/news/new-container-to-agent-50395128.html]
[www.sali-group.com/news/the-rise-in-oil-prices-50244150.html]
[www.sali-group.com/images/27152/otherfbc6.css]
[www.sali-group.com/images/27152/other24e8.css]
[www.sali-group.com/Content/uploads/2021625764/202110081409133dc63c66321944428a2df9005f18e4ce.jpg]
[www.sali-group.com/news/sali-our-best-chioce-50158335.html]
[www.sali-group.com/images/27152/otherfbe5.css]
[www.sali-group.com/Content/uploads/2021625764/2021100613340450c8bafda7a04dc49b2153a28aa3fb44.jpg]
[www.sali-group.com/news/happy-work-began-50138115.html]
[www.sali-group.com/images/27152/othera9c2.css]
[www.sali-group.com/Content/uploads/2021625764/202109300933436a91d36cdd3f4986a8d21bb3b13a372e.jpg]
[www.sali-group.com/news/holiday-over-50116727.html]
[www.sali-group.com/images/27152/othercf02.css]
[www.sali-group.com/Content/uploads/2021625764/2021093009302206f1afb14af1416cb927d148db35b956.jpg]
[www.sali-group.com/news/happy-china-national-day-holiday-50116587.html]
[www.sali-group.com/images/27152/other4193.css]
[www.sali-group.com/Content/uploads/2021625764/20210930092826906e48f563c0404ab4c25b701f5f457a.jpg]
[www.sali-group.com/news/national-day-i-wish-the-motherland-a-happy-bi-50116436.html]
[www.sali-group.com/images/27152/other1397.css]
[admin.seo.com.cn/Content/uploads/2021625764/20210924135836487a9209946847a288bb2fd9edf6ecd8.jpg]
[www.sali-group.com/Content/uploads/2021625764/20210924135836d9a5a2f0982b48b085fe9ccc1f622e2e.jpg]
[www.sali-group.com/Content/uploads/2021625764/202109241358374029e0c53ec14833abac88ab4971f4a1.jpg]
[www.sali-group.com/news/new-container-to-our-agent-49846775.html]
[www.sali-group.com/images/27152/otherdbe5.css]
[www.sali-group.com/Content/uploads/2021625764/20210922145322c739b79dc9dd460895137946312a7d46.jpg]
[www.sali-group.com/news/happy-mid-autumn-festival-49761294.html]
[www.sali-group.com/images/27152/other649d.css]
[www.sali-group.com/Content/uploads/2021625764/20210918110516b1d15d77fdd84fa9848e1928239681fc.jpg]
[www.sali-group.com/Content/uploads/2021625764/202109181105356f36607074164a9f82b7ed153b1b0531.jpg]
[www.sali-group.com/Content/uploads/2021625764/20210918110540fee2d3f3afa74c53bafa824c55f776ce.jpg]
[www.sali-group.com/news/load-a-new-container-to-kuwait-49671374.html]
[www.sali-group.com/images/27152/other3702.css]
[www.sali-group.com/newslist-862627-9.html]
[www.sali-group.com/images/27152/other8509.css]
[www.sali-group.com/images/27152/other7ce7.css]
[www.sali-group.com/news/typhoon-49525556.html]
[www.sali-group.com/images/27152/other28d4.css]
[admin.seo.com.cn/Content/uploads/2021625764/2021091109305836040bcc2e0846d3854f9a2c67c57c92.jpg]
[admin.seo.com.cn/Content/uploads/2021625764/20210911093157fe7ed6dc8fa34a01953da6729aeb4d3a.jpg]
[www.sali-group.com/news/loaded-three-containers-49468830.html]
[www.sali-group.com/news/sali-opens-up-new-markets-49378351.html]
[www.sali-group.com/images/27152/other2f71.css]
[www.sali-group.com/images/27152/other25e6.css]
[www.sali-group.com/Content/uploads/2021625764/202109061652076ff14cdecc4d4c1981d98f2881f5d3af.jpg]
[www.sali-group.com/news/sali-meeting-49304158.html]
[www.sali-group.com/news/sali-activity-49224528.html]
[www.sali-group.com/images/27152/othere9dd.css]
[www.sali-group.com/images/27152/other9ab3.css]
[admin.seo.com.cn/Content/uploads/2021625764/2021082709455992607f09f6cc42f099f099d2bcf89f45.jpg]
[admin.seo.com.cn/Content/uploads/2021625764/20210827094559873cfb2d5bbd43898df6deb41216bef5.jpg]
[admin.seo.com.cn/Content/uploads/2021625764/20210827094600995d1702fec749caa3c300fcfea5b91f.jpg]
[www.sali-group.com/news/a-busy-day-48860224.html]
[www.sali-group.com/images/27152/other5719.css]
[www.sali-group.com/Content/uploads/2021625764/20210825144928372ea9d8b9e840d48c32443735c35015.jpg]
[www.sali-group.com/news/sali-will-visit-our-customer-48781481.html]
[www.sali-group.com/images/27152/otherc421.css]
[www.sali-group.com/news/sali-live-end-48678333.html]
[www.sali-group.com/images/27152/otheraab1.css]
[www.sali-group.com/Content/uploads/2021625764/20210816110423bdb870701afd4fbb8b178a5b4b55b885.jpg]
[www.sali-group.com/news/live-countdown-48579568.html]
[www.sali-group.com/images/27152/otherfef7.css]
[www.sali-group.com/Content/uploads/2021625764/2021080916182261bde720262c4a6aad78f59669dd1143.jpg]
[www.sali-group.com/news/sali-will-live-at-day-eleven-48344220.html]
[www.sali-group.com/news/careful-yourself-48302915.html]
[www.sali-group.com/images/27152/othera515.css]
[www.sali-group.com/images/27152/otherb59a.css]
[www.sali-group.com/Content/uploads/2021625764/202108061125298560b6bbe56b4ad8ade2dc885f00f73e.jpg]
[www.sali-group.com/news/container-successfully-reached-bangladesh-48267153.html]
[www.sali-group.com/images/27152/otheree88.css]
[www.sali-group.com/images/27152/other0a9e.css]
[www.sali-group.com/Content/uploads/2021625764/202106081446556a19d19510a748e2a71e11663c89cd15.jpg]
[www.sali-group.com/news/sali-new-warehouse-46489159.html]
[www.sali-group.com/images/27152/other423a.css]
[www.sali-group.com/Content/uploads/2021625764/20210607141526ed66f82d25ce4739be5b1f4468582522.jpg]
[www.sali-group.com/news/water-conservancy-project-orders-46454744.html]
[www.sali-group.com/images/27152/other3228.css]
[www.sali-group.com/Content/uploads/2021625764/20210604102942379cf54cdefe462ba6a8ec42c15bee62.jpg]
[www.sali-group.com/Content/uploads/2021625764/202106041032100df1a298169b416e9f05c374960eb253.jpg]
[www.sali-group.com/news/loaded-one-container-46381871.html]
[www.sali-group.com/images/27152/other59c2.css]
[www.sali-group.com/Content/uploads/2021625764/2021060314023585f2d68dca5f4c389f90be1ee5f7efb4.jpg]
[www.sali-group.com/news/the-company-happily-travels-together-46310129.html]
[www.sali-group.com/images/27152/other28b3.css]
[www.sali-group.com/Content/uploads/2020688306/20201126113639457afa51df274742a1c975b01ce91dc5.jpg]
[www.sali-group.com/news/the-sali-brand-you-can-sed-the-with-2-colors-40113523.html]
[www.sali-group.com/images/27152/otheree73.css]
[www.sali-group.com/Content/uploads/2020625764/2020112416083475b441aa70bf48618c3234d114836b72.jpg]
[www.sali-group.com/Content/uploads/2020625764/20201124160834762ea5156f0b4c4b8bd38f5ea56a268c.jpg]
[www.sali-group.com/Content/uploads/2020625764/202011241608358489e3abc1d6488299206da9de958e09.jpg]
[www.sali-group.com/Content/uploads/2020625764/2020112416084001d5ee502aa6437ab55d50549f8d3a7c.jpg]
[www.sali-group.com/news/today-we-installed-40gp-container-to-kuwait-40042679.html]
[www.sali-group.com/news/we-finish-the-overturn-as-rmb100-000-000-til-40004749.html]
[www.sali-group.com/images/27152/other7752.css]
[www.sali-group.com/images/27152/otherc0b1.css]
[www.sali-group.com/Content/uploads/2020625764/202011161545388a6c9a96704e47988b0cc5671dd0e5b7.jpg]
[www.sali-group.com/Content/uploads/2020625764/2020111615454019d02100b3704f20aea913654490ab73.jpg]
[www.sali-group.com/Content/uploads/2020625764/20201116154540424e8bedccf249b08c2b547e830536e9.jpg]
[www.sali-group.com/news/20-gp-container-to-sri-lanka-39777443.html]
[www.sali-group.com/images/27152/other7fa5.css]
[www.sali-group.com/images/27152/other5652.css]
[www.sali-group.com/images/27152/otherdfa6.css]
[www.sali-group.com/images/27152/otherda81.css]
[www.sali-group.com/images/27152/other5b6f.css]
[www.sali-group.com/images/27152/othereb45.html]
[www.sali-group.com/images/27152/other2e69.html]
[www.sali-group.com/news/new-type-coming-soon-51992339.html]
[www.sali-group.com/images/27152/other01cc.css]
[www.sali-group.com/images/27152/otherf5df.html]
[www.sali-group.com/images/27152/otherc3b0.css]
[www.sali-group.com/Content/uploads/2021625764/20211115143048d6011fbcd66f47cc89b7e5f1eee10087.jpg]
[www.sali-group.com/Content/uploads/2021625764/20211115143054cb11d36f282a47f2b27e449bf39ef98c.jpg]
[www.sali-group.com/news/bow-saw-51525999.html]
[www.sali-group.com/images/27152/otheraef8.css]
[www.sali-group.com/images/27152/other5eb2.css]
[www.sali-group.com/images/27152/other251f.css]
[www.sali-group.com/images/27152/other8333.css]
[www.sali-group.com/images/27152/other2ddb.css]
[www.sali-group.com/Content/uploads/2021625764/20211213155850bfe1a68ace01417f8f4842d3f01c8ffe.jpg]
[www.sali-group.com/news/good-look-of-cutting-disc-52411853.html]
[www.sali-group.com/images/27152/other5ad9.css]
[www.sali-group.com/Content/uploads/2021625764/20211206161001b0668c2ff4c640cebdec23aa8b6e9de4.jpg]
[www.sali-group.com/Content/uploads/2021625764/20211206161001df49160c637c49c89e5bdf0c6214c680.jpg]
[www.sali-group.com/Content/uploads/2021625764/202112061610034e632b21ae794868a1457c6816a7fbf9.jpg]
[www.sali-group.com/Content/uploads/2021625764/20211206161004d9a4d18e8669493a8561adf9cdfd0207.jpg]
[www.sali-group.com/news/pruning-saw-new-items-52246976.html]
[www.sali-group.com/news/sali-diamond-hole-saw-drill-bit-52189610.html]
[www.sali-group.com/images/27152/other2ff2.css]
[www.sali-group.com/images/27152/other32de.css]
[www.sali-group.com/Content/uploads/2021625764/20211129110749216625358cc64a9a8fa7f1a0d34d92f3.jpg]
[www.sali-group.com/news/sds-drill-bit-out-of-stock-now-52062700.html]
[www.sali-group.com/news/new-products-are-waiting-for-you-51450608.html]
[www.sali-group.com/images/27152/otherbacc.css]
[www.sali-group.com/images/27152/othere252.css]
[www.sali-group.com/Content/uploads/2021625764/202111031406214c4140a8288741c9bceb1e15be9cded4.jpg]
[www.sali-group.com/Content/uploads/2021625764/2021110314062194f4bc0725a8448b95ef0f649ace0116.jpg]
[www.sali-group.com/Content/uploads/2021625764/20211103140622a08dc9acd1d546e482b1c2b24e55de71.jpg]
[www.sali-group.com/Content/uploads/2021625764/20211103140624bb2f24e89e44468f868bbce2fffc9ac4.jpg]
[www.sali-group.com/news/washer-50988447.html]
[www.sali-group.com/images/27152/other68f8.css]
[www.sali-group.com/images/27152/other2108.css]
[www.sali-group.com/Content/uploads/2021625764/20211023135453c855e1d769eb417fb726288d8130d1cd.jpg]
[www.sali-group.com/news/earth-auger-information-50659081.html]
[www.sali-group.com/news/air-compressor-flow-50639899.html]
[www.sali-group.com/images/27152/other9855.css]
[www.sali-group.com/news/certificate-of-origin-50468176.html]
[www.sali-group.com/images/27152/otherd667.css]
[www.sali-group.com/images/27152/other0b2b.css]
[www.sali-group.com/Content/uploads/2021625764/202110111344564975fa82aa51467191e6bbca4f95dbce.jpg]
[www.sali-group.com/news/portable-earth-auger-knowladge-50314035.html]
[www.sali-group.com/images/27152/otherbe1b.css]
[www.sali-group.com/Content/uploads/2021625764/202109271458546518154bab3c4461a1da9a5fc6ae8ca5.jpg]
[www.sali-group.com/Content/uploads/2021625764/202109271458557deb5593f4574f58b0ecbc2cdd6f5849.jpg]
[www.sali-group.com/Content/uploads/2021625764/202109271458552a4a9573840843f58658247de0e3b661.jpg]
[www.sali-group.com/news/new-arrive-products-is-coming-49956898.html]
[www.sali-group.com/images/27152/other3113.css]
[www.sali-group.com/Content/uploads/2021625764/202109151721575198cf17d60b4b3389a7d1654ef1405c.jpg]
[www.sali-group.com/Content/uploads/2021625764/202109151721574404eea01c37491db3aebe4d70da1d17.jpg]
[www.sali-group.com/news/paint-roll-brush-tool-set-49595538.html]
[www.sali-group.com/news/diamond-soft-grinding-sheet-49145619.html]
[www.sali-group.com/images/27152/otherc354.css]
[www.sali-group.com/images/27152/otherc5ba.css]
[www.sali-group.com/Content/uploads/2021625764/20210830141933373d1d928d704487855b2e752609f3dc.jpg]
[www.sali-group.com/news/portable-air-compressor-49044477.html]
[www.sali-group.com/images/27152/other6eee.css]
[www.sali-group.com/Content/uploads/2021625764/202108231353100e2238faa538429aa01eceeef32d2dcf.jpg]
[www.sali-group.com/news/vehicle-mounted-air-pump-48776846.html]
[www.sali-group.com/images/27152/other6948.css]
[www.sali-group.com/Content/uploads/2021625764/2021080409272637c78e3f27df4d1db230cbddee1c34af.jpg]
[www.sali-group.com/Content/uploads/2021625764/20210804092726b59127b94bc84d3bb172a6b64b388fa7.jpg]
[www.sali-group.com/Content/uploads/2021625764/20210804092727bdc81f1a1209401a85bb1babe2c58c45.jpg]
[www.sali-group.com/news/sali-new-arrive-en-stock-48204247.html]
[www.sali-group.com/news/sali-measuring-tape-47964326.html]
[www.sali-group.com/images/27152/other3e28.css]
[www.sali-group.com/news/offer-sheet-47525173.html]
[www.sali-group.com/images/27152/other0950.css]
[www.sali-group.com/images/27152/otherbe36.css]
[www.sali-group.com/images/27152/other5248.css]
[www.sali-group.com/Content/uploads/2021625764/2021070917314041061e2c78f54eeebc18ba58a2f117d2.jpg]
[www.sali-group.com/Content/uploads/2021625764/20210709173154b26628108fd44d1f8b6604b0a6c77b53.jpg]
[www.sali-group.com/Content/uploads/2021625764/2021070917320129ca06325316438db1f622ca08d18926.jpg]
[www.sali-group.com/Content/uploads/2021625764/20210709173221b8238ce37bd44723b4a48530d4e02d58.jpg]
[www.sali-group.com/Content/uploads/2021625764/20210709173051f7da4c8a2b464dcca33806946026a7ec.jpg]
[www.sali-group.com/news/new-products-47438167.html]
[www.sali-group.com/images/27152/other66ea.css]
[www.sali-group.com/Content/uploads/2021625764/202106161518060c11b58da6d141b0b6540343f39d886a.jpg]
[www.sali-group.com/Content/uploads/2021625764/20210616151808732909077f4a4ee7928dfef220b8e1dc.jpg]
[www.sali-group.com/news/warehouse-inventory-46707649.html]
[www.sali-group.com/images/27152/other2647.css]
[www.sali-group.com/Content/uploads/2020625764/20201130140331ca16c544afb843c180bbf7dd8a3733ab.jpg]
[www.sali-group.com/Content/uploads/2020625764/2020113014033440fd6665f0da46b7a94f81d730952421.jpg]
[www.sali-group.com/Content/uploads/2020625764/20201130140335d62e5415b4e343ec9aa4e30381f8dcef.jpg]
[www.sali-group.com/Content/uploads/2020625764/202011301403489d044818bd0f4eafaf211cf0e676d06a.jpg]
[www.sali-group.com/Content/uploads/2020625764/202011301403543a5012d648ce43a288a77d8904356641.jpg]
[www.sali-group.com/Content/uploads/2020625764/20201130140357e9728f2076054f78be9720f44608cbba.jpg]
[www.sali-group.com/Content/uploads/2020625764/20201130140412fe50371a0a75488a832317ac57a2f7f2.jpg]
[www.sali-group.com/Content/uploads/2020625764/2020113014041781a711d3b8ea4f6886952c7eca334267.jpg]
[www.sali-group.com/Content/uploads/2020625764/202011301404223938dba48c124d56966a12f5569095b3.jpg]
[www.sali-group.com/news/price-adjustment-40240780.html]
[www.sali-group.com/news/today-we-commend-you-the-jig-saw-40079132.html]
[www.sali-group.com/images/27152/other89de.css]
[www.sali-group.com/news/we-enlarge-high-press-washer-soldering-iron-40004861.html]
[www.sali-group.com/images/27152/other3dc8.css]
[www.sali-group.com/news/the-quotation-expired-time-is-7-days-40004796.html]
[www.sali-group.com/images/27152/other9a3b.css]
[www.sali-group.com/images/27152/other2b2c.css]
[www.sali-group.com/Content/uploads/2020625764/202011231558420fe4a870f7994c6497bff378706b05b1.jpg]
[www.sali-group.com/Content/uploads/2020625764/20201123155845838c7b29a6284fb794c669458385f382.jpg]
[www.sali-group.com/Content/uploads/2020625764/20201123155845bc935f2e7ae64da5853e1e322f28c742.jpg]
[www.sali-group.com/news/today-we-commend-you-the-li-on-power-tool-seri-40004729.html]
[www.sali-group.com/images/27152/otherb17f.css]
[www.sali-group.com/Content/uploads/2020625764/20201123153307fd3a89f0f9e94e83bfa4251dde170bfe.jpg]
[www.sali-group.com/Content/uploads/2020625764/202011231533097fd70be360404c1e9504f434892ff9d6.jpg]
[www.sali-group.com/news/here-is-sali-update-catalogue-for-hand-tool-fo-40004439.html]
[www.sali-group.com/images/27152/other9251.css]
[www.sali-group.com/Content/uploads/2020625764/2020112315314519841b74629747559af5fd6b2c26496d.jpg]
[www.sali-group.com/news/today-we-commend-you-new-items-as-electric-pla-40004429.html]
[www.sali-group.com/images/27152/other3082.css]
[www.sali-group.com/Content/uploads/2020625764/2020111917035409c1d46ca7ae4f9b94b4a982ff477a63.jpg]
[www.sali-group.com/Content/uploads/2020625764/20201119170355b30f0fa85caa489fa2f23b419812912c.jpg]
[www.sali-group.com/Content/uploads/2020625764/202011191703572e91ced74c834bbbb338cc6f66442e9c.jpg]
[www.sali-group.com/Content/uploads/2020625764/20201119170359da6aca1f710f4f1e811ad0c90456660d.jpg]
[www.sali-group.com/Content/uploads/2020625764/20201119170401521e655c07b24a2e8654cdfa4ba6f8ae.jpg]
[www.sali-group.com/Content/uploads/2020625764/20201119170405029447e3ea234a60beedb98b8e220f2a.jpg]
[www.sali-group.com/Content/uploads/2020625764/20201119170411fe6edbc29c3b406d9d41cac7812d8ff7.jpg]
[www.sali-group.com/news/today-we-introduce-you-sali-polisher-39899311.html]
[www.sali-group.com/images/27152/otherb764.css]
[www.sali-group.com/Content/uploads/2020625764/202011181507178781509ccadf441f966519ec5bff9398.jpg]
[www.sali-group.com/Content/uploads/2020625764/20201118150721cb262fff424544159d354adaac81d7e4.jpg]
[www.sali-group.com/Content/uploads/2020625764/20201118150724554a36b6147d4772995e21e77a02ec8e.jpg]
[www.sali-group.com/Content/uploads/2020625764/2020111815072518007c456b174f45afc40eff1dc579bb.jpg]
[www.sali-group.com/Content/uploads/2020625764/20201118150727e58b3a62fcf048caa256da4c88d9f451.jpg]
[www.sali-group.com/Content/uploads/2020625764/20201118150730fdfae962cb2b4d6da08ad96b284a14c5.jpg]
[www.sali-group.com/Content/uploads/2020625764/20201118150731c34f06bfc68742ec896e09bc36bef9d6.jpg]
[www.sali-group.com/Content/uploads/2020625764/2020111815073259f89bc208204fbd9eebbaff6e5ecc9b.jpg]
[www.sali-group.com/Content/uploads/2020625764/20201118150733d9c70064e5f04c0ea65a346c7a54fb4a.jpg]
[www.sali-group.com/Content/uploads/2020625764/20201118150740513390526c1243d7a134c127b657a5c6.jpg]
[www.sali-group.com/news/sali-drill-chuck-39861882.html]
[www.sali-group.com/images/27152/othera347.css]
[www.sali-group.com/Content/uploads/2020625764/20201117112658b34a8faf021e400a926f910d9eab2ce3.jpg]
[www.sali-group.com/Content/uploads/2020625764/2020111711270172884649392749c0b6bcc1eeffa91e68.jpg]
[www.sali-group.com/Content/uploads/2020625764/2020111711270225cafc8909ea44408b6141af36f562ee.jpg]
[www.sali-group.com/Content/uploads/2020625764/20201117112709880eb24dc20048b592945dc2c5513a84.jpg]
[www.sali-group.com/Content/uploads/2020625764/20201117112712c68e78f245544bc78f955ca642884a81.jpg]
[www.sali-group.com/Content/uploads/2020625764/20201117112717ec84aea85ecc4f77a8754a7c8b100483.jpg]
[www.sali-group.com/news/new-product-high-pressure-washer-39803105.html]
[www.sali-group.com/news/selection-of-alloy-saw-blade-base-39510116.html]
[www.sali-group.com/images/27152/otherc49c.css]
[www.sali-group.com/news/classification-of-diamond-cutting-discs-39509983.html]
[www.sali-group.com/images/27152/otherbd68.css]
[www.sali-group.com/news/manufacturing-process-of-diamond-cutting-disc-39509935.html]
[www.sali-group.com/images/27152/other6f76.css]
[www.sali-group.com/news/characteristics-of-diamond-grinding-wheels-39509865.html]
[www.sali-group.com/images/27152/otheraaf7.css]
[www.sali-group.com/news/the-structure-of-diamond-grinding-wheel-39509841.html]
[www.sali-group.com/news/cutting-parameters-of-diamond-saw-blades-39509667.html]
[www.sali-group.com/images/27152/other2ba2.css]
[www.sali-group.com/news/process-classification-of-diamond-saw-blades-39509508.html]
[www.sali-group.com/images/27152/otherd14e.css]
[www.sali-group.com/news/definition-of-diamond-saw-blade-39509427.html]
[www.sali-group.com/images/27152/other6664.css]
[www.sali-group.com/news/cleaning-method-of-grinding-wheel-39509316.html]
[www.sali-group.com/images/27152/othere45b.css]
[www.sali-group.com/news/different-types-of-grinding-wheels-39508892.html]
[www.sali-group.com/images/27152/other2c43.css]
[www.sali-group.com/news/the-role-and-characteristics-of-the-grinding-w-39508588.html]
[www.sali-group.com/images/27152/other3f8d.css]
[www.sali-group.com/images/27152/othere783-2.css]
[www.sali-group.com/images/27152/other0ca6.css]
[www.sali-group.com/images/27152/otherca7a.css]
[www.sali-group.com/images/27152/other29b7.css]
[www.sali-group.com/images/27152/other3462.css]
[www.sali-group.com/images/27152/other6ecf.css]
[www.sali-group.com/images/27152/other864b.css]
[www.sali-group.com/images/27152/other24c1.css]
[www.sali-group.com/images/27152/other1af8.css]
[www.sali-group.com/images/27152/other74bb.css]
[www.sali-group.com/images/27152/other326f.css]
[www.sali-group.com/images/27152/other02f9.css]
[www.sali-group.com/images/27152/other7fa9.css]
[www.sali-group.com/Content/uploads/2021625764/20211211140733d8d50ea44034499dbe96b0c200dcf595.jpg]
[www.sali-group.com/Content/uploads/2021625764/20211211140734f95ba9992e4445c4b6c24704ec96a0be.jpg]
[www.sali-group.com/Content/uploads/2021625764/20211211140734a7cd367125cf4de08cb03bfbdd66c3d5.jpg]
[www.sali-group.com/Content/uploads/2021625764/20211211140737422c1e38afa9439fac2a49be3bc43224.jpg]
[www.sali-group.com/Content/uploads/2021625764/202112111407374ce4285b956d4cab9243a1fcae7d6e92.jpg]
[www.sali-group.com/Content/uploads/2021625764/202112111407373e50b41f07184c229eb8624b0878eaad.jpg]
[www.sali-group.com/news/sali-tools-in-egypt-exhibition-52390803.html]
[www.sali-group.com/images/27152/other532a.css]
[admin.seo.com.cn/Content/uploads/2021625764/20211015142649fbc669773e9149f2ae7b2e30ce23183d.jpg]
[www.sali-group.com/news/china-import-and-export-fair-50450725.html]
[www.sali-group.com/images/27152/other0b05.css]
[www.sali-group.com/Content/uploads/2021625764/20210929134928d507ad0970c64b009d9f95e6e19345f5.jpg]
[www.sali-group.com/Content/uploads/2021625764/20210929134928cdd3a6a323ee436296f2e24fd050f1e5.jpg]
[www.sali-group.com/news/dubai-exhibition-50051733.html]
[www.sali-group.com/images/27152/other1e1e.css]
[www.sali-group.com/Content/uploads/2021625764/2021062514413976d919da8cfe429089bd0097a2202743.jpg]
[www.sali-group.com/Content/uploads/2021625764/202106251441391918e9a14686491fb69f157f76ba4ca6.jpg]
[www.sali-group.com/news/the-last-day-of-shanghai-fair-sali-is-always-47046881.html]
[www.sali-group.com/images/27152/othera80c.css]
[www.sali-group.com/images/27152/othere581.css]
[www.sali-group.com/images/27152/otherf8b0.css]
[www.sali-group.com/images/27152/otherbe51.css]
[www.sali-group.com/images/27152/other2d9f.css]
[www.sali-group.com/images/27152/otherc6b4.css]
[www.sali-group.com/images/27152/othereb99.css]
[www.sali-group.com/images/27152/other612c.css]
[www.sali-group.com/images/27152/otherd1ae.css]
[www.sali-group.com/images/27152/othere561.css]
[www.sali-group.com/images/27152/other46f8.css]
[www.sali-group.com/images/27152/other4d2c.css]
[www.sali-group.com/images/27152/other3bef.css]
[www.sali-group.com/images/27152/other3463.css]
[www.sali-group.com/images/27152/otherf144.css]
[www.sali-group.com/images/27152/other5d79.css]
[www.sali-group.com/images/27152/otherc2c2.css]
[www.sali-group.com/images/27152/other068e.css]
[www.sali-group.com/images/27152/otherc5c1.css]
[www.sali-group.com/images/27152/otherc648.css]
[www.sali-group.com/images/27152/other0502.css]
[www.sali-group.com/images/27152/otherd8e2.css]
[www.sali-group.com/images/27152/othere275.css]
[www.sali-group.com/images/27152/otherd685.css]
[www.sali-group.com/images/27152/other0767.css]
[www.sali-group.com/Content/uploads/2022625764/20220225102657c8b5472a5daa425a82af34c235c91c03.jpg]
[www.sali-group.com/info/utility-knife-67009446.html]
[www.sali-group.com/info/the-force-on-the-tape-measure-66697223.html]
[www.sali-group.com/images/27152/other2b3f.css]
[www.sali-group.com/info/loppers-66113285.html]
[www.sali-group.com/images/27152/othere3b2.css]
[www.sali-group.com/info/how-to-use-air-pressure-65992002.html]
[www.sali-group.com/images/27152/other7d5d.css]
[www.sali-group.com/images/27152/other6779.css]
[www.sali-group.com/info/sali-plastic-cutting-pliers-65132996.html]
[www.sali-group.com/images/27152/otheraf2d.css]
[www.sali-group.com/images/27152/other4e38.css]
[www.sali-group.com/Content/uploads/2021625764/202112151354507743df4b6fe3420a965cb11729cbd93d.jpg]
[www.sali-group.com/Content/uploads/2021625764/202112151355291e5cee1573ae457698051acd8216439a.jpg]
[www.sali-group.com/Content/uploads/2021625764/20211215135529146ba95b763f45049041967858ead333.jpg]
[www.sali-group.com/Content/uploads/2021625764/202112151355309b2f8cd4d5bf4a4aaf2d3a2064eaaeb9.jpg]
[www.sali-group.com/info/the-drill-chuck-64948991.html]
[www.sali-group.com/images/27152/other57fa.css]
[www.sali-group.com/Content/uploads/2021625764/202112131601423e98bcdd8da94197848c921a105a9d19.jpg]
[www.sali-group.com/info/where-can-i-use-to-cutting-disc-64876460.html]
[www.sali-group.com/info/hand-tools-3-way-staple-nail-gun-64859519.html]
[www.sali-group.com/images/27152/other7246.css]
[www.sali-group.com/info/what-is-abrasive-disc-64846479.html]
[www.sali-group.com/images/27152/other7b9f.css]
[www.sali-group.com/info/household-hand-tools-set-feature-64756501.html]
[www.sali-group.com/images/27152/othere3bb.css]
[www.sali-group.com/info/advantages-and-applications-of-pruning-saws-64664675.html]
[www.sali-group.com/images/27152/other6930.css]
[www.sali-group.com/images/27152/otherd0b5.css]
[www.sali-group.com/info/sali-diamond-hole-saw-drill-bit-64478153.html]
[www.sali-group.com/images/27152/other58ad.css]
[www.sali-group.com/info/the-future-of-sds-drill-bits-64328802.html]
[www.sali-group.com/images/27152/otherf959.css]
[www.sali-group.com/info/wrench-have-how-many-type-64257121.html]
[www.sali-group.com/images/27152/otherf3f2.css]
[www.sali-group.com/images/27152/other278d.css]
[www.sali-group.com/Content/uploads/2021625764/2021112414374753817401357e4ad48d874a2bfa11c1f5.jpg]
[www.sali-group.com/info/cp34-sandpaper-advantage-64165588.html]
[www.sali-group.com/images/27152/other9802.css]
[www.sali-group.com/Content/uploads/2021625764/2021112214290923b6787b02a8469386cf10e9dd0acebd.jpg]
[www.sali-group.com/info/cp35-sandpaper-64061465.html]
[www.sali-group.com/images/27152/otheref78.css]
[www.sali-group.com/Content/uploads/2021625764/20211117094137ce8f107ca87c435b8b67b00a28beb815.jpg]
[www.sali-group.com/info/wire-pliers-63815864.html]
[www.sali-group.com/info/what-are-garden-tools-63724486.html]
[www.sali-group.com/images/27152/other69d6.css]
[www.sali-group.com/images/27152/other692a.css]
[www.sali-group.com/Content/uploads/2021625764/20211112145849fb7ffcf04bd34800b52cda1e5a75e25b.jpg]
[www.sali-group.com/info/hacksaw-63678526.html]
[www.sali-group.com/images/27152/other0b3a.css]
[www.sali-group.com/info/air-compressor-61382993.html]
[www.sali-group.com/info/page/8/index.html]
[www.sali-group.com/images/27152/othera50b.css]
[www.sali-group.com/info/air-pump-for-car-60901086.html]
[www.sali-group.com/images/27152/other0d7a.css]
[www.sali-group.com/Content/uploads/2021625764/20211106134455115ff2967b544beabfe8696ee17120e7.jpg]
[www.sali-group.com/Content/uploads/2021625764/202111061344563be2b8dfcf3e4f879df64a51e434e97d.jpg]
[www.sali-group.com/info/grease-gun-63419335.html]
[www.sali-group.com/images/27152/other0b8a.css]
[www.sali-group.com/Content/uploads/2021625764/20211105133534656c65d0950d414ba63e5eb98198dd18.jpg]
[www.sali-group.com/info/what-is-fiber-wheel-63341362.html]
[www.sali-group.com/info/hole-cutter-63201874.html]
[www.sali-group.com/images/27152/otherf0ad.css]
[www.sali-group.com/info/pipe-wrench-63111048.html]
[www.sali-group.com/images/27152/other2e78.css]
[www.sali-group.com/info/daily-protection-work-after-air-compressor-62940414.html]
[www.sali-group.com/info/air-compressor-selection-62813042.html]
[www.sali-group.com/images/27152/other57ea.css]
[www.sali-group.com/info/vulcanized-fiber-sheet-62683489.html]
[www.sali-group.com/images/27152/other8596.css]
[www.sali-group.com/images/27152/other265b.css]
[www.sali-group.com/info/air-pump-60568558.html]
[www.sali-group.com/info/knowledge-of-air-pump-60553146.html]
[www.sali-group.com/info/page/9/index.html]
[www.sali-group.com/images/27152/other6a36.css]
[www.sali-group.com/info/air-compressor-59602451.html]
[www.sali-group.com/images/27152/other2d2e.css]
[www.sali-group.com/Content/uploads/2021625764/202110161152056dcdc4a7e5c94b50a93ff77fa6d3c176.jpg]
[www.sali-group.com/info/ratchet-spanner-62646222.html]
[www.sali-group.com/info/bakelite-milling-machine-engraving-machine-t-62618723.html]
[www.sali-group.com/images/27152/other2b64.css]
[www.sali-group.com/info/industry-knowledge-of-locking-pliers-62538463.html]
[www.sali-group.com/images/27152/other91f1.css]
[www.sali-group.com/info/portable-earth-auger-62440151.html]
[www.sali-group.com/info/manual-ceramic-cutting-machine-62350666.html]
[www.sali-group.com/images/27152/otherbf95.css]
[www.sali-group.com/images/27152/otherb66d.css]
[www.sali-group.com/Content/uploads/2021625764/20210930091755eb5cd1b3b2814c978308ffdf6195041d.jpg]
[www.sali-group.com/Content/uploads/2021625764/202109300917563067c7a2058e4048b3100e4c025bbfcc.jpg]
[www.sali-group.com/Content/uploads/2021625764/202109300917589f11d258f8e54580a53edd69fccde758.jpg]
[www.sali-group.com/Content/uploads/2021625764/202109300917582ac7f41437f24a37b5636cd1c9dfa783.jpg]
[www.sali-group.com/info/working-principle-of-generator-62242866.html]
[www.sali-group.com/info/the-lawn-cutter-62242713.html]
[www.sali-group.com/images/27152/other5eae.css]
[www.sali-group.com/info/angle-grinder-use-attention-62197593.html]
[www.sali-group.com/images/27152/other75b1.css]
[www.sali-group.com/info/ground-drilling-62121452.html]
[www.sali-group.com/images/27152/otheraff9.css]
[www.sali-group.com/info/page/10/index.html]
[www.sali-group.com/images/27152/other4ef9.css]
[www.sali-group.com/images/27152/otherb018.css]
[www.sali-group.com/info/advantages-of-electroplated-diamond-grinding-w-51082694.html]
[www.sali-group.com/images/27152/otherfd80.css]
[www.sali-group.com/info/uses-of-diamond-grinding-wheels-51082634.html]
[www.sali-group.com/images/27152/other2d53.css]
[www.sali-group.com/info/classification-of-diamond-grinding-wheels-51082500.html]
[www.sali-group.com/images/27152/otherdbc7.css]
[www.sali-group.com/info/application-range-of-diamond-saw-blade-51082398.html]
[www.sali-group.com/images/27152/other08cc.css]
[www.sali-group.com/info/influencing-factors-of-diamond-saw-blades-51082372.html]
[www.sali-group.com/images/27152/othera43f.css]
[www.sali-group.com/info/the-life-and-sharpness-of-diamond-saw-blades-51082211.html]
[www.sali-group.com/images/27152/other24d9.css]
[www.sali-group.com/images/27152/otheraeaf.css]
[www.sali-group.com/info/air-nail-gun-58390015.html]
[www.sali-group.com/info/page/11/index.html]
[www.sali-group.com/info/little-knowledge-of-spray-gun-58354108.html]
[www.sali-group.com/info/page/12/index.html]
[www.sali-group.com/images/27152/otherb311.css]
[www.sali-group.com/info/page/13/index.html]
[www.sali-group.com/images/27152/otherd40f.css]
[www.sali-group.com/info/page/14/index.html]
[www.sali-group.com/images/27152/other0fe2.css]
[www.sali-group.com/info/page/15/index.html]
[www.sali-group.com/images/27152/otherc21b.css]
[www.sali-group.com/images/27152/othera17b.css]
[www.sali-group.com/images/27152/otherd59b.css]
[www.sali-group.com/images/27152/other0d58.css]
[www.sali-group.com/images/27152/otherd272.css]
[www.sali-group.com/images/27152/othercc04.css]
[www.sali-group.com/images/27152/othere89e.css]
[www.sali-group.com/images/27152/other49ac.css]
[www.sali-group.com/images/27152/other34ee.css]
[www.sali-group.com/info/diamond-soft-grinding-sheet-61280427.html]
[www.sali-group.com/images/27152/other8ba8.css]
[www.sali-group.com/images/27152/otherb858.css]
[www.sali-group.com/Content/uploads/2021625764/2021081611203400f9222fd1d6436492950a35b3c41163.jpg]
[www.sali-group.com/info/wire-brush-knowledge-60317420.html]
[www.sali-group.com/images/27152/otherdb56.css]
[www.sali-group.com/images/27152/otherc570.css]
[www.sali-group.com/Content/uploads/2021625764/20210802152548c0dd2d4327164d8fbb71fb465399ed7d.jpg]
[www.sali-group.com/Content/uploads/2021625764/202108021525515f73159519e548e6a57fc4270e66875f.jpg]
[www.sali-group.com/Content/uploads/2021625764/202108021525512503e3720de54816b8ef7202468961d5.jpg]
[www.sali-group.com/Content/uploads/2021625764/202108021525511f757e8741f64741891b082402263e8d.jpg]
[www.sali-group.com/info/sandpaper-59877643.html]
[www.sali-group.com/info/resin-powder-59829832.html]
[www.sali-group.com/images/27152/other4cd4.css]
[www.sali-group.com/images/27152/other1f75.css]
[www.sali-group.com/Content/uploads/2021625764/20210728091712e79fbffad9134447a7e30ffd42b279e2.jpg]
[www.sali-group.com/info/flap-dias-59671983.html]
[www.sali-group.com/images/27152/other5640.css]
[www.sali-group.com/Content/uploads/2021625764/20210705145821ac2911eb496546bf83e1d320721e1926.jpg]
[www.sali-group.com/info/knowledge-of-grinding-wheels-58945262.html]
[www.sali-group.com/info/certificate-of-origin-58886187.html]
[www.sali-group.com/images/27152/othere7fa.css]
[www.sali-group.com/images/27152/otherbc1a.css]
[www.sali-group.com/Content/uploads/2021625764/202107011632359eb7c62a5eb64c4f826b65a141036e8c.jpg]
[www.sali-group.com/info/disc-shape-58847997.html]
[www.sali-group.com/info/sandpaper-sheets-58689113.html]
[www.sali-group.com/images/27152/other25da.css]
[www.sali-group.com/images/27152/othered19.css]
[www.sali-group.com/Content/uploads/2021625764/2021061811232596b759187d0f440691a603fd741c8945.jpg]
[www.sali-group.com/Content/uploads/2021625764/20210618112325ef269849284e4e7b9ffa559e46313529.jpg]
[www.sali-group.com/info/tct-saw-blades-58457445.html]
[www.sali-group.com/images/27152/other4c7f.css]
[www.sali-group.com/Content/uploads/2021625764/20210604101507e91c87b3ff3b4c5caa95637c29d77df2.jpg]
[www.sali-group.com/Content/uploads/2021625764/202106041014391e24a518d5a84b68ba448d1da4ca57d8.jpg]
[www.sali-group.com/info/why-the-color-of-the-cutting-disc-semi-finishe-58075853.html]
[www.sali-group.com/images/27152/othera379.css]
[www.sali-group.com/Content/uploads/2021625764/2021060314293390a49814f321470bbe678de88daa9490.jpg]
[www.sali-group.com/info/5-inch-aluminum-fiber-disc-sell-more-to-india-58035840.html]
[www.sali-group.com/info/storage-and-transportation-of-grinding-wheels-57761831.html]
[www.sali-group.com/images/27152/otherc6b7.css]
[www.sali-group.com/info/twist-drill-56019533.html]
[www.sali-group.com/images/27152/other02ba.css]
[www.sali-group.com/images/27152/othere60a.css]
[www.sali-group.com/info/problems-of-resin-grinding-wheel-products-and-55386764.html]
[www.sali-group.com/images/27152/other9a01.css]
[www.sali-group.com/info/introduction-to-the-safe-use-of-sali-resin-gri-55386565.html]
[www.sali-group.com/images/27152/other7953.css]
[www.sali-group.com/images/27152/other0881.css]
[www.sali-group.com/Content/uploads/2021625764/202103241128110055783a39fa4b4f82e06f5ca082b0e0.jpg]
[www.sali-group.com/info/sali-grinding-wheel-production-process-55386486.html]
[www.sali-group.com/info/sali-grinding-wheel-product-classification-55386244.html]
[www.sali-group.com/images/27152/other3fd2.css]
[www.sali-group.com/info/sali-resin-grinding-wheel-product-knowledge-in-55349800.html]
[www.sali-group.com/images/27152/other43cc.css]
[www.sali-group.com/images/27152/other6010.css]
[www.sali-group.com/Content/uploads/2020625764/20201222172052391cc1952a7841b08180efdeec20b5f7.jpg]
[www.sali-group.com/Content/uploads/2020625764/2020122217214153f282c7af494ae98f64adc0d2b4841a.jpg]
[www.sali-group.com/info/sali-cutting-disc-52399279.html]
[www.sali-group.com/images/27152/other82ef.css]
[www.sali-group.com/Content/uploads/2020625764/202012181711583a3f4eeedb6b4f2681d0319b7ccd159d.jpg]
[www.sali-group.com/info/cutoff-wheel-manufacturer-in-china-52310666.html]
[www.sali-group.com/info/sali-attitude-about-business-52164742.html]
[www.sali-group.com/images/27152/other48e2.css]
[www.sali-group.com/info/grinding-tools-are-referred-to-as-abrasives-51781010.html]
[www.sali-group.com/images/27152/other443c.css]
[www.sali-group.com/info/instructions-for-using-alloy-saw-blades-51084307.html]
[www.sali-group.com/images/27152/other9efd.css]
[www.sali-group.com/info/the-tooth-angle-of-alloy-saw-blade-51084247.html]
[www.sali-group.com/images/27152/othere2c7.css]
[www.sali-group.com/info/precautions-for-the-use-of-diamond-grinding-wh-51084061.html]
[www.sali-group.com/images/27152/other43a9.css]
[www.sali-group.com/images/27152/other6155.css]
[www.sali-group.com/info/thickness-of-alloy-saw-blade-51083715.html]
[www.sali-group.com/images/27152/otherdb3f.css]
[www.sali-group.com/info/selection-of-alloy-saw-blade-diameter-51083622.html]
[www.sali-group.com/images/27152/other26ed.css]
[www.sali-group.com/info/saw-blade-installation-requirements-51083543.html]
[www.sali-group.com/images/27152/other66e4.css]
[www.sali-group.com/info/saw-blade-maintenance-method-51083325.html]
[www.sali-group.com/images/27152/other40e3.css]
[www.sali-group.com/info/precautions-for-the-use-of-saw-blades-51083255.html]
[www.sali-group.com/images/27152/other90b7.css]
[www.sali-group.com/info/basic-requirements-for-using-saw-blades-51083068.html]
[www.sali-group.com/images/27152/other806c.css]
[www.sali-group.com/info/linear-speed-of-diamond-cutting-disc-51082865.html]
[www.sali-group.com/images/27152/otherb85b.css]
[www.sali-group.com/info/processing-range-of-diamond-cutting-disc-51082798.html]
[www.sali-group.com/images/27152/other2dd1.css]
[www.sali-group.com/info/single-layer-brazed-diamond-grinding-wheel-51082773.html]
[www.sali-group.com/images/27152/other78a9.css]
[www.sali-group.com/images/27152/other870f.css]
[www.sali-group.com/info/_http_/mmbiz.qpic.cn/mmbiz_jpg/g5vNz2Y7M6WcLz31gl5wM7xTnEtpc1x21T72OWlkyKlMxRAI56q5Y2vm5icUicm2wPhRZ0uvnReIG7hbMnAhPDVg/081be.html]
[www.sali-group.com/info/_data_image/svg+xml;charset=utf8,_svg xmlns='http_/www.w3.org/2000/svg' width='32' height='32' viewBox='0 0 32 32'/_    _path fill='#FFF' fill-rule='nonzero' d='M/_  _/g__/svg__.html]
[www.sali-group.com/images/27152/other6d65.css]
[www.sali-group.com/images/27152/other38a5.css]
[www.sali-group.com/images/27152/other18a7.css]
[www.sali-group.com/images/27152/other068f.css]
[www.sali-group.com/images/27152/other11cd.css]
[www.sali-group.com/images/27152/other75d8.css]
[www.sali-group.com/images/27152/other9b49.css]
[www.sali-group.com/images/27152/other666a.css]
[www.sali-group.com/info/precautions-for-the-use-of-roller-brush-61929270.html]
[www.sali-group.com/images/27152/otherc264.css]
[www.sali-group.com/info/the-tape-measure-61836469.html]
[www.sali-group.com/images/27152/other5ac0.css]
[www.sali-group.com/images/27152/otheree7e.css]
[www.sali-group.com/Content/uploads/2021625764/202109151723506c9a789b67ab4efa87fd7d01ce720ac3.jpg]
[www.sali-group.com/info/precautions-for-tape-61755388.html]
[www.sali-group.com/info/paint-roll-brush-61682218.html]
[www.sali-group.com/images/27152/other6dce.css]
[www.sali-group.com/info/socket-61631023.html]
[www.sali-group.com/images/27152/other3f25.css]
[www.sali-group.com/info/sali-painting-roll-brush-61528061.html]
[www.sali-group.com/images/27152/other2f14.css]
[www.sali-group.com/images/27152/other95c4.css]
[www.sali-group.com/Content/uploads/2021625764/202108301422355677c13dcebc43ca8a6737603689ca97.jpg]
[www.sali-group.com/info/wrench-sets-61178931.html]
[www.sali-group.com/images/27152/other3cc7.css]
[www.sali-group.com/Content/uploads/2021625764/20210818164646eaf4d112621f4711856e95fea851c97c.jpg]
[www.sali-group.com/Content/uploads/2021625764/2021081816471437f2749f61754014a61ce4e55ea3f93b.jpg]
[www.sali-group.com/info/screwdriver-recommed-60417511.html]
[www.sali-group.com/images/27152/other4f59.css]
[www.sali-group.com/info/socket-set-60055059.html]
[www.sali-group.com/images/27152/othera06f.css]
[www.sali-group.com/images/27152/other8cd2.css]
[www.sali-group.com/Content/uploads/2021625764/20210806113116be73e55218d442cb921d08759fb6554a.jpg]
[www.sali-group.com/info/sockets-set-60009885.html]
[www.sali-group.com/images/27152/othercc8f.css]
[www.sali-group.com/Content/uploads/2021625764/20210804093604660a9cbcc0594959a2e26a7cfa245d3b.jpg]
[www.sali-group.com/info/aviation-snip-59928094.html]
[www.sali-group.com/images/27152/other6e24.css]
[www.sali-group.com/Content/uploads/2021625764/20210721142749bfdb4f89b6de4c048ea4e817c61e58b7.jpg]
[www.sali-group.com/Content/uploads/2021625764/20210721142750cba4bafe55b346a8b9f87564df03528b.jpg]
[www.sali-group.com/Content/uploads/2021625764/202107211427523a918bd09da04e0a8a7d18d407c59073.jpg]
[www.sali-group.com/Content/uploads/2021625764/202107211427535d582f0db1264d95a5ed86646f2640d0.jpg]
[www.sali-group.com/Content/uploads/2021625764/202107211427531ec6b37b8926469f9861c27042596e1a.jpg]
[www.sali-group.com/info/utility-knife-59469723.html]
[www.sali-group.com/images/27152/other6999.css]
[www.sali-group.com/Content/uploads/2021625764/2021071910372655d67e6c0e1b4e99b3045d7f2889f620.jpg]
[www.sali-group.com/Content/uploads/2021625764/202107191037275ac7f9d50ea842298086e1e31771be5d.jpg]
[www.sali-group.com/Content/uploads/2021625764/20210719103727ffde3d15b71e4c8fb2ddab6b5c27cd73.jpg]
[www.sali-group.com/info/hexagon-wrench-59385287.html]
[www.sali-group.com/images/27152/otherec90.css]
[www.sali-group.com/Content/uploads/2021625764/20210717114435ae52daaff5db49f5afc1f877b0f4d660.jpg]
[www.sali-group.com/Content/uploads/2021625764/202107171144354a77b998049148e9a010d1bea320688e.jpg]
[www.sali-group.com/info/woodworking-chisels-knowledge-59365819.html]
[www.sali-group.com/info/sali-hand-tools-set-with-box-59335202.html]
[www.sali-group.com/images/27152/other9968.css]
[www.sali-group.com/info/the-electric-drill-16mm-tree-handle-59257754.html]
[www.sali-group.com/images/27152/other55d5.css]
[www.sali-group.com/images/27152/other7950.css]
[www.sali-group.com/Content/uploads/2021625764/202107091742332763803926244d839ad049eb224f1afb.jpg]
[www.sali-group.com/Content/uploads/2021625764/20210709174233319b9d8f8f354ee8bf49b454c0431c5d.jpg]
[www.sali-group.com/Content/uploads/2021625764/20210709174234bf6b2b7c29b94b918daea83bb546149a.jpg]
[www.sali-group.com/Content/uploads/2021625764/202107091742345a881bb1de2945ea906c276091718ea2.jpg]
[www.sali-group.com/info/manual-riveting-machine-59092396.html]
[www.sali-group.com/images/27152/otherbff4.css]
[www.sali-group.com/Content/uploads/2021625764/20210608143519e48924be094e43358576388c33f6ea5c.jpg]
[www.sali-group.com/Content/uploads/2021625764/202106081435416ef89fcf191941ad90395c8ceee7675b.jpg]
[www.sali-group.com/Content/uploads/2021625764/20210608143641303fe9197e394819bb06c54b31201c45.jpg]
[www.sali-group.com/info/allen-wrench-set-hex-key-set-58175910.html]
[www.sali-group.com/info/the-main-points-of-knowledge-of-tooth-grinding-56962617.html]
[www.sali-group.com/info/pull-rivet-gun-56827134.html]
[www.sali-group.com/images/27152/otherdbd2.css]
[www.sali-group.com/images/27152/other112f.css]
[www.sali-group.com/info/utility-knife-56714352.html]
[www.sali-group.com/images/27152/othercb68.css]
[www.sali-group.com/info/pliers-56602743.html]
[www.sali-group.com/images/27152/other48fb.css]
[www.sali-group.com/info/adjustable-wrench-55905742.html]
[www.sali-group.com/images/27152/other6215.css]
[www.sali-group.com/info/tape-measure-55795713.html]
[www.sali-group.com/images/27152/other36bc.css]
[www.sali-group.com/info/spirit-level-55795172.html]
[www.sali-group.com/images/27152/other9b3f.css]
[www.sali-group.com/images/27152/other6e07.css]
[www.sali-group.com/images/27152/otherf821.css]
[www.sali-group.com/images/27152/other7325.css]
[www.sali-group.com/images/27152/othera267.css]
[www.sali-group.com/images/27152/othere829.css]
[www.sali-group.com/images/27152/other0a0c.css]
[www.sali-group.com/images/27152/otherd007.css]
[www.sali-group.com/images/27152/otherc669.css]
[www.sali-group.com/images/27152/other3eec.css]
[www.sali-group.com/images/27152/other6f8a.css]
[www.sali-group.com/images/27152/other3bcb.css]
[www.sali-group.com/images/27152/othercbfb.css]
[www.sali-group.com/images/27152/otherce14.css]
[www.sali-group.com/images/27152/other76a8.css]
[www.sali-group.com/Content/uploads/2021625764/20210906165442f730174e38454a9facfc13efd63db3e7.jpg]
[www.sali-group.com/info/demolition-hammer-61446266.html]
[www.sali-group.com/images/27152/otherf500.css]
[www.sali-group.com/Content/uploads/2021625764/20210723150557121ac6946e3f4bb3bf1e94ba597ac7e5.jpg]
[www.sali-group.com/Content/uploads/2021625764/20210723150557581699d6638f4126a7e085f1f26c8679.jpg]
[www.sali-group.com/Content/uploads/2021625764/20210723150647c6c885f992b84a15adeff80de7d54343.jpg]
[www.sali-group.com/info/gasoline-generator-59560537.html]
[www.sali-group.com/images/27152/otherdaa7.css]
[www.sali-group.com/Content/uploads/2021625764/20210629182955b819489dae324f6ebd826209732127a4.jpg]
[www.sali-group.com/info/gasoline-chian-saw-58786891.html]
[www.sali-group.com/images/27152/otherb297.css]
[www.sali-group.com/Content/uploads/2021625764/20210621140506a78222a95fad477398910d5554b065f8.jpg]
[www.sali-group.com/Content/uploads/2021625764/20210621140506d7b0f7409e484415b8c6fb28f137b34e.jpg]
[www.sali-group.com/Content/uploads/2021625764/202106211405068e052e67925a494ab3831501a9ae4f02.jpg]
[www.sali-group.com/Content/uploads/2021625764/202106211405104d72086f3eab4ec0811d67298f1e3924.jpg]
[www.sali-group.com/info/gasoline-generator-58546876.html]
[www.sali-group.com/images/27152/other3e2a-2.css]
[www.sali-group.com/Content/uploads/2021625764/202106101428059c5d9e28ef2c4da4833b42abc545b289.jpg]
[www.sali-group.com/Content/uploads/2021625764/202106101427079c1a17b2491b4c128dee846bc3478927.jpg]
[www.sali-group.com/info/points-needed-when-purchasing-drill-products-58266930.html]
[www.sali-group.com/images/27152/other04fa.css]
[www.sali-group.com/Content/uploads/2021625764/2021060915085451cda8d0f22245e482cc0fca05dae6dd.jpg]
[www.sali-group.com/Content/uploads/2021625764/202106091508547fd85e5360d44756a15e7592d3080082.jpg]
[www.sali-group.com/Content/uploads/2021625764/20210609150815dc05e1473cab4822adf311d768ba9254.jpg]
[www.sali-group.com/Content/uploads/2021625764/2021060915081520029f7d388045878e1a55dded9695f7.jpg]
[www.sali-group.com/info/the-main-difference-between-hand-drills-impac-58222662.html]
[www.sali-group.com/images/27152/othera57c.css]
[www.sali-group.com/images/27152/other3aca.css]
[www.sali-group.com/Content/uploads/2021625764/20210607140515f2fac6180035497caae02ff0cef6c745.jpg]
[www.sali-group.com/info/aircraft-electric-drill-58142412.html]
[www.sali-group.com/info/355b-cutting-machine-57261490.html]
[www.sali-group.com/images/27152/other8303.css]
[www.sali-group.com/info/marble-machine-57205950.html]
[www.sali-group.com/images/27152/otherfeb2.css]
[www.sali-group.com/info/hot-melt-glue-gun-56963235.html]
[www.sali-group.com/images/27152/other21de.css]
[www.sali-group.com/info/how-to-protect-the-lithium-battery-55270842.html]
[www.sali-group.com/images/27152/other0c32.css]
[www.sali-group.com/info/maintenance-method-of-angle-grinder-51084593.html]
[www.sali-group.com/images/27152/other13f4.css]
[www.sali-group.com/info/operating-rules-of-angle-grinder-51084458.html]
[www.sali-group.com/images/27152/other5f31.css]
[www.sali-group.com/images/27152/other124c.css]
[www.sali-group.com/images/27152/otherb1d3.css]
[www.sali-group.com/images/27152/otherb5f5.css]
[www.sali-group.com/images/27152/other49c4.css]
[www.sali-group.com/images/27152/otherb9b4.css]
[www.sali-group.com/images/27152/other7d8d.css]
[www.sali-group.com/images/27152/otherf494.css]
[www.sali-group.com/images/27152/other8b53.css]
[www.sali-group.com/images/27152/otheree04.css]
[www.sali-group.com/images/27152/otherc68c.css]
[www.sali-group.com/images/27152/otherbab2.css]
[www.sali-group.com/images/27152/otherd8de.css]
[www.sali-group.com/images/27152/other417a.css]
[www.sali-group.com/images/27152/otherd2f3.css]
[www.sali-group.com/images/27152/other94eb.css]
[www.sali-group.com/images/27152/othercffd.css]
[www.sali-group.com/images/27152/otherf31d.css]
[www.sali-group.com/images/27152/otheref6a.css]
[www.sali-group.com/info/http___manage.wonmall.com_Website_2_130_qdhaomeng_Images_20080718090732620&refer=http___manage.wonmall.html]
[www.sali-group.com/images/27152/other1647.css]
[www.sali-group.com/images/27152/other1aca.css]
[www.sali-group.com/images/27152/other8628.css]
[www.sali-group.com/images/27152/other899e.css]
[www.sali-group.com/images/27152/otherda66.css]
[www.sali-group.com/images/27152/other0f6e.css]
[www.sali-group.com/images/27152/otherbdbe.css]
[www.sali-group.com/images/27152/otherd0d9.css]
[www.sali-group.com/images/27152/other5bfa.css]
[www.sali-group.com/images/27152/othereb3c.css]
[www.sali-group.com/images/27152/othere655.css]
[www.sali-group.com/images/27152/othera001.css]
[www.sali-group.com/images/27152/other341e.css]
[www.sali-group.com/images/27152/otherffcf.css]
[www.sali-group.com/images/27152/other4878.css]
[www.sali-group.com/images/27152/other33cf.css]
[www.sali-group.com/images/27152/other0418.css]
[www.sali-group.com/images/27152/other62f1.css]
[www.sali-group.com/images/27152/otherfeb3.css]
[www.sali-group.com/images/27152/othere4cf.css]
[www.sali-group.com/images/27152/other6003.css]
[www.sali-group.com/images/27152/other8ab8.css]
[www.sali-group.com/images/27152/other9e80.css]
[www.sali-group.com/images/27152/otherdf54.css]
[www.sali-group.com/images/27152/other9ccd.css]
[www.sali-group.com/images/27152/other0c5c.css]
[www.sali-group.com/images/27152/other96cc.css]
[www.sali-group.com/images/27152/othera5f2.css]
[www.sali-group.com/images/27152/otherea91.css]
[www.sali-group.com/images/27152/other0383.css]
[www.sali-group.com/images/27152/other88f5.css]
[www.sali-group.com/images/27152/otherf801.css]
[www.sali-group.com/images/27152/otherf519.css]
[www.sali-group.com/images/27152/otherdd69.css]
[www.sali-group.com/images/27152/otherf00a.css]
[www.sali-group.com/images/27152/otherbaf0.css]
[www.sali-group.com/images/27152/otherbbf3.css]
[www.sali-group.com/images/27152/otherbf6b.css]
[www.sali-group.com/images/27152/other4899.css]
[www.sali-group.com/images/27152/otherc331.css]
[www.sali-group.com/images/27152/other8cc8.css]
[www.sali-group.com/images/27152/other4984.css]
[www.sali-group.com/images/27152/other0dc7.css]
[www.sali-group.com/images/27152/otherb320.css]
[www.sali-group.com/showroomlist-2/index.html]
[www.sali-group.com/images/27152/other7834.css]
[www.sali-group.com/showroomlist-3/index.html]
[www.sali-group.com/showroomlist-4/index.html]
[www.sali-group.com/showroomlist-5/index.html]
[www.sali-group.com/images/27152/othercc2b.css]
[www.sali-group.com/showroomlist-6/index.html]
[www.sali-group.com/images/27152/otherfdf0.css]
[www.sali-group.com/images/27152/other1edf.css]
[www.sali-group.com/images/27152/otherf1ee.css]
[www.sali-group.com/images/27152/other3352.css]
[www.sali-group.com/images/27152/other8c98.css]
[www.sali-group.com/images/27152/otherfbc2.css]
[www.sali-group.com/images/27152/otherb2a3.css]
[www.sali-group.com/images/27152/other5170.css]
[www.sali-group.com/images/27152/other135c.css]
[www.sali-group.com/images/27152/other051f.css]
[www.sali-group.com/images/27152/other96e7.css]
[www.sali-group.com/images/27152/otheredb1.css]
[www.sali-group.com/images/27152/other93c7-2.css]
[www.sali-group.com/images/27152/other572f.css]
[www.sali-group.com/images/27152/other4a46.css]
[www.sali-group.com/images/27152/othere23c.css]
[www.sali-group.com/images/27152/other24eb.css]
[www.sali-group.com/images/27152/otherb848.css]
[www.sali-group.com/images/27152/other996f.css]
[www.sali-group.com/images/27152/otherf8e7.css]
[www.sali-group.com/images/27152/other82a7.css]
[www.sali-group.com/images/27152/other8215.css]
[www.sali-group.com/images/27152/otherc956.css]
[www.sali-group.com/images/27152/other582f.css]
[www.sali-group.com/images/27152/other1554.css]
[www.sali-group.com/images/27152/other3f29.css]
[www.sali-group.com/images/27152/other46db.css]
[www.sali-group.com/images/27152/other8817.css]
[www.sali-group.com/images/27152/other2ff0.css]
[www.sali-group.com/images/27152/othera4a1.css]
[www.sali-group.com/images/27152/other58cc.css]
[www.sali-group.com/images/27152/other7262.css]
[www.sali-group.com/images/27152/other44bd.css]
[www.sali-group.com/images/27152/other047a.css]
[www.sali-group.com/images/27152/other80c0.css]
[www.sali-group.com/images/27152/otherf248.css]
[www.sali-group.com/images/27152/other7d20.css]
[www.sali-group.com/images/27152/other23ef.css]
[www.sali-group.com/images/27152/other5a54-2.css]
[www.sali-group.com/images/27152/other1528.css]
[www.sali-group.com/images/27152/othera65b.css]
[www.sali-group.com/images/27152/otherc59a.css]
[www.sali-group.com/images/27152/other1b11.css]
[www.sali-group.com/images/27152/otherca39.css]
[www.sali-group.com/images/27152/other34c7.css]
[www.sali-group.com/images/27152/otherdb86.css]
[www.sali-group.com/images/27152/other8860.css]
[www.sali-group.com/images/27152/other6864.css]
[www.sali-group.com/images/27152/other70ec.css]
[www.sali-group.com/images/27152/other764e.css]
[www.sali-group.com/images/27152/otherc686.css]
[www.sali-group.com/images/27152/othere416.css]
[www.sali-group.com/images/27152/other8ac1.css]
[www.sali-group.com/images/27152/other7822.css]
[www.sali-group.com/images/27152/otherae0f.css]
[www.sali-group.com/images/27152/other9424.css]
[www.sali-group.com/images/27152/otherb906.css]
[www.sali-group.com/images/27152/otherbeb9.css]
[www.sali-group.com/images/27152/other59bf.css]
[www.sali-group.com/images/27152/other981f.css]
[www.sali-group.com/images/27152/other369a.css]
[www.sali-group.com/images/27152/otherf7c9.css]
[www.sali-group.com/images/27152/otherb1da.css]
[www.sali-group.com/images/27152/other15f1.css]
[www.sali-group.com/images/27152/other0cbc.css]
[www.sali-group.com/images/27152/other6833.css]
[www.sali-group.com/images/27152/otherbfba.css]
[www.sali-group.com/images/27152/other3d8b.css]
[www.sali-group.com/images/27152/otherefb1.css]
[www.sali-group.com/images/27152/other7814.css]
[www.sali-group.com/images/27152/otherbedd.css]
[www.sali-group.com/images/27152/otherb7ac.css]
[www.sali-group.com/images/27152/other9788.css]
[www.sali-group.com/images/27152/other7632.css]
[www.sali-group.com/images/27152/othercef5.css]
[www.sali-group.com/images/27152/other3083.css]
[www.sali-group.com/images/27152/other07f9.css]
[www.sali-group.com/images/27152/other07b5.css]
[www.sali-group.com/images/27152/other8cbd.css]
[www.sali-group.com/images/27152/otherf01d.css]
[www.sali-group.com/images/27152/other2905.css]
[www.sali-group.com/images/27152/othera1bc.css]
[www.sali-group.com/images/27152/other1c90.css]
[www.sali-group.com/images/27152/other4d3a.css]
[www.sali-group.com/images/27152/other63f4-2.css]
[www.sali-group.com/images/27152/other8f09.css]
[www.sali-group.com/images/27152/othera405.css]
[www.sali-group.com/images/27152/otherbedc.css]
[www.sali-group.com/images/27152/otherc1d2.css]
[www.sali-group.com/images/27152/otherc832.css]
[www.sali-group.com/images/27152/other76e7.css]
[www.sali-group.com/images/27152/other3b2c.css]
[www.sali-group.com/images/27152/other0de5.css]
[www.sali-group.com/images/27152/other339f.css]
[www.sali-group.com/images/27152/other44cc.css]
[www.sali-group.com/images/27152/other5f24.css]
[www.sali-group.com/images/27152/other6569.css]
[www.sali-group.com/images/27152/otherec12.css]
[www.sali-group.com/showroom/knife/-blade/index.html]
[www.sali-group.com/images/27152/othera82f.css]
[www.sali-group.com/images/27152/othere960.css]
[www.sali-group.com/images/27152/otherf7de.css]
[www.sali-group.com/images/27152/otherf6e6.css]
[www.sali-group.com/images/27152/other8c9b.css]
[www.sali-group.com/images/27152/other3065.css]
[www.sali-group.com/images/27152/other061f.css]
[www.sali-group.com/images/27152/other32a8.css]
[www.sali-group.com/images/27152/otheraf91.css]
[www.sali-group.com/images/27152/other8b70.css]
[www.sali-group.com/images/27152/other78b9.css]
[www.sali-group.com/images/27152/other73d2.css]
[www.sali-group.com/images/27152/other9a45.css]
[www.sali-group.com/images/27152/other46d3.css]
[www.sali-group.com/images/27152/othere9e2.css]
[www.sali-group.com/images/27152/other68c9.css]
[www.sali-group.com/images/27152/other4326.css]
[www.sali-group.com/images/27152/othera7d3.css]
[www.sali-group.com/images/27152/otherc30a.css]
[www.sali-group.com/images/27152/other6bf1.css]
[www.sali-group.com/images/27152/other4e3e.css]
[www.sali-group.com/images/27152/otherb3d9.css]
[www.sali-group.com/images/27152/otherb2e1.css]
[www.sali-group.com/images/27152/otherf68a.css]
[www.sali-group.com/images/27152/other4305.css]
[www.sali-group.com/images/27152/othera448.css]
[www.sali-group.com/images/27152/other807e.css]
[www.sali-group.com/images/27152/other07bb.css]
[www.sali-group.com/images/27152/other82f7.css]
[www.sali-group.com/images/27152/otherbcbd.css]
[www.sali-group.com/images/27152/other95d3.css]
[www.sali-group.com/images/27152/other01df.css]
[www.sali-group.com/images/27152/other4fdf.css]
[www.sali-group.com/images/27152/otherf676.css]
[www.sali-group.com/images/27152/other85b6.css]
[www.sali-group.com/images/27152/other149d.css]
[www.sali-group.com/images/27152/othere489.css]
[www.sali-group.com/images/27152/other50d3.css]
[www.sali-group.com/images/27152/other1f84.css]
[www.sali-group.com/images/27152/other95f1.css]
[www.sali-group.com/images/27152/other7c5e.css]
[www.sali-group.com/images/27152/other80c4.css]
[www.sali-group.com/images/27152/other4d73.css]
[www.sali-group.com/images/27152/other7c21.css]
[www.sali-group.com/images/27152/other1fb8.css]
[www.sali-group.com/images/27152/other8625.css]
[www.sali-group.com/images/27152/other742d.css]
[www.sali-group.com/images/27152/otherac43.css]
[www.sali-group.com/images/27152/other2866.css]
[www.sali-group.com/images/27152/other036f.css]
[www.sali-group.com/images/27152/other565e.css]
[www.sali-group.com/images/27152/other62af.css]
[www.sali-group.com/images/27152/other2913.css]
[www.sali-group.com/images/27152/othereded.css]
[www.sali-group.com/images/27152/other5c48.css]
[www.sali-group.com/images/27152/other90a0.css]
[www.sali-group.com/images/27152/other8300.css]
[www.sali-group.com/images/27152/other31f8.css]
[www.sali-group.com/images/27152/other9537.css]
[www.sali-group.com/images/27152/other249f.css]
[www.sali-group.com/images/27152/otheraccf.css]
[www.sali-group.com/images/27152/otherb9ce.css]
[www.sali-group.com/images/27152/other7182.css]
[www.sali-group.com/images/27152/otherc20c.css]
[www.sali-group.com/images/27152/other6a35.css]
[www.sali-group.com/images/27152/otherf9e9.css]
[www.sali-group.com/uploads/202227152/sali-9-pcs-combination-spanner-set-industrial29157349463.jpg]
[www.sali-group.com/images/27152/other38bd.css]
[www.sali-group.com/uploads/202227152/small/sali-9-pcs-combination-spanner-set-industrial29227505750.jpg]
[www.sali-group.com/uploads/202227152/small/sali-9-pcs-combination-spanner-set-industrial29232975170.jpg]
[www.sali-group.com/uploads/202227152/small/sali-9-pcs-combination-spanner-set-industrial29238443185.jpg]
[www.sali-group.com/uploads/202227152/small/sali-9-pcs-combination-spanner-set-industrial29244068259.jpg]
[www.sali-group.com/uploads/202227152/small/sali-9-pcs-combination-spanner-set-industrial29249849435.jpg]
[www.sali-group.com/uploads/202227152/small/sali-9-pcs-combination-spanner-set-industrial29255161959.jpg]
[www.sali-group.com/pliers/wrench/sali-9-pcs-combination-spanner-set-industrial.html]
[www.sali-group.com/images/27152/otherb181.css]
[www.sali-group.com/images/27152/other1506.css]
[www.sali-group.com/images/27152/other51cd.css]
[www.sali-group.com/images/27152/other25c8.css]
[www.sali-group.com/images/27152/other906f.css]
[www.sali-group.com/images/27152/otheraf3c.css]
[www.sali-group.com/images/27152/other14e7.css]
[www.sali-group.com/images/27152/othercabf.css]
[www.sali-group.com/images/27152/otherb9c9.css]
[www.sali-group.com/images/27152/other55fb.css]
[www.sali-group.com/images/27152/other40d4.css]
[www.sali-group.com/images/27152/otherb864.css]
[www.sali-group.com/images/27152/othera370.css]
[www.sali-group.com/images/27152/other8299.css]
[www.sali-group.com/images/27152/otherbc39.css]
[www.sali-group.com/images/27152/other4677.css]
[www.sali-group.com/images/27152/other9947.css]
[www.sali-group.com/images/27152/other66cf.css]
[www.sali-group.com/images/27152/othereb66.css]
[www.sali-group.com/images/27152/otherb977.css]
[www.sali-group.com/images/27152/otherc463.css]
[www.sali-group.com/images/27152/otherb860.css]
[www.sali-group.com/images/27152/otherec4a.css]
[www.sali-group.com/images/27152/other7810.css]
[www.sali-group.com/images/27152/other6988.css]
[www.sali-group.com/images/27152/otherc29a.css]
[www.sali-group.com/images/27152/other8e43.css]
[www.sali-group.com/uploads/202227152/sali-tools-box08372888866.jpg]
[www.sali-group.com/images/27152/other662b.css]
[www.sali-group.com/uploads/202227152/small/sali-tools-box08582419795.jpg]
[www.sali-group.com/uploads/202227152/small/sali-tools-box09001326231.jpg]
[www.sali-group.com/uploads/202227152/small/sali-tools-box08586950971.jpg]
[www.sali-group.com/uploads/202227152/small/sali-tools-box08591482657.jpg]
[www.sali-group.com/uploads/202227152/small/sali-tools-box08596169823.jpg]
[www.sali-group.com/uploads/202227152/small/sali-tools-box09002732637.jpg]
[www.sali-group.com/Content/uploads/2022625764/202203301609404aa5ce6b03cb41c4a287c7bcefa079c9.jpg]
[www.sali-group.com/pliers/other-tools/sali-tools-box.html]
[www.sali-group.com/images/27152/other3ea9.css]
[www.sali-group.com/images/27152/other2ac7.css]
[www.sali-group.com/images/27152/otheraae5.css]
[www.sali-group.com/images/27152/otherc671.css]
[www.sali-group.com/images/27152/othere74e.css]
[www.sali-group.com/images/27152/other239a.css]
[www.sali-group.com/images/27152/other9441.css]
[www.sali-group.com/images/27152/other2be8.css]
[www.sali-group.com/images/27152/otherefec.css]
[www.sali-group.com/images/27152/other1075.css]
[www.sali-group.com/images/27152/otherb001.css]
[www.sali-group.com/images/27152/other4f2a.css]
[www.sali-group.com/images/27152/other0b78.css]
[www.sali-group.com/images/27152/other4965.css]
[www.sali-group.com/images/27152/other2195.css]
[www.sali-group.com/images/27152/other7a55.css]
[www.sali-group.com/images/27152/other6676.css]
[www.sali-group.com/images/27152/other088e.css]
[www.sali-group.com/images/27152/other2776.css]
[www.sali-group.com/images/27152/other2bc1.css]
[www.sali-group.com/images/27152/other9efc.css]
[www.sali-group.com/images/27152/other840f.css]
[www.sali-group.com/images/27152/otherc674.css]
[www.sali-group.com/images/27152/otherc906.css]
[www.sali-group.com/images/27152/other6d02.css]
[www.sali-group.com/images/27152/otherbbbe.css]
[www.sali-group.com/images/27152/otherbfda.css]
[www.sali-group.com/images/27152/other994d.css]
[www.sali-group.com/images/27152/other38fc.css]
[www.sali-group.com/images/27152/other00a2.css]
[www.sali-group.com/uploads/202127152/sali-good-quality-crowbar-new-aarrive-lowest36449150460.jpg]
[www.sali-group.com/images/27152/other09bc.css]
[www.sali-group.com/uploads/202127152/small/sali-good-quality-crowbar-new-aarrive-lowest37460690088.jpg]
[www.sali-group.com/uploads/202127152/small/sali-good-quality-crowbar-new-aarrive-lowest37465070157.jpg]
[www.sali-group.com/uploads/202127152/small/sali-good-quality-crowbar-new-aarrive-lowest37467320109.jpg]
[www.sali-group.com/uploads/202127152/small/sali-good-quality-crowbar-new-aarrive-lowest37480740111.jpg]
[www.sali-group.com/Content/uploads/2021625764/20210810143452eb5ca89eacb442d9b80b429dc5bcc843.jpg]
[www.sali-group.com/Content/uploads/2021625764/202108101434522a678af7b4e8499a9d8a75bae9254662.jpg]
[www.sali-group.com/Content/uploads/2021625764/20210810143452e9421278d2434edba2e3f21734d0861d.jpg]
[www.sali-group.com/pliers/other-tools/sali-good-quality-crowbar-new-aarrive-lowest.html]
[www.sali-group.com/images/27152/other78bc.css]
[www.sali-group.com/images/27152/otherae84.css]
[www.sali-group.com/images/27152/other6767.css]
[www.sali-group.com/images/27152/otherefc0.css]
[www.sali-group.com/images/27152/other2218.css]
[www.sali-group.com/images/27152/other14fc.css]
[www.sali-group.com/images/27152/other560b.css]
[www.sali-group.com/images/27152/other0d8e.css]
[www.sali-group.com/images/27152/otherff66.css]
[www.sali-group.com/images/27152/other2465.css]
[www.sali-group.com/images/27152/other03fb.css]
[www.sali-group.com/images/27152/other558b.css]
[www.sali-group.com/images/27152/other0424.css]
[www.sali-group.com/images/27152/other34d9.css]
[www.sali-group.com/images/27152/other7f76.css]
[www.sali-group.com/images/27152/other1fc8.css]
[www.sali-group.com/images/27152/other092d.css]
[www.sali-group.com/images/27152/other76d3.css]
[www.sali-group.com/images/27152/otherdf90.css]
[www.sali-group.com/images/27152/other2931.css]
[www.sali-group.com/images/27152/other5bb6.css]
[www.sali-group.com/images/27152/other8d58.css]
[www.sali-group.com/images/27152/other9c73.css]
[www.sali-group.com/images/27152/otherca2b.css]
[www.sali-group.com/images/27152/other300a.css]
[www.sali-group.com/images/27152/other6ede.css]
[www.sali-group.com/images/27152/othere198.css]
[www.sali-group.com/images/27152/otherb414.css]
[www.sali-group.com/images/27152/othera640.css]
[www.sali-group.com/images/27152/othera95e.css]
[www.sali-group.com/images/27152/other4e56.css]
[www.sali-group.com/images/27152/other2e4b.css]
[www.sali-group.com/images/27152/other7424.css]
[www.sali-group.com/images/27152/otherfebf.css]
[www.sali-group.com/images/27152/other9142.css]
[www.sali-group.com/images/27152/other1024.css]
[www.sali-group.com/images/27152/other3070.css]
[www.sali-group.com/images/27152/other8b4b.css]
[www.sali-group.com/images/27152/otherdd74.css]
[www.sali-group.com/images/27152/othere44e.css]
[www.sali-group.com/images/27152/other0bf3.css]
[www.sali-group.com/images/27152/otherbe08.css]
[www.sali-group.com/images/27152/other171e.css]
[www.sali-group.com/images/27152/otherd041.css]
[www.sali-group.com/images/27152/other88a9.css]
[www.sali-group.com/images/27152/othercf05.css]
[www.sali-group.com/images/27152/otherd704.css]
[www.sali-group.com/images/27152/other8076.css]
[www.sali-group.com/images/27152/other64bb.css]
[www.sali-group.com/images/27152/other335e.css]
[www.sali-group.com/images/27152/other3d76.css]
[www.sali-group.com/images/27152/other525a-2.css]
[www.sali-group.com/images/27152/other04ee.css]
[www.sali-group.com/images/27152/other4163.css]
[www.sali-group.com/images/27152/otherd259.css]
[www.sali-group.com/images/27152/other7581.css]
[www.sali-group.com/images/27152/other6cae.css]
[www.sali-group.com/images/27152/other4a6c.css]
[www.sali-group.com/images/27152/othere6a2.css]
[www.sali-group.com/images/27152/other5264.css]
[www.sali-group.com/images/27152/other5e91.css]
[www.sali-group.com/images/27152/other3c20.css]
[www.sali-group.com/images/27152/otherf51b.css]
[www.sali-group.com/images/27152/other2e9f.css]
[www.sali-group.com/images/27152/other186f-2.css]
[www.sali-group.com/images/27152/other1348.css]
[www.sali-group.com/images/27152/other6747.css]
[www.sali-group.com/images/27152/other09cc.css]
[www.sali-group.com/images/27152/other616a.css]
[www.sali-group.com/images/27152/other1016.css]
[www.sali-group.com/images/27152/other825c.css]
[www.sali-group.com/images/27152/otherb699.css]
[www.sali-group.com/images/27152/other8a44.css]
[www.sali-group.com/images/27152/other2c61.css]
[www.sali-group.com/images/27152/other23f7.css]
[www.sali-group.com/images/27152/other1a48.css]
[www.sali-group.com/images/27152/otherb37b.css]
[www.sali-group.com/images/27152/other5b6f-2.css]
[www.sali-group.com/images/27152/othera36b.css]
[www.sali-group.com/images/27152/other5574.css]
[www.sali-group.com/images/27152/other421d.css]
[www.sali-group.com/images/27152/other047f.css]
[www.sali-group.com/images/27152/other1bf3.css]
[www.sali-group.com/images/27152/other2e92.css]
[www.sali-group.com/images/27152/other49ed.css]
[www.sali-group.com/images/27152/other1813.css]
[www.sali-group.com/images/27152/other22b9.css]
[www.sali-group.com/images/27152/other2ecd.css]
[www.sali-group.com/images/27152/other5aba.css]
[www.sali-group.com/images/27152/otherd3f8.css]
[www.sali-group.com/images/27152/otherbd3c.css]
[www.sali-group.com/images/27152/other8661.css]
[www.sali-group.com/images/27152/other5bb8.css]
[www.sali-group.com/images/27152/otherf97b.css]
[www.sali-group.com/images/27152/other61e3.css]
[www.sali-group.com/images/27152/otherb794.css]
[www.sali-group.com/images/27152/other1afd.css]
[www.sali-group.com/images/27152/other5c0d.css]
[www.sali-group.com/images/27152/other018c.css]
[www.sali-group.com/images/27152/otherf48e.css]
[www.sali-group.com/images/27152/other642d.css]
[www.sali-group.com/images/27152/other52f7.css]
[www.sali-group.com/images/27152/otherd0bf.css]
[www.sali-group.com/images/27152/other5d01.css]
[www.sali-group.com/images/27152/other98b6.css]
[www.sali-group.com/images/27152/otherbf03.css]
[www.sali-group.com/images/27152/other97c4.css]
[www.sali-group.com/images/27152/othera790.css]
[www.sali-group.com/images/27152/other24b9.css]
[www.sali-group.com/images/27152/otheree59.css]
[www.sali-group.com/images/27152/other495c.css]
[www.sali-group.com/images/27152/otherda6f.css]
[www.sali-group.com/images/27152/other2f56.css]
[www.sali-group.com/images/27152/other3354.css]
[www.sali-group.com/images/27152/other107f.css]
[www.sali-group.com/images/27152/othera3d7.css]
[www.sali-group.com/images/27152/other1f10.css]
[www.sali-group.com/images/27152/other0d31.css]
[www.sali-group.com/images/27152/other5330.css]
[www.sali-group.com/images/27152/othera2f6.css]
[www.sali-group.com/images/27152/other4df7.css]
[www.sali-group.com/images/27152/other6e42.css]
[www.sali-group.com/images/27152/other491c.css]
[www.sali-group.com/images/27152/other0d55.css]
[www.sali-group.com/images/27152/othera987.css]
[www.sali-group.com/images/27152/otherd78d.css]
[www.sali-group.com/images/27152/otheref51.css]
[www.sali-group.com/images/27152/other5452.css]
[www.sali-group.com/images/27152/other0ca5.css]
[www.sali-group.com/images/27152/othera234.css]
[www.sali-group.com/images/27152/otherabc2.css]
[www.sali-group.com/images/27152/other33f9.css]
[www.sali-group.com/images/27152/otherfeac.css]
[www.sali-group.com/images/27152/otherb74d.css]
[www.sali-group.com/images/27152/other6164.css]
[www.sali-group.com/images/27152/other05a6.css]
[www.sali-group.com/images/27152/othercb1e.css]
[www.sali-group.com/images/27152/other3f41.css]
[www.sali-group.com/images/27152/other684d.css]
[www.sali-group.com/images/27152/othera1a9.css]
[www.sali-group.com/images/27152/othere3e9.css]
[www.sali-group.com/images/27152/other7300.css]
[www.sali-group.com/images/27152/otherac08.css]
[www.sali-group.com/images/27152/otherb376.css]
[www.sali-group.com/images/27152/other2464.css]
[www.sali-group.com/images/27152/other7fb6.css]
[www.sali-group.com/images/27152/other9594.css]
[www.sali-group.com/images/27152/otherd5c7.css]
[www.sali-group.com/images/27152/other05e9.css]
[www.sali-group.com/images/27152/other1c3f.css]
[www.sali-group.com/images/27152/other9143.css]
[www.sali-group.com/images/27152/other03c9.css]
[www.sali-group.com/images/27152/other6af2.css]
[www.sali-group.com/images/27152/otherf105.css]
[www.sali-group.com/images/27152/otherd5d3.css]
[www.sali-group.com/images/27152/other640a.css]
[www.sali-group.com/images/27152/otherfdab.css]
[www.sali-group.com/images/27152/otherd8ec.css]
[www.sali-group.com/images/27152/other67d8.css]
[www.sali-group.com/images/27152/othere976.css]
[www.sali-group.com/images/27152/othercd40.css]
[www.sali-group.com/images/27152/otherce57.css]
[www.sali-group.com/images/27152/other4df6.css]
[www.sali-group.com/images/27152/othera4c7.css]
[www.sali-group.com/newslist-11.html]
[www.sali-group.com/images/27152/other5411.css]
[www.sali-group.com/images/27152/other90c4.css]
[www.sali-group.com/images/27152/other5b86.css]
[www.sali-group.com/images/27152/otherd585.css]
[www.sali-group.com/images/27152/other3ba9.css]
[www.sali-group.com/images/27152/other311f.css]
[www.sali-group.com/images/27152/other38d9.css]
[www.sali-group.com/images/27152/other716d.css]
[www.sali-group.com/images/27152/otherb188.css]
[www.sali-group.com/images/27152/othereb77.css]
[www.sali-group.com/images/27152/other47af.css]
[www.sali-group.com/images/27152/other49b9.css]
[www.sali-group.com/images/27152/otherb0ce.css]
[www.sali-group.com/images/27152/otherc7ce.css]
[www.sali-group.com/images/27152/otherf34b.css]
[www.sali-group.com/images/27152/other5986.css]
[www.sali-group.com/images/27152/other755e.css]
[www.sali-group.com/images/27152/other8925.css]
[www.sali-group.com/images/27152/other5e61.css]
[www.sali-group.com/images/27152/other14c0.css]
[www.sali-group.com/images/27152/other5013.css]
[www.sali-group.com/images/27152/other8f70.css]
[www.sali-group.com/images/27152/othera48b.css]
[www.sali-group.com/images/27152/other08fa.css]
[www.sali-group.com/images/27152/other998f.css]
[www.sali-group.com/images/27152/otherdb44.css]
[www.sali-group.com/images/27152/other3491.css]
[www.sali-group.com/images/27152/other26c5.css]
[www.sali-group.com/images/27152/otherc038.css]
[www.sali-group.com/images/27152/other266b.css]
[www.sali-group.com/images/27152/otherae28.css]
[www.sali-group.com/images/27152/other605d.css]
[www.sali-group.com/images/27152/other8b62.css]
[www.sali-group.com/images/27152/otherab52.css]
[www.sali-group.com/Content/uploads/2021625764/202108021519431d52715c5b99438f99b8cf76a5d0dac3.jpg]
[www.sali-group.com/news/happy-month-48158588.html]
[www.sali-group.com/news/care-from-sali-48112720.html]
[www.sali-group.com/images/27152/other5a4c.css]
[www.sali-group.com/news/100-day-growth-plan-47900337.html]
[www.sali-group.com/images/27152/othered40.css]
[www.sali-group.com/images/27152/otherf504.css]
[www.sali-group.com/Content/uploads/2021625764/202107241145316a15f3617e944b629ebb420bc581e91e.jpg]
[www.sali-group.com/news/full-of-salesman-47891301.html]
[www.sali-group.com/news/nothing-but-pray-47866872.html]
[www.sali-group.com/images/27152/other2da0.css]
[www.sali-group.com/images/27152/other1a44.css]
[admin.seo.com.cn/Content/uploads/2021625764/2021072009423050713e0091104fbfbe3de3f11f6fcf06.jpg]
[admin.seo.com.cn/Content/uploads/2021625764/20210720094231549210de733a4aac8879704b5037351f.jpg]
[admin.seo.com.cn/Content/uploads/2021625764/202107200942306d23061580d94a16831488f5e467ff4a.jpg]
[admin.seo.com.cn/Content/uploads/2021625764/20210720094232179a1db766a94acd9cf7e9ae84489363.jpg]
[admin.seo.com.cn/Content/uploads/2021625764/20210720094235f306ed2f59a543c88865d48d48c69d49.jpg]
[admin.seo.com.cn/Content/uploads/2021625764/20210720094229c4df0ee3cc884fa48ec05a14cfce742e.jpg]
[admin.seo.com.cn/Content/uploads/2021625764/2021072009423430422411c9354b7786921a4990bb5de9.jpg]
[admin.seo.com.cn/Content/uploads/2021625764/202107200942342ccc8d5f06534e1caa54d2dff24e5853.jpg]
[admin.seo.com.cn/Content/uploads/2021625764/20210720094231e8329a2ebaee4484be9c2c5321b2f720.jpg]
[www.sali-group.com/news/good-news-47744252.html]
[www.sali-group.com/images/27152/otherfba2.css]
[www.sali-group.com/Content/uploads/2021625764/20210719133838ec80cf64c9af48538117b2d2cb6aff28.jpg]
[www.sali-group.com/news/shareholders-meeting-47721798.html]
[www.sali-group.com/images/27152/othera228.css]
[www.sali-group.com/Content/uploads/2021625764/202107171138166e14b9900acf42459c83ed680c355f66.jpg]
[www.sali-group.com/news/good-news-for-sali-47689646.html]
[www.sali-group.com/news/yuncang-large-third-party-warehouse-47669205.html]
[www.sali-group.com/images/27152/otherfa91.css]
[www.sali-group.com/images/27152/othere063.css]
[www.sali-group.com/news/good-news-47590890.html]
[www.sali-group.com/images/27152/otherd907.css]
[www.sali-group.com/news/end-of-100-day-growth-plan-47466912.html]
[www.sali-group.com/images/27152/otherac3e.css]
[www.sali-group.com/news/nothing-47399833.html]
[www.sali-group.com/images/27152/other6e52.css]
[www.sali-group.com/news/regular-meetings-of-the-management-meeting-47336646.html]
[www.sali-group.com/images/27152/other3307.css]
[www.sali-group.com/images/27152/otherda41.css]
[www.sali-group.com/Content/uploads/2021625764/20210705150354985cbbe9f49147c6a4d225936f27ee85.jpg]
[www.sali-group.com/news/sali-new-cabinet-47301755.html]
[www.sali-group.com/images/27152/other36d4.css]
[www.sali-group.com/Content/uploads/2021625764/20210702134030d90233f03c4a46b4ada30838b82b7701.jpg]
[www.sali-group.com/news/warmly-celebrate-the-100th-anniversary-of-the-47249280.html]
[www.sali-group.com/images/27152/otherc21c.css]
[www.sali-group.com/Content/uploads/2021625764/20210701155922dd3eccab74774dfbb9edd087acc9825f.jpg]
[www.sali-group.com/Content/uploads/2021625764/20210701155923e500e82a2ab74e5294dfa02b6a426ae9.jpg]
[www.sali-group.com/Content/uploads/2021625764/202107011559238d1dda4b162c4bd294be71ad11c078ff.jpg]
[www.sali-group.com/news/the-whole-container-of-grinding-wheel-discs-is-47220021.html]
[www.sali-group.com/images/27152/other5c09.css]
[www.sali-group.com/Content/uploads/2021625764/20210630133513c993909ea7a34e69bb21b6d2c23933ef.jpg]
[www.sali-group.com/Content/uploads/2021625764/20210630133513fd075a0e771641fe9ffa84b2949e120a.jpg]
[www.sali-group.com/Content/uploads/2021625764/202106301335144498990571a64b628fcef93db44e8a6f.jpg]
[www.sali-group.com/news/new-car-new-goods-47177805.html]
[www.sali-group.com/images/27152/othered32.css]
[www.sali-group.com/Content/uploads/2021625764/20210624133846910eee5df081412198493991e430b778.jpg]
[www.sali-group.com/news/shipping-47002594.html]
[www.sali-group.com/images/27152/otherf9a8.css]
[www.sali-group.com/images/27152/other8afa.css]
[www.sali-group.com/Content/uploads/2021625764/20210621153551f30e1b7318c149e19fb3a279dab5841a.jpg]
[www.sali-group.com/news/sali-academy-46876590.html]
[www.sali-group.com/news/order-or-not-order-is-a-question-or-not-46783603.html]
[www.sali-group.com/images/27152/other4312.css]
[www.sali-group.com/Content/uploads/2021625764/2021061515225290b1d61ad7b846758bc52e12339fe9f0.jpg]
[www.sali-group.com/Content/uploads/2021625764/2021061515193048f70adbddf8448ca1744338c878ad16.jpg]
[www.sali-group.com/Content/uploads/2021625764/202106151521455c56812d786c4b808fa8487fc92dd8a0.jpg]
[www.sali-group.com/Content/uploads/2021625764/202106151519313feff7a6fe704850bbea5d9094ae3c15.jpg]
[www.sali-group.com/news/it-s-another-year-for-dragon-boat-festival-46672238.html]
[www.sali-group.com/news/a-video-call-with-ourcustomers-in-mauritius-to-46626198.html]
[www.sali-group.com/images/27152/other6a53.css]
[www.sali-group.com/images/27152/otherd014.css]
[www.sali-group.com/Content/uploads/2021625764/202106101405201ecef612e6b9418099d174baefe5dc32.jpg]
[www.sali-group.com/Content/uploads/2021625764/20210610140426315005286837418bb474cb190277fefc.jpg]
[www.sali-group.com/news/sali-is-loading-friends-come-order-now-46576331.html]
[www.sali-group.com/images/27152/other665e.css]
[www.sali-group.com/Content/uploads/2021625764/202106091517183416ca619c764dfeb8c11344e94bfdaf.jpg]
[www.sali-group.com/news/sali-video-conference-today-46540354.html]
[www.sali-group.com/images/27152/other7b05.css]
[www.sali-group.com/images/27152/other697c.css]
[www.sali-group.com/images/27152/otheref74.css]
[www.sali-group.com/images/27152/otherbd23.css]
[www.sali-group.com/images/27152/otherc96d.css]
[www.sali-group.com/images/27152/otherf63f.css]
[www.sali-group.com/images/27152/otherb34e.css]
[www.sali-group.com/images/27152/othera384.css]
[www.sali-group.com/images/27152/other6799.css]
[www.sali-group.com/images/27152/othere509.css]
[www.sali-group.com/images/27152/other57c5.css]
[www.sali-group.com/images/27152/other52ae.css]
[www.sali-group.com/images/27152/other6a29.css]
[www.sali-group.com/images/27152/other8a3b.css]
[www.sali-group.com/images/27152/other8950.css]
[www.sali-group.com/images/27152/other8cd3.css]
[www.sali-group.com/images/27152/other8824.css]
[www.sali-group.com/images/27152/other2718.css]
[www.sali-group.com/images/27152/other9e11.css]
[www.sali-group.com/images/27152/otherd70e.css]
[www.sali-group.com/images/27152/otherab72.css]
[www.sali-group.com/images/27152/othera04b.css]
[www.sali-group.com/images/27152/otherfbc6.css]
[www.sali-group.com/images/27152/other24e8.css]
[www.sali-group.com/images/27152/otherfbe5.css]
[www.sali-group.com/images/27152/othera9c2.css]
[www.sali-group.com/images/27152/othercf02.css]
[www.sali-group.com/images/27152/other4193.css]
[www.sali-group.com/images/27152/other1397.css]
[www.sali-group.com/images/27152/otherdbe5.css]
[www.sali-group.com/images/27152/other649d.css]
[www.sali-group.com/images/27152/other3702.css]
[www.sali-group.com/images/27152/other7ce7.css]
[www.sali-group.com/images/27152/other28d4.css]
[www.sali-group.com/images/27152/other2f71.css]
[www.sali-group.com/images/27152/other25e6.css]
[www.sali-group.com/images/27152/othere9dd.css]
[www.sali-group.com/images/27152/other9ab3.css]
[www.sali-group.com/images/27152/other5719.css]
[www.sali-group.com/images/27152/otherc421.css]
[www.sali-group.com/images/27152/otheraab1.css]
[www.sali-group.com/images/27152/otherfef7.css]
[www.sali-group.com/images/27152/othera515.css]
[www.sali-group.com/images/27152/otherb59a.css]
[www.sali-group.com/images/27152/other0a9e.css]
[www.sali-group.com/images/27152/other423a.css]
[www.sali-group.com/images/27152/other3228.css]
[www.sali-group.com/images/27152/other59c2.css]
[www.sali-group.com/images/27152/other28b3.css]
[www.sali-group.com/images/27152/otheree73.css]
[www.sali-group.com/images/27152/other7752.css]
[www.sali-group.com/images/27152/otherc0b1.css]
[www.sali-group.com/images/27152/otherf5df.html]
[www.sali-group.com/images/27152/other01cc.css]
[www.sali-group.com/images/27152/otherc3b0.css]
[www.sali-group.com/images/27152/other2ddb.css]
[www.sali-group.com/images/27152/other5ad9.css]
[www.sali-group.com/images/27152/other2ff2.css]
[www.sali-group.com/images/27152/other32de.css]
[www.sali-group.com/images/27152/otherbacc.css]
[www.sali-group.com/images/27152/othere252.css]
[www.sali-group.com/images/27152/other2108.css]
[www.sali-group.com/images/27152/other9855.css]
[www.sali-group.com/images/27152/otherd667.css]
[www.sali-group.com/images/27152/other0b2b.css]
[www.sali-group.com/images/27152/otherbe1b.css]
[www.sali-group.com/images/27152/other3113.css]
[www.sali-group.com/images/27152/otherc354.css]
[www.sali-group.com/images/27152/otherc5ba.css]
[www.sali-group.com/images/27152/other6eee.css]
[www.sali-group.com/images/27152/other6948.css]
[www.sali-group.com/images/27152/other3e28.css]
[www.sali-group.com/images/27152/otherbe36.css]
[www.sali-group.com/images/27152/other5248.css]
[www.sali-group.com/images/27152/other66ea.css]
[www.sali-group.com/images/27152/other2647.css]
[www.sali-group.com/images/27152/other89de.css]
[www.sali-group.com/images/27152/other3dc8.css]
[www.sali-group.com/images/27152/other9a3b.css]
[www.sali-group.com/images/27152/other2b2c.css]
[www.sali-group.com/images/27152/otherb17f.css]
[www.sali-group.com/images/27152/other9251.css]
[www.sali-group.com/images/27152/other3082.css]
[www.sali-group.com/images/27152/otherb764.css]
[www.sali-group.com/images/27152/othera347.css]
[www.sali-group.com/images/27152/otherc49c.css]
[www.sali-group.com/images/27152/otherbd68.css]
[www.sali-group.com/images/27152/other6f76.css]
[www.sali-group.com/images/27152/otheraaf7.css]
[www.sali-group.com/images/27152/other2ba2.css]
[www.sali-group.com/images/27152/otherd14e.css]
[www.sali-group.com/images/27152/other6664.css]
[www.sali-group.com/images/27152/othere45b.css]
[www.sali-group.com/images/27152/other2c43.css]
[www.sali-group.com/images/27152/other02f9.css]
[www.sali-group.com/images/27152/other7fa9.css]
[www.sali-group.com/images/27152/other532a.css]
[www.sali-group.com/images/27152/other0b05.css]
[www.sali-group.com/images/27152/other1e1e.css]
[www.sali-group.com/images/27152/other0767.css]
[www.sali-group.com/images/27152/other2b3f.css]
[www.sali-group.com/images/27152/othere3b2.css]
[www.sali-group.com/images/27152/other6779.css]
[www.sali-group.com/images/27152/otheraf2d.css]
[www.sali-group.com/images/27152/other4e38.css]
[www.sali-group.com/images/27152/other57fa.css]
[www.sali-group.com/images/27152/other7246.css]
[www.sali-group.com/images/27152/other7b9f.css]
[www.sali-group.com/images/27152/othere3bb.css]
[www.sali-group.com/images/27152/otherd0b5.css]
[www.sali-group.com/images/27152/other58ad.css]
[www.sali-group.com/images/27152/otherf959.css]
[www.sali-group.com/images/27152/otherf3f2.css]
[www.sali-group.com/images/27152/other278d.css]
[www.sali-group.com/images/27152/other9802.css]
[www.sali-group.com/images/27152/otheref78.css]
[www.sali-group.com/images/27152/other69d6.css]
[www.sali-group.com/images/27152/other692a.css]
[www.sali-group.com/images/27152/other0b3a.css]
[www.sali-group.com/info/air-compressor-61382993.html]
[www.sali-group.com/images/27152/otherceaa.css]
[www.sali-group.com/info/air-pump-for-car-60901086.html]
[www.sali-group.com/images/27152/other0d7a.css]
[www.sali-group.com/images/27152/other0b8a.css]
[www.sali-group.com/images/27152/otherf0ad.css]
[www.sali-group.com/images/27152/other2e78.css]
[www.sali-group.com/images/27152/other57ea.css]
[www.sali-group.com/images/27152/other8596.css]
[www.sali-group.com/images/27152/other265b.css]
[www.sali-group.com/images/27152/other27bb.css]
[www.sali-group.com/images/27152/otherd984.css]
[www.sali-group.com/Content/uploads/2021625764/20210825145845c89e7dfe4330419dabd12197228701dc.jpg]
[www.sali-group.com/info/air-pump-60568558.html]
[www.sali-group.com/images/27152/otherf9dc.css]
[www.sali-group.com/Content/uploads/2021625764/202108231355431ddda2b6226e4ab48997a996ebd240ec.jpg]
[www.sali-group.com/info/knowledge-of-air-pump-60553146.html]
[www.sali-group.com/images/27152/otherf51d.css]
[www.sali-group.com/Content/uploads/2021625764/2021072610292523739285fd8a4f519b3b22decca3908f.jpg]
[www.sali-group.com/Content/uploads/2021625764/20210726102926cd2da919282a4b65a6852c7ab991de9b.jpg]
[www.sali-group.com/Content/uploads/2021625764/20210726102927733df9ff514a4181870543cb0a6b6a2c.jpg]
[www.sali-group.com/Content/uploads/2021625764/20210726102928701b5c7af59b4bcb91984b923f640dd9.jpg]
[www.sali-group.com/Content/uploads/2021625764/2021072610323216eb16cde829455eb7dfd6f42931e691.jpg]
[www.sali-group.com/Content/uploads/2021625764/20210726103232c2a1072229dd40f4acd06d775c1ff465.jpg]
[www.sali-group.com/Content/uploads/2021625764/202107261032341c415773dd93428381ac7b0b545baac9.jpg]
[www.sali-group.com/info/air-compressor-59602451.html]
[www.sali-group.com/images/27152/other2d2e.css]
[www.sali-group.com/images/27152/other2b64.css]
[www.sali-group.com/images/27152/other91f1.css]
[www.sali-group.com/images/27152/otherbf95.css]
[www.sali-group.com/images/27152/otherb66d.css]
[www.sali-group.com/images/27152/other5eae.css]
[www.sali-group.com/images/27152/other75b1.css]
[www.sali-group.com/images/27152/otheraff9.css]
[www.sali-group.com/images/27152/otherb018.css]
[www.sali-group.com/images/27152/otherfd80.css]
[www.sali-group.com/images/27152/other2d53.css]
[www.sali-group.com/images/27152/otherdbc7.css]
[www.sali-group.com/images/27152/other08cc.css]
[www.sali-group.com/images/27152/othera43f.css]
[www.sali-group.com/images/27152/other24d9.css]
[www.sali-group.com/images/27152/otheraeaf.css]
[www.sali-group.com/images/27152/otherf485.css]
[www.sali-group.com/Content/uploads/2021625764/20210616154112b3dbbae3b55c472db2df9233b55b498d.jpg]
[www.sali-group.com/Content/uploads/2021625764/202106161541161eadcf596a2f47919b9bff0c7297eef7.jpg]
[www.sali-group.com/Content/uploads/2021625764/2021061615411616d3248c80504edc81a97fe3de177b87.jpg]
[www.sali-group.com/Content/uploads/2021625764/202106161541188d1a77d6432546c1ae648683fdf7f663.jpg]
[www.sali-group.com/Content/uploads/2021625764/20210616154118e4f0c6d03a6b4a649ad95ad3d8abc004.jpg]
[www.sali-group.com/info/air-nail-gun-58390015.html]
[www.sali-group.com/images/27152/other4516.css]
[www.sali-group.com/Content/uploads/2021625764/202106151553135a5e270b236a45edb71db5536b0744b8.jpg]
[www.sali-group.com/Content/uploads/2021625764/2021061515531342aeaa3d19de44b69e99caab1f3ecb6b.jpg]
[www.sali-group.com/Content/uploads/2021625764/202106151553131985915a85804c25a29cbe16e50bf3d7.jpg]
[www.sali-group.com/Content/uploads/2021625764/202106151553161327df0c591b4bb19bf2646449833620.jpg]
[www.sali-group.com/Content/uploads/2021625764/202106151553162d2887e4a31447d3bec21e17ccf58847.jpg]
[www.sali-group.com/Content/uploads/2021625764/202106151553182f282f5eafc94847adb3d50517fdfcd0.jpg]
[www.sali-group.com/Content/uploads/2021625764/20210615155318490618d88b6b494a8e3ee25571f71f03.jpg]
[www.sali-group.com/Content/uploads/2021625764/202106151553206177212b8c8f4cf7af2cee08dc5fccff.jpg]
[www.sali-group.com/Content/uploads/2021625764/20210615155323b2e347beb32a47a6ae525fe9b9f948c7.jpg]
[www.sali-group.com/Content/uploads/2021625764/20210615155323e30ab2adcda64ed1a514799aa65f14d2.jpg]
[www.sali-group.com/Content/uploads/2021625764/20210615155324211bacc9897e4a54bcc36fa9c929f367.jpg]
[www.sali-group.com/info/little-knowledge-of-spray-gun-58354108.html]
[www.sali-group.com/images/27152/otherb311.css]
[www.sali-group.com/images/27152/otherd40f.css]
[www.sali-group.com/images/27152/other0fe2.css]
[www.sali-group.com/images/27152/other34ee.css]
[www.sali-group.com/images/27152/other8ba8.css]
[www.sali-group.com/images/27152/otherb858.css]
[www.sali-group.com/images/27152/otherc570.css]
[www.sali-group.com/images/27152/other4cd4.css]
[www.sali-group.com/images/27152/other1f75.css]
[www.sali-group.com/images/27152/other5640.css]
[www.sali-group.com/images/27152/othere7fa.css]
[www.sali-group.com/images/27152/otherbc1a.css]
[www.sali-group.com/images/27152/other25da.css]
[www.sali-group.com/images/27152/othered19.css]
[www.sali-group.com/images/27152/other4c7f.css]
[www.sali-group.com/images/27152/othera379.css]
[www.sali-group.com/images/27152/otherc6b7.css]
[www.sali-group.com/images/27152/othere60a.css]
[www.sali-group.com/images/27152/other9a01.css]
[www.sali-group.com/images/27152/other7953.css]
[www.sali-group.com/images/27152/other0881.css]
[www.sali-group.com/images/27152/other3fd2.css]
[www.sali-group.com/images/27152/other43cc.css]
[www.sali-group.com/images/27152/other6010.css]
[www.sali-group.com/images/27152/other82ef.css]
[www.sali-group.com/images/27152/other48e2.css]
[www.sali-group.com/images/27152/other443c.css]
[www.sali-group.com/images/27152/other9efd.css]
[www.sali-group.com/images/27152/othere2c7.css]
[www.sali-group.com/images/27152/other6155.css]
[www.sali-group.com/images/27152/otherdb3f.css]
[www.sali-group.com/images/27152/other26ed.css]
[www.sali-group.com/images/27152/other66e4.css]
[www.sali-group.com/images/27152/other40e3.css]
[www.sali-group.com/images/27152/other90b7.css]
[www.sali-group.com/images/27152/other806c.css]
[www.sali-group.com/images/27152/otherb85b.css]
[www.sali-group.com/images/27152/other2dd1.css]
[www.sali-group.com/images/27152/other666a.css]
[www.sali-group.com/images/27152/otherc264.css]
[www.sali-group.com/images/27152/other5ac0.css]
[www.sali-group.com/images/27152/otheree7e.css]
[www.sali-group.com/images/27152/other6dce.css]
[www.sali-group.com/images/27152/other3f25.css]
[www.sali-group.com/images/27152/other2f14.css]
[www.sali-group.com/images/27152/other95c4.css]
[www.sali-group.com/images/27152/other3cc7.css]
[www.sali-group.com/images/27152/othera06f.css]
[www.sali-group.com/images/27152/other8cd2.css]
[www.sali-group.com/images/27152/othercc8f.css]
[www.sali-group.com/images/27152/other6e24.css]
[www.sali-group.com/images/27152/other6999.css]
[www.sali-group.com/images/27152/otherec90.css]
[www.sali-group.com/images/27152/other9968.css]
[www.sali-group.com/images/27152/other55d5.css]
[www.sali-group.com/images/27152/other7950.css]
[www.sali-group.com/images/27152/otherbff4.css]
[www.sali-group.com/images/27152/other112f.css]
[www.sali-group.com/images/27152/othercb68.css]
[www.sali-group.com/images/27152/other48fb.css]
[www.sali-group.com/images/27152/other6215.css]
[www.sali-group.com/images/27152/other36bc.css]
[www.sali-group.com/images/27152/otherce14.css]
[www.sali-group.com/images/27152/other76a8.css]
[www.sali-group.com/images/27152/otherf500.css]
[www.sali-group.com/images/27152/otherdaa7.css]
[www.sali-group.com/images/27152/otherb297.css]
[www.sali-group.com/images/27152/other3e2a-2.css]
[www.sali-group.com/images/27152/other04fa.css]
[www.sali-group.com/images/27152/other3aca.css]
[www.sali-group.com/images/27152/other8303.css]
[www.sali-group.com/images/27152/otherfeb2.css]
[www.sali-group.com/images/27152/other21de.css]
[www.sali-group.com/images/27152/other0c32.css]
[www.sali-group.com/images/27152/other13f4.css]
[www.sali-group.com/images/27152/otherb320.css]
[www.sali-group.comhttps_/www.sali-group.com/uploads/27152/news/n20260107114630bb61b.jpg]
[www.sali-group.comhttps_/www.sali-group.com/uploads/27152/news/n20251231113820fd958.jpg]
[www.sali-group.comhttps_/www.sali-group.com/uploads/27152/news/n2025122915012661075.jpg]
[www.sali-group.com/images/27152/other7834.css]
[www.sali-group.com/images/27152/othercc2b.css]
[www.sali-group.com/images/27152/otherf9e9.css]
[www.sali-group.com/images/27152/other38bd.css]
[www.sali-group.com/images/27152/other662b.css]
[www.sali-group.com/images/27152/other09bc.css]
[www.sali-group.comhttps_/www.sali-group.com/uploads/27152/news/n2025120214164288463.jpg]
[www.sali-group.comhttps_/www.sali-group.com/uploads/27152/news/n202511151436532bdaf.jpg]
[www.sali-group.comhttps_/www.sali-group.com/uploads/27152/news/n202510291527470000e.png]
[www.sali-group.comhttps_/www.sali-group.com/uploads/27152/news/n202510231503160b44a.jpg]
[www.sali-group.comhttps_/www.sali-group.com/uploads/27152/news/n20250908153754482d8.jpg]
[www.sali-group.comhttps_/www.sali-group.com/uploads/27152/news/n20250909143330ab224.jpg]
[www.sali-group.comhttps_/www.sali-group.com/uploads/27152/news/n20250928160235fbdfb.png]
[www.sali-group.comhttps_/www.sali-group.com/uploads/27152/news/n20250930110627865ac.jpg]
[www.sali-group.com/images/27152/other8b62.css]
[www.sali-group.com/images/27152/otherab52.css]
[www.sali-group.com/images/27152/other5a4c.css]
[www.sali-group.com/images/27152/othered40.css]
[www.sali-group.com/images/27152/otherf504.css]
[www.sali-group.com/images/27152/other2da0.css]
[www.sali-group.com/images/27152/other1a44.css]
[www.sali-group.com/images/27152/otherfba2.css]
[www.sali-group.com/images/27152/othera228.css]
[www.sali-group.com/images/27152/othere063.css]
[www.sali-group.com/images/27152/otherd907.css]
[www.sali-group.com/images/27152/otherac3e.css]
[www.sali-group.com/images/27152/other6e52.css]
[www.sali-group.com/images/27152/other3307.css]
[www.sali-group.com/images/27152/otherda41.css]
[www.sali-group.com/images/27152/other36d4.css]
[www.sali-group.com/images/27152/otherc21c.css]
[www.sali-group.com/images/27152/other5c09.css]
[www.sali-group.com/images/27152/othered32.css]
[www.sali-group.com/images/27152/other8afa.css]
[www.sali-group.com/images/27152/other4312.css]
[www.sali-group.com/images/27152/other6a53.css]
[www.sali-group.com/images/27152/otherd014.css]
[www.sali-group.com/images/27152/other665e.css]
[www.sali-group.comhttps_/www.sali-group.com/uploads/202327152/n202303021015019055938.jpg]
[www.sali-group.comhttps_/www.sali-group.com/uploads/27152/news/n20250122105649ee106.jpg]
[www.sali-group.comhttps_/www.sali-group.com/uploads/27152/news/n20240929144103f8021.jpg]
[www.sali-group.comhttps_/www.sali-group.com/uploads/202227152/n202208251024245358245.jpg]
[www.sali-group.comhttps_/www.sali-group.com/uploads/202327152/n202303131636412489837.jpg]
[www.sali-group.comhttps_/www.sali-group.com/uploads/202227152/n202204151414058471909.jpg]
[www.sali-group.comhttps_/www.sali-group.com/uploads/202227152/n202206061720001713723.jpg]
[www.sali-group.comhttps_/www.sali-group.com/uploads/202227152/n202206091953546723830.jpg]
[www.sali-group.comhttps_/www.sali-group.com/uploads/202227152/n202203211647577334268.jpg]
[www.sali-group.comhttps_/www.sali-group.com/uploads/202227152/n202204230948382929985.jpg]
[www.sali-group.comhttps_/www.sali-group.com/uploads/202127152/n202111191421226317732.jpg]
[www.sali-group.comhttps_/www.sali-group.com/uploads/202227152/n202201171131478179018.jpg]
[www.sali-group.comhttps_/www.sali-group.com/uploads/202227152/n202201131427017158525.jpg]
[www.sali-group.comhttps_/www.sali-group.com/uploads/202227152/n202205131402525206446.jpg]
[www.sali-group.comhttps_/www.sali-group.com/uploads/27152/news/n20250322091118915c7.jpg]
[www.sali-group.comhttps_/www.sali-group.com/uploads/27152/news/n2025041217030749422.jpg]
[www.sali-group.comhttps_/www.sali-group.com/uploads/27152/news/n20241011171633f02fd.jpg]
[www.sali-group.comhttps_/www.sali-group.com/uploads/27152/news/n202404131434227f0b4.jpg]
[www.sali-group.comhttps_/www.sali-group.com/uploads/202327152/n202305041413397766126.jpg]
[www.sali-group.comhttps_/www.sali-group.com/uploads/202327152/n202304011815030244556.jpg]
[www.sali-group.comhttps_/www.sali-group.com/uploads/202327152/n202303251050177437841.jpg]
[www.sali-group.comhttps_/www.sali-group.com/uploads/202327152/n202310061436382349309.jpg]
[www.sali-group.comhttps_/www.sali-group.com/uploads/202327152/n202305041409232125888.jpg]
[www.sali-group.comhttps_/www.sali-group.com/uploads/27152/news/n2024112815055313688.jpg]
[www.sali-group.comhttps_/www.sali-group.com/uploads/202227152/n202210201058448869922.jpg]
[www.sali-group.comhttps_/www.sali-group.com/uploads/202227152/n202210131025038661260.jpg]
[www.sali-group.comhttps_/www.sali-group.com/uploads/202227152/n202203181536126720271.jpg]
[www.sali-group.comhttps_/www.sali-group.com/uploads/202227152/n202204281704459538889.jpg]
[www.sali-group.comhttps_/www.sali-group.com/uploads/202227152/n202204070933389776217.jpg]
[www.sali-group.comhttps_/www.sali-group.com/uploads/202227152/n202203301105187191198.jpg]
[www.sali-group.comhttps_/www.sali-group.com/uploads/202227152/n202203251352076786086.jpg]
[www.sali-group.comhttps_/www.sali-group.com/uploads/202227152/n202203231620005141623.jpg]
[www.sali-group.comhttps_/www.sali-group.com/uploads/202227152/n202203161630422487339.jpg]
[www.sali-group.comhttps_/www.sali-group.com/uploads/27152/info/n20250809112557c41da.jpg]
[www.sali-group.comhttps_/www.sali-group.com/uploads/202327152/i202309211339130644080.jpg]
[www.sali-group.comhttps_/www.sali-group.com/uploads/202327152/i202308081604497648680.jpg]
[www.sali-group.comhttps_/www.sali-group.com/uploads/202327152/i202307261523030769925.jpg]
[www.sali-group.comhttps_/www.sali-group.com/uploads/202327152/i202305121057325154729.jpg]
[www.sali-group.comhttps_/www.sali-group.com/uploads/202327152/i202304041431373235564.jpg]
[www.sali-group.comhttps_/www.sali-group.com/uploads/202327152/i202303090958011751659.jpg]
[www.sali-group.comhttps_/www.sali-group.com/uploads/202327152/i202303010954098126429.jpg]
[www.sali-group.comhttps_/www.sali-group.com/uploads/202227152/i202210251114472358448.jpg]
[www.sali-group.comhttps_/www.sali-group.com/uploads/202227152/i202208241609546926252.jpg]
[www.sali-group.com/images/27152/otherceaa.css]
[www.sali-group.com/images/27152/other27bb.css]
[www.sali-group.com/images/27152/otherd984.css]
[www.sali-group.com/images/27152/otherf9dc.css]
[www.sali-group.com/images/27152/otherf51d.css]
[www.sali-group.com/images/27152/otherf485.css]
[www.sali-group.com/images/27152/other4516.css]
[www.sali-group.comhttps_/www.sali-group.com/uploads/202227152/i202204151418022534539.jpg]
[www.sali-group.comhttps_/www.sali-group.com/uploads/202227152/i202204131346367797913.jpg]
[www.sali-group.comhttps_/www.sali-group.com/uploads/202227152/i202201191524432423862.jpg]
[www.sali-group.comhttps_/www.sali-group.com/uploads/202227152/i202201171134100575484.jpg]
[www.sali-group.comhttps_/www.sali-group.com/uploads/202127152/i202112271537486236968.jpg]
[www.sali-group.comhttps_/www.sali-group.com/uploads/202127152/i202112241356177442445.jpg]
[www.sali-group.comhttps_/www.sali-group.com/uploads/202227152/i202207291548340286965.jpg]
[www.sali-group.comhttps_/www.sali-group.com/uploads/202227152/i202207091200057210872.jpg]
[www.sali-group.comhttps_/www.sali-group.com/uploads/202227152/i202206091942519470271.jpg]
[www.sali-group.comhttps_/www.sali-group.com/uploads/202227152/i202203251354113348220.jpg]
[www.sali-group.comhttps_/www.sali-group.com/uploads/202227152/i202203231622558909095.jpg]
[www.sali-group.comhttps_/www.sali-group.com/uploads/202227152/i202203181157071089711.jpg]
[www.sali-group.comhttps_/www.sali-group.com/uploads/202227152/i202203121053226804481.jpg]
[www.sali-group.comhttps_/www.sali-group.com/uploads/202227152/i202204281711336250299.png]
[www.sali-group.comhttps_/www.sali-group.com/uploads/202227152/i202202111436173771824.jpg]
[www.sali-group.comhttps_/www.sali-group.com/uploads/202127152/i202112291455155460481.jpg]
[www.sali-group.comhttps_/www.sali-group.com/uploads/202127152/i202112171454242301599.jpg]
[www.sali-group.comhttps_/www.sali-group.com/uploads/202127152/i202112011458216825748.jpg]
[www.sali-group.comhttps_/www.sali-group.com/uploads/202127152/i202111191419129724831.jpg]
[www.sali-group.comhttps_/www.sali-group.com/uploads/202127152/i202111151436089549934.jpg]
[www.sali-group.comhttps_/www.sali-group.com/uploads/202127152/i202111081415248487656.jpg]
[www.sali-group.comhttps_/www.sali-group.com/uploads/202127152/i202110291059574024689.jpg]
[www.sali-group.comhttps_/www.sali-group.com/uploads/202127152/i202110291101210781374.jpg]
[www.sali-group.comhttps_/www.sali-group.com/uploads/202127152/i202110201356088290681.jpg]
[www.sali-group.comhttps_/www.sali-group.com/uploads/202127152/i202111101351189104379.jpg]
[www.sali-group.comhttps_/www.sali-group.com/uploads/202127152/i202110231403205586999.png]
[www.sali-group.comhttps_/www.sali-group.com/uploads/202127152/i202107121106494473464.jpg]
[www.sali-group.comhttps_/www.sali-group.com/uploads/202127152/i202107101024006189566.jpg]
[www.sali-group.comhttps_/www.sali-group.com/uploads/202127152/i202106021015185188652.jpg]
[www.sali-group.comhttps_/www.sali-group.com/uploads/202127152/i202105311654331696390.jpg]
[www.sali-group.comhttps_/www.sali-group.com/uploads/202027152/i202011231556421272751.jpg]
[www.sali-group.comhttps_/www.sali-group.com/uploads/202127152/i202110081406291884805.jpg]
[www.sali-group.comhttps_/www.sali-group.com/uploads/202127152/i202110061339159505912.jpg]
[www.sali-group.comhttps_/www.sali-group.com/uploads/202127152/i202109300914022177427.jpg]
[www.sali-group.comhttps_/www.sali-group.com/uploads/202127152/i202107241338021104030.jpg]
[www.sali-group.comhttps_/www.sali-group.com/uploads/202227152/i202206061808028649722.jpg]
[www.sali-group.comhttps_/www.sali-group.com/uploads/202227152/i202202161532188866114.jpg]
[www.sali-group.comhttps_/www.sali-group.com/uploads/202227152/i202201051507520715126.jpg]
[www.sali-group.comhttps_/www.sali-group.com/uploads/202127152/i202108091623047330986.jpg]
[www.sali-group.comhttps_/www.sali-group.com/uploads/202227152/i202203091503510288527.jpg]
[www.sali-group.comhttps_/www.sali-group.com/uploads/202227152/i202201211050494552818.jpg]
[www.sali-group.comhttps_/www.sali-group.com/uploads/202027152/i202011251647217773365.jpg]
[www.sali-group.comhttps_/www.sali-group.com/uploads/202027152/i202011231534085063690.jpg]
[www.sali-group.comhttps_/www.sali-group.com/uploads/202027152/i202011191712151693625.jpg]
[www.sali-group.comhttps_/www.sali-group.com/uploads/202027152/i202011191710460684644.jpg]
[www.sali-group.comhttps_/www.sali-group.com/uploads/202027152/i202011191709292063715.jpg]
[www.sali-group.comhttps_/www.sali-group.com/uploads/202027152/i202011161724362361747.jpg]
[www.sali-group.comhttps_/www.sali-group.com/uploads/27152/news/n20240915140117e3d94.jpg]
[www.sali-group.comhttps_/www.sali-group.com/uploads/27152/news/n20240401152136dd852.jpg]
[www.sali-group.comhttps_/www.sali-group.com/uploads/27152/news/n202403161610334a7a5.jpg]
[www.sali-group.comhttps_/www.sali-group.com/uploads/27152/news/n20240308165730c93ef.jpg]
[www.sali-group.comhttps_/www.sali-group.com/uploads/27152/news/n20240617151147cc465.jpg]
[www.sali-group.comhttps_/www.sali-group.com/uploads/27152/news/n20240410101431e0aea.jpg]
[www.sali-group.comhttps_/www.sali-group.com/uploads/27152/news/n2024060816293741336.jpg]
[www.sali-group.comhttps_/www.sali-group.com/uploads/202327152/n202311271652119223285.jpg]
[www.sali-group.comhttps_/www.sali-group.com/uploads/27152/news/n20240202102405a6ad1.jpg]
[www.sali-group.comhttps_/www.sali-group.com/uploads/202327152/n202309271708560088502.jpg]
[www.sali-group.comhttps_/www.sali-group.com/uploads/202327152/n202312301617441715917.jpg]
[www.sali-group.comhttps_/www.sali-group.com/uploads/202227152/n202207051648318681153.jpg]
[www.sali-group.comhttps_/www.sali-group.com/uploads/202327152/n202303231411292088345.jpg]
[www.sali-group.comhttps_/www.sali-group.com/uploads/202327152/n202306301054208758902.jpg]
[www.sali-group.comhttps_/www.sali-group.com/uploads/202227152/n202209271442135287454.jpg]
[www.sali-group.comhttps_/www.sali-group.com/uploads/202327152/n202301020951259727553.jpg]
[www.sali-group.comhttps_/www.sali-group.com/uploads/202227152/n202207291556495459670.jpg]
[www.sali-group.comhttps_/www.sali-group.com/uploads/202227152/n202204121524417083689.jpg]
[www.sali-group.comhttps_/www.sali-group.com/uploads/202227152/n202203311642158248300.jpg]
[www.sali-group.comhttps_/www.sali-group.com/uploads/202227152/n202203121044392741906.jpg]
[www.sali-group.comhttps_/www.sali-group.com/uploads/202227152/n202203211100369956452.jpg]
[www.sali-group.comhttps_/www.sali-group.com/uploads/202227152/n202203021631134632303.jpg]
[www.sali-group.comhttps_/www.sali-group.com/uploads/202227152/n202202251024005734886.jpg]
[www.sali-group.comhttps_/www.sali-group.com/uploads/202227152/n202202161513088789013.jpg]
[www.sali-group.comhttps_/www.sali-group.com/uploads/202227152/n202202141436290215653.jpg]
[www.sali-group.comhttps_/www.sali-group.com/uploads/202227152/n202202110915451576187.jpg]
[www.sali-group.comhttps_/www.sali-group.com/uploads/202227152/n202201211047436630244.jpg]
[www.sali-group.comhttps_/www.sali-group.com/uploads/202227152/n202201191521110698948.jpg]
[www.sali-group.comhttps_/www.sali-group.com/uploads/202227152/n202201101505544744267.jpg]
[www.sali-group.comhttps_/www.sali-group.com/uploads/202227152/n202201071647331811673.jpg]
[www.sali-group.comhttps_/www.sali-group.com/uploads/202227152/n202201071008299049557.jpg]
[www.sali-group.comhttps_/www.sali-group.com/uploads/202227152/n202201031601370142051.jpg]
[www.sali-group.comhttps_/www.sali-group.com/uploads/202127152/n202112291451276213388.jpg]
[www.sali-group.comhttps_/www.sali-group.com/uploads/202127152/n202112271429571181789.jpg]
[www.sali-group.comhttps_/www.sali-group.com/uploads/202127152/n202112251050572820288.jpg]
[www.sali-group.comhttps_/www.sali-group.com/uploads/202127152/n202112241349296793324.jpg]
[www.sali-group.comhttps_/www.sali-group.com/uploads/202127152/n202112221349065268635.jpg]
[www.sali-group.comhttps_/www.sali-group.com/uploads/202127152/n202112201446357987615.jpg]
[www.sali-group.comhttps_/www.sali-group.com/uploads/202027152/n202011060941480360826.jpg]
[www.sali-group.comhttps_/www.sali-group.com/uploads/202027152/n202011060939281076591.jpg]
[www.sali-group.comhttps_/www.sali-group.com/uploads/202027152/n202011060937453275020.jpg]
[www.sali-group.comhttps_/www.sali-group.com/uploads/202027152/n202011060936445515595.jpg]
[www.sali-group.comhttps_/www.sali-group.com/uploads/202027152/n202011060935473708537.jpg]
[www.sali-group.comhttps_/www.sali-group.com/uploads/202027152/n202011060944477532287.jpg]
[www.sali-group.comhttps_/www.sali-group.com/uploads/202027152/n202011060933197651581.jpg]
[www.sali-group.comhttps_/www.sali-group.com/uploads/202027152/n202011060933383306894.jpg]
[www.sali-group.comhttps_/www.sali-group.com/uploads/202027152/n202011060930323763609.jpg]
[www.sali-group.comhttps_/www.sali-group.com/uploads/202127152/n202112171458225529383.jpg]
[www.sali-group.comhttps_/www.sali-group.com/uploads/202127152/n202112151117494888885.jpg]
[www.sali-group.comhttps_/www.sali-group.com/uploads/202127152/n202112101357426301112.jpg]
[www.sali-group.comhttps_/www.sali-group.com/uploads/202127152/n202112081028021333021.jpg]
[www.sali-group.comhttps_/www.sali-group.com/uploads/202127152/n202112011500437474415.jpg]
[www.sali-group.comhttps_/www.sali-group.com/uploads/202127152/n202111241432108612731.jpg]
[www.sali-group.comhttps_/www.sali-group.com/uploads/202127152/n202111221437461648096.jpg]
[www.sali-group.comhttps_/www.sali-group.com/uploads/202127152/n202111170937033378124.jpg]
[www.sali-group.comhttps_/www.sali-group.com/uploads/202127152/n202111131539220790982.jpg]
[www.sali-group.comhttps_/www.sali-group.com/uploads/202127152/n202111101411010042069.jpg]
[www.sali-group.comhttps_/www.sali-group.com/uploads/202127152/n202111061347505350828.jpg]
[www.sali-group.comhttps_/www.sali-group.com/uploads/202127152/n202111051340517257733.jpg]
[www.sali-group.comhttps_/www.sali-group.com/uploads/202127152/n202111010956041056750.jpg]
[www.sali-group.comhttps_/www.sali-group.com/uploads/202127152/n202110291547546762687.jpg]
[www.sali-group.comhttps_/www.sali-group.com/uploads/202127152/n202110201403381703043.jpg]
[www.sali-group.comhttps_/www.sali-group.com/uploads/202127152/n202110181342028747665.jpg]
[www.sali-group.comhttps_/www.sali-group.com/uploads/202127152/n202110081409503097414.jpg]
[www.sali-group.comhttps_/www.sali-group.com/uploads/202127152/n202109300932583714496.jpg]
[www.sali-group.comhttps_/www.sali-group.com/uploads/202127152/n202109300930477555594.jpg]
[www.sali-group.comhttps_/www.sali-group.com/uploads/202127152/n202109300922284283283.jpg]
[www.sali-group.comhttps_/www.sali-group.com/uploads/202127152/n202109241358184082423.jpg]
[www.sali-group.comhttps_/www.sali-group.com/uploads/202127152/n202109221453160024547.jpg]
[www.sali-group.comhttps_/www.sali-group.com/uploads/202127152/n202109181058557154892.jpg]
[www.sali-group.comhttps_/www.sali-group.com/uploads/202127152/n202109131551467241610.jpg]
[www.sali-group.comhttps_/www.sali-group.com/uploads/202127152/n202109110934027241926.jpg]
[www.sali-group.comhttps_/www.sali-group.com/uploads/202127152/n202109081603193954378.jpg]
[www.sali-group.comhttps_/www.sali-group.com/uploads/202127152/n202109061651217419945.jpg]
[www.sali-group.comhttps_/www.sali-group.com/uploads/202127152/n202109031555481539897.jpg]
[www.sali-group.comhttps_/www.sali-group.com/uploads/202127152/n202108270949002943452.jpg]
[www.sali-group.comhttps_/www.sali-group.com/uploads/202127152/n202108251449399162267.jpg]
[www.sali-group.comhttps_/www.sali-group.com/uploads/202127152/n202108181627068637121.jpg]
[www.sali-group.comhttps_/www.sali-group.com/uploads/202127152/n202108161102575369925.png]
[www.sali-group.comhttps_/www.sali-group.com/uploads/202127152/n202108091618095200917.jpg]
[www.sali-group.comhttps_/www.sali-group.com/uploads/202127152/n202108071346570427724.jpg]
[www.sali-group.comhttps_/www.sali-group.com/uploads/202127152/n202108061126093226441.jpg]
[www.sali-group.comhttps_/www.sali-group.com/uploads/202127152/n202106081446455437655.jpg]
[www.sali-group.comhttps_/www.sali-group.com/uploads/202127152/n202106071415123730916.jpg]
[www.sali-group.comhttps_/www.sali-group.com/uploads/202127152/n202106021043168596150.jpg]
[www.sali-group.comhttps_/www.sali-group.com/uploads/202027152/n202011261156481949958.png]
[www.sali-group.comhttps_/www.sali-group.com/uploads/202027152/n202011251642340612787.jpg]
[www.sali-group.comhttps_/www.sali-group.com/uploads/202027152/n202011231600419413056.jpg]
[www.sali-group.comhttps_/www.sali-group.com/uploads/202027152/n202011171110248979415.jpg]
[www.sali-group.comhttps_/www.sali-group.com/uploads/202127152/n202111261558429051106.jpg]
[www.sali-group.comhttps_/www.sali-group.com/uploads/202127152/n202111151430394805689.jpg]
[www.sali-group.comhttps_/www.sali-group.com/uploads/202127152/n202112131558433778923.jpg]
[www.sali-group.comhttps_/www.sali-group.com/uploads/202127152/n202112061609506636320.jpg]
[www.sali-group.comhttps_/www.sali-group.com/uploads/202127152/n202112031409453794181.jpg]
[www.sali-group.comhttps_/www.sali-group.com/uploads/202127152/n202111291108370395707.jpg]
[www.sali-group.comhttps_/www.sali-group.com/uploads/202127152/n202111121504200998333.jpg]
[www.sali-group.comhttps_/www.sali-group.com/uploads/202127152/n202111031406038611723.jpg]
[www.sali-group.comhttps_/www.sali-group.com/uploads/202127152/n202110221532038639016.jpg]
[www.sali-group.comhttps_/www.sali-group.com/uploads/202127152/n202110161148326061806.jpg]
[www.sali-group.comhttps_/www.sali-group.com/uploads/202127152/n202109151721366260360.jpg]
[www.sali-group.comhttps_/www.sali-group.com/uploads/202127152/n202109011455422917789.jpg]
[www.sali-group.comhttps_/www.sali-group.com/uploads/202127152/n202108301420207229518.jpg]
[www.sali-group.comhttps_/www.sali-group.com/uploads/202127152/n202108231353456126493.jpg]
[www.sali-group.comhttps_/www.sali-group.com/uploads/202127152/n202108040928485356290.jpg]
[www.sali-group.comhttps_/www.sali-group.com/uploads/202127152/n202107280920582146657.jpg]
[www.sali-group.comhttps_/www.sali-group.com/uploads/202127152/n202107121750173006555.jpg]
[www.sali-group.comhttps_/www.sali-group.com/uploads/202127152/n202107091729283555837.jpg]
[www.sali-group.comhttps_/www.sali-group.com/uploads/202127152/n202106161517476378890.jpg]
[www.sali-group.comhttps_/www.sali-group.com/uploads/202027152/n202011301404536975863.jpg]
[www.sali-group.comhttps_/www.sali-group.com/uploads/202027152/n202011251644542650502.jpg]
[www.sali-group.comhttps_/www.sali-group.com/uploads/202027152/n202011231603016578473.jpg]
[www.sali-group.comhttps_/www.sali-group.com/uploads/202027152/n202011231601547154254.jpg]
[www.sali-group.comhttps_/www.sali-group.com/uploads/202027152/n202011231558510217768.jpg]
[www.sali-group.comhttps_/www.sali-group.com/uploads/202027152/n202011231533410919790.jpg]
[www.sali-group.comhttps_/www.sali-group.com/uploads/202027152/n202011231532198883062.jpg]
[www.sali-group.comhttps_/www.sali-group.com/uploads/202027152/n202011191704362271709.jpg]
[www.sali-group.comhttps_/www.sali-group.com/uploads/202027152/n202011181507525948474.jpg]
[www.sali-group.comhttps_/www.sali-group.com/uploads/202027152/n202011171126433827427.jpg]
[www.sali-group.comhttps_/www.sali-group.com/uploads/202027152/n202011161546282244243.jpg]
[www.sali-group.comhttps_/www.sali-group.com/uploads/202027152/n202011161547171588138.jpg]
[www.sali-group.comhttps_/www.sali-group.com/uploads/202027152/n202011161547366300067.jpg]
[www.sali-group.comhttps_/www.sali-group.com/uploads/202027152/n202011161549224346586.jpg]
[www.sali-group.comhttps_/www.sali-group.com/uploads/202027152/n202011060954039338980.jpg]
[www.sali-group.comhttps_/www.sali-group.com/uploads/202027152/n202011060952262492244.jpg]
[www.sali-group.comhttps_/www.sali-group.com/uploads/202027152/n202011060951430472601.jpg]
[www.sali-group.comhttps_/www.sali-group.com/uploads/202027152/n202011060950443732654.jpg]
[www.sali-group.comhttps_/www.sali-group.com/uploads/202027152/n202011060949192961750.jpg]
[www.sali-group.comhttps_/www.sali-group.com/uploads/202027152/n202011060945140591749.jpg]
[www.sali-group.comhttps_/www.sali-group.com/uploads/202027152/n202011060942559774499.jpg]
[www.sali-group.comhttps_/www.sali-group.com/uploads/202127152/n202112111409507288777.jpg]
[www.sali-group.comhttps_/www.sali-group.com/uploads/202127152/n202110151428529941169.jpg]
[www.sali-group.comhttps_/www.sali-group.com/uploads/202127152/n202109291351030723017.jpg]
[www.sali-group.comhttps_/www.sali-group.com/uploads/202127152/n202106251440146487082.jpg]
[www.sali-group.comhttps_/www.sali-group.com/uploads/202227152/i202202251027270473431.png]
[www.sali-group.comhttps_/www.sali-group.com/uploads/202227152/i202202141434296724072.jpg]
[www.sali-group.comhttps_/www.sali-group.com/uploads/202227152/i202201131701495991113.jpg]
[www.sali-group.comhttps_/www.sali-group.com/uploads/202227152/i202201101510596911751.jpg]
[www.sali-group.comhttps_/www.sali-group.com/uploads/202127152/i202112201448292498979.jpg]
[www.sali-group.comhttps_/www.sali-group.com/uploads/202127152/i202112151354322029438.jpg]
[www.sali-group.comhttps_/www.sali-group.com/uploads/202127152/i202112111520247903968.png]
[www.sali-group.comhttps_/www.sali-group.com/uploads/202127152/i202112101400129371178.jpg]
[www.sali-group.comhttps_/www.sali-group.com/uploads/202127152/i202112081034396139942.jpg]
[www.sali-group.comhttps_/www.sali-group.com/uploads/202127152/i202112061612599106217.jpg]
[www.sali-group.comhttps_/www.sali-group.com/uploads/202127152/i202112031412157283598.jpg]
[www.sali-group.comhttps_/www.sali-group.com/uploads/202127152/i202111291111161374197.jpg]
[www.sali-group.comhttps_/www.sali-group.com/uploads/202127152/i202111241437508026288.jpg]
[www.sali-group.comhttps_/www.sali-group.com/uploads/202127152/i202111221428538490498.jpg]
[www.sali-group.comhttps_/www.sali-group.com/uploads/202127152/i202111170941303434322.jpg]
[www.sali-group.comhttps_/www.sali-group.com/uploads/202127152/i202111131543086017722.jpg]
[www.sali-group.comhttps_/www.sali-group.com/uploads/202127152/i202111121458382678245.jpg]
[www.sali-group.comhttps_/www.sali-group.com/uploads/202127152/i202111061344400496498.jpg]
[www.sali-group.comhttps_/www.sali-group.com/uploads/202127152/i202111051335274396601.jpg]
[www.sali-group.comhttps_/www.sali-group.com/uploads/202127152/i202111031400276109559.jpg]
[www.sali-group.comhttps_/www.sali-group.com/uploads/202127152/i202111011002424183259.jpg]
[www.sali-group.comhttps_/www.sali-group.com/uploads/202127152/i202110291100339715138.jpg]
[www.sali-group.comhttps_/www.sali-group.com/uploads/202127152/i202110221029034342920.jpg]
[www.sali-group.comhttps_/www.sali-group.com/uploads/202127152/i202110180941541368910.jpg]
[www.sali-group.comhttps_/www.sali-group.com/uploads/202127152/i202110161151416072439.jpg]
[www.sali-group.comhttps_/www.sali-group.com/uploads/202127152/i202110151022245440695.jpg]
[www.sali-group.comhttps_/www.sali-group.com/uploads/202127152/i202110131345082597647.jpg]
[www.sali-group.comhttps_/www.sali-group.com/uploads/202127152/i202110091342418021547.png]
[www.sali-group.comhttps_/www.sali-group.com/uploads/202127152/i202109300917329805788.jpg]
[www.sali-group.comhttps_/www.sali-group.com/uploads/202127152/i202109300909442805710.jpg]
[www.sali-group.comhttps_/www.sali-group.com/uploads/202127152/i202109291346575515547.jpg]
[www.sali-group.comhttps_/www.sali-group.com/uploads/202127152/i202109271457022773340.jpg]
[www.sali-group.comhttps_/www.sali-group.com/uploads/202027152/i202011061016122566636.jpg]
[www.sali-group.comhttps_/www.sali-group.com/uploads/202027152/i202011061015213682892.jpg]
[www.sali-group.comhttps_/www.sali-group.com/uploads/202027152/i202011061013301590297.jpg]
[www.sali-group.comhttps_/www.sali-group.com/uploads/202027152/i202011061011343944935.jpg]
[www.sali-group.comhttps_/www.sali-group.com/uploads/202027152/i202011061010576228357.jpg]
[www.sali-group.comhttps_/www.sali-group.com/uploads/202027152/i202011061008278278379.jpg]
[www.sali-group.comhttps_/www.sali-group.com/uploads/202127152/i202108161120245169765.jpg]
[www.sali-group.comhttps_/www.sali-group.com/uploads/202127152/i202108021524542352786.jpg]
[www.sali-group.comhttps_/www.sali-group.com/uploads/202127152/i202107311041095243331.jpg]
[www.sali-group.comhttps_/www.sali-group.com/uploads/202127152/i202107280916531041631.jpg]
[www.sali-group.comhttps_/www.sali-group.com/uploads/202127152/i202107051457152949344.jpg]
[www.sali-group.comhttps_/www.sali-group.com/uploads/202127152/i202107021344191961814.jpg]
[www.sali-group.comhttps_/www.sali-group.com/uploads/202127152/i202107011634244030257.jpg]
[www.sali-group.comhttps_/www.sali-group.com/uploads/202127152/i202106251436402739729.jpg]
[www.sali-group.comhttps_/www.sali-group.com/uploads/202127152/i202106181122563459819.jpg]
[www.sali-group.comhttps_/www.sali-group.com/uploads/202127152/i202106041010105704408.jpg]
[www.sali-group.comhttps_/www.sali-group.com/uploads/202127152/i202106031202024378841.jpg]
[www.sali-group.comhttps_/www.sali-group.com/uploads/202127152/i202105271021469633453.jpg]
[www.sali-group.comhttps_/www.sali-group.com/uploads/202127152/i202104121021308458026.jpg]
[www.sali-group.comhttps_/www.sali-group.com/uploads/202127152/i202103241132376135035.jpg]
[www.sali-group.comhttps_/www.sali-group.com/uploads/202127152/i202103241130363983662.jpg]
[www.sali-group.comhttps_/www.sali-group.com/uploads/202127152/i202103241126420400141.jpg]
[www.sali-group.comhttps_/www.sali-group.com/uploads/202127152/i202103241123485303418.jpg]
[www.sali-group.comhttps_/www.sali-group.com/uploads/202027152/i202011061037302260145.jpg]
[www.sali-group.comhttps_/www.sali-group.com/uploads/202027152/i202011061036051018660.jpg]
[www.sali-group.comhttps_/www.sali-group.com/uploads/202027152/i202011061032308722871.jpg]
[www.sali-group.comhttps_/www.sali-group.com/uploads/202027152/i202011061028296002099.jpg]
[www.sali-group.comhttps_/www.sali-group.com/uploads/202027152/i202011061027196880300.jpg]
[www.sali-group.comhttps_/www.sali-group.com/uploads/202027152/i202011061026287338049.jpg]
[www.sali-group.comhttps_/www.sali-group.com/uploads/202027152/i202011061023170772900.jpg]
[www.sali-group.comhttps_/www.sali-group.com/uploads/202027152/i202011061022341644181.jpg]
[www.sali-group.comhttps_/www.sali-group.com/uploads/202027152/i202011061020468749846.jpg]
[www.sali-group.comhttps_/www.sali-group.com/uploads/202027152/i202011061018096638479.jpg]
[www.sali-group.comhttps_/www.sali-group.com/uploads/202027152/i202011061017372421440.jpg]
[www.sali-group.comhttps_/www.sali-group.com/uploads/202027152/i202011061016470714800.jpg]
[www.sali-group.comhttps_/www.sali-group.com/uploads/202127152/i202109221450511358598.jpg]
[www.sali-group.comhttps_/www.sali-group.com/uploads/202127152/i202109181108013078468.jpg]
[www.sali-group.comhttps_/www.sali-group.com/uploads/202127152/i202109151724382177031.jpg]
[www.sali-group.comhttps_/www.sali-group.com/uploads/202127152/i202109131556065711543.jpg]
[www.sali-group.comhttps_/www.sali-group.com/uploads/202127152/i202109110943203052467.jpg]
[www.sali-group.comhttps_/www.sali-group.com/uploads/202127152/i202109081532587124297.jpg]
[www.sali-group.comhttps_/www.sali-group.com/uploads/202127152/i202108301422548149540.jpg]
[www.sali-group.comhttps_/www.sali-group.com/uploads/202127152/i202108181643542676801.jpg]
[www.sali-group.comhttps_/www.sali-group.com/uploads/202127152/i202108071342534087785.jpg]
[www.sali-group.comhttps_/www.sali-group.com/uploads/202127152/i202108061132131596384.jpg]
[www.sali-group.comhttps_/www.sali-group.com/uploads/202127152/i202108040935230854164.jpg]
[www.sali-group.comhttps_/www.sali-group.com/uploads/202127152/i202107211424486975490.jpg]
[www.sali-group.comhttps_/www.sali-group.com/uploads/202127152/i202107191037015923254.jpg]
[www.sali-group.comhttps_/www.sali-group.com/uploads/202127152/i202107171143351109133.jpg]
[www.sali-group.comhttps_/www.sali-group.com/uploads/202127152/i202107161153280413077.jpg]
[www.sali-group.comhttps_/www.sali-group.com/uploads/202127152/i202107141116227233627.jpg]
[www.sali-group.comhttps_/www.sali-group.com/uploads/202127152/i202107091741143467206.jpg]
[www.sali-group.comhttps_/www.sali-group.com/uploads/202127152/i202106081434465075609.jpg]
[www.sali-group.comhttps_/www.sali-group.com/uploads/202127152/i202105051625164336484.jpg]
[www.sali-group.comhttps_/www.sali-group.com/uploads/202127152/i202104281429260099665.jpg]
[www.sali-group.comhttps_/www.sali-group.com/uploads/202127152/i202104261555313406129.jpg]
[www.sali-group.comhttps_/www.sali-group.com/uploads/202127152/i202104231347440749237.jpg]
[www.sali-group.comhttps_/www.sali-group.com/uploads/202127152/i202104090919568541219.jpg]
[www.sali-group.comhttps_/www.sali-group.com/uploads/202127152/i202104061540108908331.jpg]
[www.sali-group.comhttps_/www.sali-group.com/uploads/202127152/i202104061526254833003.jpg]
[www.sali-group.comhttps_/www.sali-group.com/uploads/202127152/i202109061654297359875.jpg]
[www.sali-group.comhttps_/www.sali-group.com/uploads/202127152/i202106291829316383029.jpg]
[www.sali-group.comhttps_/www.sali-group.com/uploads/202127152/i202106211404394641132.jpg]
[www.sali-group.comhttps_/www.sali-group.com/uploads/202127152/i202106101426520892905.jpg]
[www.sali-group.comhttps_/www.sali-group.com/uploads/202127152/i202106091506415721684.jpg]
[www.sali-group.comhttps_/www.sali-group.com/uploads/202127152/i202106071404475628989.jpg]
[www.sali-group.comhttps_/www.sali-group.com/uploads/202127152/i202105131733267040365.jpg]
[www.sali-group.comhttps_/www.sali-group.com/uploads/202127152/i202105121116228935198.jpg]
[www.sali-group.comhttps_/www.sali-group.com/uploads/202127152/i202105061457013116446.jpg]
[www.sali-group.comhttps_/www.sali-group.com/uploads/202127152/i202103201409424182130.jpg]
[www.sali-group.comhttps_/www.sali-group.com/uploads/202027152/i202011061045101043629.jpg]
[www.sali-group.comhttps_/www.sali-group.com/uploads/202027152/i202011061041420520571.jpg]
[www.sali-group.comhttps_/www.sali-group.com/uploads/202127152/n202108021519313004680.jpg]
[www.sali-group.comhttps_/www.sali-group.com/uploads/202127152/n202107311031471776681.jpg]
[www.sali-group.comhttps_/www.sali-group.com/uploads/202127152/n202107261024255220846.jpg]
[www.sali-group.comhttps_/www.sali-group.com/uploads/202127152/n202107241106003905748.jpg]
[www.sali-group.comhttps_/www.sali-group.com/uploads/202127152/n202107191338218479572.jpg]
[www.sali-group.comhttps_/www.sali-group.com/uploads/202127152/n202107171137410447358.jpg]
[www.sali-group.comhttps_/www.sali-group.com/uploads/202127152/n202107161149009456730.jpg]
[www.sali-group.comhttps_/www.sali-group.com/uploads/202127152/n202107141119367381652.jpg]
[www.sali-group.comhttps_/www.sali-group.com/uploads/202127152/n202107101351374792974.jpg]
[www.sali-group.comhttps_/www.sali-group.com/uploads/202127152/n202107081730182784876.jpg]
[www.sali-group.comhttps_/www.sali-group.com/uploads/202127152/n202107061707484765913.jpg]
[www.sali-group.comhttps_/www.sali-group.com/uploads/202127152/n202107051503463320472.jpg]
[www.sali-group.comhttps_/www.sali-group.com/uploads/202127152/n202107021340581109773.jpg]
[www.sali-group.comhttps_/www.sali-group.com/uploads/202127152/n202107011601128515556.jpg]
[www.sali-group.comhttps_/www.sali-group.com/uploads/202127152/n202106301338499108522.jpg]
[www.sali-group.comhttps_/www.sali-group.com/uploads/202127152/n202106241339467249218.jpg]
[www.sali-group.comhttps_/www.sali-group.com/uploads/202127152/n202106211535303380372.jpg]
[www.sali-group.comhttps_/www.sali-group.com/uploads/202127152/n202106181555490722172.jpg]
[www.sali-group.comhttps_/www.sali-group.com/uploads/202127152/n202106151519087012575.jpg]
[www.sali-group.comhttps_/www.sali-group.com/uploads/202127152/n202106111552160145642.jpg]
[www.sali-group.comhttps_/www.sali-group.com/uploads/202127152/n202106101401102057247.jpg]
[www.sali-group.comhttps_/www.sali-group.com/uploads/202127152/n202106091518159404316.jpg]
[www.sali-group.comhttps_/www.sali-group.com/uploads/202127152/i202109031605375909866.jpg]
[www.sali-group.comhttps_/www.sali-group.com/uploads/202127152/i202108270950154974169.jpg]
[www.sali-group.comhttps_/www.sali-group.com/uploads/202127152/i202108251457118972250.jpg]
[www.sali-group.comhttps_/www.sali-group.com/uploads/202127152/i202108231356061435941.jpg]
[www.sali-group.comhttps_/www.sali-group.com/uploads/202127152/i202107261032065108413.jpg]
[www.sali-group.comhttps_/www.sali-group.com/uploads/202127152/i202106161540163917685.jpg]
[www.sali-group.comhttps_/www.sali-group.com/uploads/202127152/i202106151555088066642.jpg]
